UB,LB,X,Y,Z
-1.1764435591226956,3.492964007115418,-0.1499999999999999,0.0,0.0
-2.5980888381173886,6.5619497423374495,-0.1499999999999999,0.0,0.0085
-146.19889948934997,153.82852124588044,-0.1499999999999999,0.0,0.0169999999999999
-127.46180404918064,136.2299242394271,-0.1499999999999999,0.0,0.0254999999999999
-104.4365109401902,113.90481646803747,-0.1499999999999999,0.0,0.034
-161.9818299232506,172.30466792134956,-0.1499999999999999,0.0,0.0425
-89.56511940451848,100.4898784529304,-0.1499999999999999,0.0,0.051
-128.24405449500543,139.7191885370677,-0.1499999999999999,0.0,0.0594999999999999
-15.786874433672793,27.904427169676573,-0.1499999999999999,0.0,0.068
-29.093950844019552,41.636670498559205,-0.1499999999999999,0.0,0.0764999999999999
-33.701896487057326,46.75695780576628,-0.1499999999999999,0.0,0.085
-34.46107733418928,47.8869929313182,-0.1499999999999999,0.0,0.0935
-28.96316464013327,42.767074587663515,-0.1499999999999999,0.0,0.102
-19.358402556238936,33.63914553018014,-0.1499999999999999,0.0,0.1105
-34.7492040942284,49.44922814561863,-0.1499999999999999,0.0,0.119
-54.795809741422936,70.52082796815452,-0.1499999999999999,0.0,0.1275
-85.79839286403964,105.05972621821294,-0.1499999999999999,0.0,0.136
-93.52312823731472,116.24131691679497,-0.1499999999999999,0.0,0.1445
-51.813215609572445,76.74234679635613,-0.1499999999999999,0.0,0.153
-97.52430798836848,119.53555661851765,-0.1499999999999999,0.0,0.1615
-1.689550179592925,16.321966244855986,-0.1499999999999999,0.0,0.17
-22.006012671449145,27.128420347808056,-0.135,0.0,0.0
0.005718235288272947,0.008274480460938254,-0.135,0.0,0.0085
0.006558882418446801,0.006726461123893309,-0.135,0.0,0.0169999999999999
0.006469249714166363,0.00823827183344441,-0.135,0.0,0.0254999999999999
0.006928861943024589,0.009018623571989548,-0.135,0.0,0.034
0.006617923620901208,0.010443385331266795,-0.135,0.0,0.0425
0.007030392304008514,0.011301011968174728,-0.135,0.0,0.051
0.00755015347006757,0.011605775054220375,-0.135,0.0,0.0594999999999999
0.008116638346955347,0.012008706245419462,-0.135,0.0,0.068
0.008560687871331744,0.012233564885103146,-0.135,0.0,0.0764999999999999
0.009086842929269206,0.012378631166865465,-0.135,0.0,0.085
0.009663908631445188,0.012858527311961685,-0.135,0.0,0.0935
0.010683684603766702,0.01299221968447611,-0.135,0.0,0.102
0.012111220655451872,0.014148005817505728,-0.135,0.0,0.1105
0.014180963830740998,0.015235469316509001,-0.135,0.0,0.119
0.016777676083087063,0.017246373128743137,-0.135,0.0,0.1275
0.0218610445845215,0.022920458740620004,-0.135,0.0,0.136
0.02704716333633194,0.029519142132642978,-0.135,0.0,0.1445
0.0343017815582382,0.03826731030281293,-0.135,0.0,0.153
0.03408859579628871,0.040989172248456114,-0.135,0.0,0.1615
0.019770448030920415,0.030668057653183783,-0.135,0.0,0.17
-89.31081007669779,97.24631361972767,-0.12,0.0,0.0
0.005622717870444981,0.00797220203438682,-0.12,0.0,0.0085
0.006042738139024815,0.006234626556955985,-0.12,0.0,0.0169999999999999
0.005834710291530054,0.007073681262388145,-0.12,0.0,0.0254999999999999
0.006211783868432698,0.007639991145274901,-0.12,0.0,0.034
0.00626263415520102,0.00850622170891758,-0.12,0.0,0.0425
0.006798683582504861,0.009090570667992941,-0.12,0.0,0.051
0.0073565729004846266,0.009285728406096573,-0.12,0.0,0.0594999999999999
0.007924584342607049,0.009597042039887753,-0.12,0.0,0.068
0.008415903562828597,0.009681876846012004,-0.12,0.0,0.0764999999999999
0.008966672060074487,0.009653324368664314,-0.12,0.0,0.085
0.009324931660229881,0.01002070467200992,-0.12,0.0,0.0935
0.009340970033617915,0.010725166448941083,-0.12,0.0,0.102
0.009267697909979618,0.012228943551918583,-0.12,0.0,0.1105
0.009567667371601677,0.013415217696347922,-0.12,0.0,0.119
0.010412188764810482,0.01449754083383072,-0.12,0.0,0.1275
0.013909735696966727,0.017791461121217073,-0.12,0.0,0.136
0.02287881378226435,0.025594077087654654,-0.12,0.0,0.1445
0.04070711990448005,0.05003717752658573,-0.12,0.0,0.153
0.055360800682891995,0.06942298215547861,-0.12,0.0,0.1615
0.040715359694120885,0.05849193687156532,-0.12,0.0,0.17
-795.6391363924682,800.8211052562702,-0.1060660171779821,-0.1060660171779821,0.0
-119.04524333857398,126.49793567025634,-0.1060660171779821,-0.1060660171779821,0.008095238095238
-38.54553129316864,47.06923669751558,-0.1060660171779821,-0.1060660171779821,0.0161904761904762
-61.08824096905466,70.34922342052535,-0.1060660171779821,-0.1060660171779821,0.0242857142857142
3.6813710534555817,6.262802311120467,-0.1060660171779821,-0.1060660171779821,0.0323809523809523
1.4310244340169693,9.391727966547588,-0.1060660171779821,-0.1060660171779821,0.0404761904761904
-5.096074776378803,16.529178237893348,-0.1060660171779821,-0.1060660171779821,0.0485714285714285
-12.82666789441279,24.765517532479446,-0.1060660171779821,-0.1060660171779821,0.0566666666666666
-12.113481867937617,24.620779896415513,-0.1060660171779821,-0.1060660171779821,0.0647619047619047
-11.506000413512478,24.761284115548133,-0.1060660171779821,-0.1060660171779821,0.0728571428571428
-8.953762540746899,22.784045738401787,-0.1060660171779821,-0.1060660171779821,0.0809523809523809
-9.462073040505853,23.82691931486144,-0.1060660171779821,-0.1060660171779821,0.089047619047619
-1.7305207191013174,16.64503800508844,-0.1060660171779821,-0.1060660171779821,0.0971428571428571
4.046609577072992,11.452877861177734,-0.1060660171779821,-0.1060660171779821,0.1052380952380952
4.146143233560733,11.84233936996791,-0.1060660171779821,-0.1060660171779821,0.1133333333333333
0.6272474756724087,16.36175466779802,-0.1060660171779821,-0.1060660171779821,0.1214285714285714
7.452535527993904,11.512445351604919,-0.1060660171779821,-0.1060660171779821,0.1295238095238095
11.020812890726445,12.536141632645437,-0.1060660171779821,-0.1060660171779821,0.1376190476190476
12.140356508725437,14.557185511843068,-0.1060660171779821,-0.1060660171779821,0.1457142857142857
13.385861612106606,14.130722604001658,-0.1060660171779821,-0.1060660171779821,0.1538095238095238
0.5528579371878806,23.57223665205606,-0.1060660171779821,-0.1060660171779821,0.1619047619047619
-148.37003150096828,163.6336779602277,-0.1060660171779821,-0.1060660171779821,0.17
-11243.027499268239,11246.227036202985,-0.1060660171779821,0.1060660171779821,0.0
-0.5204132280476028,4.409828344667686,-0.1060660171779821,0.1060660171779821,0.0089473684210526
-66.9975856790914,76.26479161125465,-0.1060660171779821,0.1060660171779821,0.0178947368421052
-55.56781583055696,65.77016136669002,-0.1060660171779821,0.1060660171779821,0.0268421052631579
5.058656385632046,5.97714215667235,-0.1060660171779821,0.1060660171779821,0.0357894736842105
5.585060411693045,5.9595929896153566,-0.1060660171779821,0.1060660171779821,0.0447368421052631
5.854032343343434,6.300827635642893,-0.1060660171779821,0.1060660171779821,0.0536842105263157
1.5082760023008435,11.16980193451365,-0.1060660171779821,0.1060660171779821,0.0626315789473684
-5.697254018165638,18.728812798069047,-0.1060660171779821,0.1060660171779821,0.071578947368421
-9.991514051699571,23.48561017833593,-0.1060660171779821,0.1060660171779821,0.0805263157894736
-12.339714122677297,26.204074129617464,-0.1060660171779821,0.1060660171779821,0.0894736842105263
-6.5119194538980265,20.90373396372819,-0.1060660171779821,0.1060660171779821,0.0984210526315789
-1.5400834307156561,16.30302694910224,-0.1060660171779821,0.1060660171779821,0.1073684210526315
0.7343596731140725,14.516277399694062,-0.1060660171779821,0.1060660171779821,0.1163157894736842
1.3655896690313103,15.133184694832094,-0.1060660171779821,0.1060660171779821,0.1252631578947368
0.7962880303383812,17.84646201099496,-0.1060660171779821,0.1060660171779821,0.1342105263157895
8.58650394911967,15.384612506178183,-0.1060660171779821,0.1060660171779821,0.1431578947368421
-0.5191567961762118,28.14527663174359,-0.1060660171779821,0.1060660171779821,0.1521052631578947
-18.009584748154992,45.715649590402315,-0.1060660171779821,0.1060660171779821,0.1610526315789473
-60.86003592722778,83.27191151037192,-0.1060660171779821,0.1060660171779821,0.17
-121.35872471891808,129.8145466271762,-0.105,0.0,0.0
0.005730277741161176,0.008931776382789426,-0.105,0.0,0.0085
0.005597664493157933,0.006617294154076867,-0.105,0.0,0.0169999999999999
0.005549819055953457,0.006112501839864543,-0.105,0.0,0.0254999999999999
0.00583511195446207,0.006368553858403929,-0.105,0.0,0.034
0.005978041557361754,0.007041151966601846,-0.105,0.0,0.0425
0.006573397455987049,0.0076111173054667506,-0.105,0.0,0.051
0.007186212570522431,0.00782891587031757,-0.105,0.0,0.0594999999999999
0.007869600973098329,0.008128943392975672,-0.105,0.0,0.068
0.008162676018356067,0.008458502989693133,-0.105,0.0,0.0764999999999999
0.008121074461433583,0.009021482379737817,-0.105,0.0,0.085
0.008149709694528174,0.009535244217807227,-0.105,0.0,0.0935
0.007761078293693374,0.010220833752632026,-0.105,0.0,0.102
0.007383195783744169,0.01086753293593903,-0.105,0.0,0.1105
0.007280297109194407,0.011059992855799393,-0.105,0.0,0.119
0.007305603972637578,0.011171829197575821,-0.105,0.0,0.1275
0.00846193659601303,0.012782917791405168,-0.105,0.0,0.136
0.013536302501012192,0.019362184861545405,-0.105,0.0,0.1445
0.038524277858824126,0.05648784534728447,-0.105,0.0,0.153
0.08375303520719238,0.08751525247925582,-0.105,0.0,0.1615
0.10735190064040313,0.20531103871553041,-0.105,0.0,0.17
-117.79691010136472,127.08446012605788,-0.09596449173246,-0.09596449173246,0.0
0.008404071985565628,0.010463428908842172,-0.09596449173246,-0.09596449173246,0.008095238095238
0.009436371814338908,0.010020738867395292,-0.09596449173246,-0.09596449173246,0.0161904761904762
0.008718380642231738,0.011135017584113862,-0.09596449173246,-0.09596449173246,0.0242857142857142
0.00824246669738243,0.011763163537932778,-0.09596449173246,-0.09596449173246,0.0323809523809523
0.00809711780555727,0.01201074576854993,-0.09596449173246,-0.09596449173246,0.0404761904761904
0.008283814116824282,0.011960532266366319,-0.09596449173246,-0.09596449173246,0.0485714285714285
0.008495394117868824,0.012013716284113555,-0.09596449173246,-0.09596449173246,0.0566666666666666
0.008855292317470235,0.012097884834047567,-0.09596449173246,-0.09596449173246,0.0647619047619047
0.009672063644195464,0.012249519032918365,-0.09596449173246,-0.09596449173246,0.0728571428571428
0.010534122802514985,0.012478494930610193,-0.09596449173246,-0.09596449173246,0.0809523809523809
0.011251612427801644,0.013252225282500156,-0.09596449173246,-0.09596449173246,0.089047619047619
0.012777151785015034,0.013652686089775564,-0.09596449173246,-0.09596449173246,0.0971428571428571
0.0142996448050727,0.015325956071075699,-0.09596449173246,-0.09596449173246,0.1052380952380952
0.015081686747920282,0.01722939923206192,-0.09596449173246,-0.09596449173246,0.1133333333333333
0.016738554802492426,0.018361768123845972,-0.09596449173246,-0.09596449173246,0.1214285714285714
0.018043294238392772,0.020466602864889827,-0.09596449173246,-0.09596449173246,0.1295238095238095
0.02322726573655435,0.02453974831694672,-0.09596449173246,-0.09596449173246,0.1376190476190476
0.028441841392725795,0.031822800575514204,-0.09596449173246,-0.09596449173246,0.1457142857142857
0.03339432725462959,0.039673404895796814,-0.09596449173246,-0.09596449173246,0.1538095238095238
0.035354078337581654,0.04096685288167774,-0.09596449173246,-0.09596449173246,0.1619047619047619
0.02189824459814654,0.023275376122527263,-0.09596449173246,-0.09596449173246,0.17
-14.318933376071106,19.459992123240063,-0.0949011732645103,0.0949011732645103,0.0
0.00718442567729547,0.007211571169154072,-0.0949011732645103,0.0949011732645103,0.0089473684210526
0.007818280837000376,0.008087487678400625,-0.0949011732645103,0.0949011732645103,0.0178947368421052
0.008167725249317168,0.009370615277428232,-0.0949011732645103,0.0949011732645103,0.0268421052631579
0.008531091623525812,0.010298542102978373,-0.0949011732645103,0.0949011732645103,0.0357894736842105
0.008490388161039994,0.010932921012988405,-0.0949011732645103,0.0949011732645103,0.0447368421052631
0.00873370827637163,0.011376031509550969,-0.0949011732645103,0.0949011732645103,0.0536842105263157
0.009161526046248617,0.011641130978142082,-0.0949011732645103,0.0949011732645103,0.0626315789473684
0.009542605482227545,0.011831757871731203,-0.0949011732645103,0.0949011732645103,0.071578947368421
0.010189435970852865,0.012058935337721089,-0.0949011732645103,0.0949011732645103,0.0805263157894736
0.01095656586148751,0.01208891378485969,-0.0949011732645103,0.0949011732645103,0.0894736842105263
0.011896641340470351,0.012557899329132849,-0.0949011732645103,0.0949011732645103,0.0984210526315789
0.012800634797291663,0.013071549358463138,-0.0949011732645103,0.0949011732645103,0.1073684210526315
0.013325826669139972,0.01490146492679563,-0.0949011732645103,0.0949011732645103,0.1163157894736842
0.01432017569069858,0.01684805286428202,-0.0949011732645103,0.0949011732645103,0.1252631578947368
0.01659671627934433,0.01860263990993955,-0.0949011732645103,0.0949011732645103,0.1342105263157895
0.023419598920818768,0.027196094461588383,-0.0949011732645103,0.0949011732645103,0.1431578947368421
0.0340432772324165,0.03830600224644734,-0.0949011732645103,0.0949011732645103,0.1521052631578947
0.04528557958433404,0.0498575898474948,-0.0949011732645103,0.0949011732645103,0.1610526315789473
0.03390638948976087,0.034357669384576704,-0.0949011732645103,0.0949011732645103,0.17
-138.43953909793126,147.32646893851623,-0.0899999999999999,0.0,0.0
0.005928692825754624,0.010592439962110976,-0.0899999999999999,0.0,0.0085
0.005339724624937716,0.007691036099537284,-0.0899999999999999,0.0,0.0169999999999999
0.005362955760520478,0.005978961502311122,-0.0899999999999999,0.0,0.0254999999999999
0.0052742344730206114,0.005742028178026789,-0.0899999999999999,0.0,0.034
0.005317203594505789,0.00588635353813361,-0.0899999999999999,0.0,0.0425
0.005491939143581832,0.006371918230718768,-0.0899999999999999,0.0,0.051
0.00587335273964469,0.00657318182735691,-0.0899999999999999,0.0,0.0594999999999999
0.00629657470221488,0.00688059893744452,-0.0899999999999999,0.0,0.068
0.006644823368235222,0.007003803802553378,-0.0899999999999999,0.0,0.0764999999999999
0.006995147083909936,0.007054720068870265,-0.0899999999999999,0.0,0.085
0.006825522536418493,0.007656529475925708,-0.0899999999999999,0.0,0.0935
0.006512579653788884,0.008216068473445914,-0.0899999999999999,0.0,0.102
0.006568965622939705,0.008361486267037893,-0.0899999999999999,0.0,0.1105
0.006414761847087864,0.008590523360443934,-0.0899999999999999,0.0,0.119
0.006337439250158573,0.008854083661224227,-0.0899999999999999,0.0,0.1275
0.007091707466454093,0.010537251010808105,-0.0899999999999999,0.0,0.136
0.01057694497166302,0.01597715128469738,-0.0899999999999999,0.0,0.1445
0.03463832552736031,0.06380383576160388,-0.0899999999999999,0.0,0.153
0.11912545982494048,0.12158628893178051,-0.0899999999999999,0.0,0.1615
-8521.035828429216,8568.169314863462,-0.0899999999999999,0.0,0.17
-176.6622989888785,187.38726750456624,-0.0858629662869379,-0.0858629662869379,0.0
0.0075686118145583455,0.008949822288228255,-0.0858629662869379,-0.0858629662869379,0.008095238095238
0.007408677408600398,0.008064253645679602,-0.0858629662869379,-0.0858629662869379,0.0161904761904762
0.006764135564022954,0.008432675411543246,-0.0858629662869379,-0.0858629662869379,0.0242857142857142
0.006470150507911853,0.008655609290291747,-0.0858629662869379,-0.0858629662869379,0.0323809523809523
0.0064811554648918895,0.00872828491003191,-0.0858629662869379,-0.0858629662869379,0.0404761904761904
0.0067394983408619255,0.008624977583958075,-0.0858629662869379,-0.0858629662869379,0.0485714285714285
0.0070975844474478154,0.008490657745682185,-0.0858629662869379,-0.0858629662869379,0.0566666666666666
0.007566117670126171,0.008317957191390831,-0.0858629662869379,-0.0858629662869379,0.0647619047619047
0.007893561891158671,0.008531804006866525,-0.0858629662869379,-0.0858629662869379,0.0728571428571428
0.007453628884144205,0.009534320774198995,-0.0858629662869379,-0.0858629662869379,0.0809523809523809
0.007303752993436994,0.010422413365573405,-0.0858629662869379,-0.0858629662869379,0.089047619047619
0.007064098209093439,0.011557631705141961,-0.0858629662869379,-0.0858629662869379,0.0971428571428571
0.00702114462629109,0.012769984729360908,-0.0858629662869379,-0.0858629662869379,0.1052380952380952
0.007159423874410001,0.013099383254911796,-0.0858629662869379,-0.0858629662869379,0.1133333333333333
0.007838020550283892,0.012317647987536307,-0.0858629662869379,-0.0858629662869379,0.1214285714285714
0.007715515675246594,0.012651154005172804,-0.0858629662869379,-0.0858629662869379,0.1295238095238095
0.012348972912042733,0.017843312560900666,-0.0858629662869379,-0.0858629662869379,0.1376190476190476
0.026429706231887937,0.029033094636914267,-0.0858629662869379,-0.0858629662869379,0.1457142857142857
0.04100535210403684,0.04660559816936936,-0.0858629662869379,-0.0858629662869379,0.1538095238095238
0.05160867664268696,0.06609459196166763,-0.0858629662869379,-0.0858629662869379,0.1619047619047619
0.037899048813587854,0.04387127260519115,-0.0858629662869379,-0.0858629662869379,0.17
-65.78652504654396,73.7869182285937,-0.0837363293510385,0.0837363293510385,0.0
0.006602429288228078,0.006832282083795406,-0.0837363293510385,0.0837363293510385,0.0089473684210526
0.0066512594921615655,0.007121508080058435,-0.0837363293510385,0.0837363293510385,0.0178947368421052
0.007314166471842063,0.007663500572817935,-0.0837363293510385,0.0837363293510385,0.0268421052631579
0.0075907383600624,0.008588798833908999,-0.0837363293510385,0.0837363293510385,0.0357894736842105
0.0077973186347462965,0.008966002339001104,-0.0837363293510385,0.0837363293510385,0.0447368421052631
0.008081372352973888,0.009364491006716111,-0.0837363293510385,0.0837363293510385,0.0536842105263157
0.008540924081675125,0.009596326467605073,-0.0837363293510385,0.0837363293510385,0.0626315789473684
0.008969847536876019,0.009677451167237582,-0.0837363293510385,0.0837363293510385,0.071578947368421
0.009551767168574702,0.0097021395814373,-0.0837363293510385,0.0837363293510385,0.0805263157894736
0.009543566380622768,0.010067631181204831,-0.0837363293510385,0.0837363293510385,0.0894736842105263
0.009324118928275497,0.010616345022089302,-0.0837363293510385,0.0837363293510385,0.0984210526315789
0.009024552897520688,0.01098845525755631,-0.0837363293510385,0.0837363293510385,0.1073684210526315
0.00869950918994644,0.011212570251298558,-0.0837363293510385,0.0837363293510385,0.1163157894736842
0.008649769405946015,0.011442798461034583,-0.0837363293510385,0.0837363293510385,0.1252631578947368
0.009520981854084249,0.012257950881022352,-0.0837363293510385,0.0837363293510385,0.1342105263157895
0.014953606374671835,0.021414848208361568,-0.0837363293510385,0.0837363293510385,0.1431578947368421
0.03325646102734465,0.038383170217607156,-0.0837363293510385,0.0837363293510385,0.1521052631578947
0.06575075497399022,0.07262330298993738,-0.0837363293510385,0.0837363293510385,0.1610526315789473
0.07038803452625611,0.0820914720751113,-0.0837363293510385,0.0837363293510385,0.17
-205.98201140798494,216.7687766721478,-0.0757614408414158,-0.0757614408414158,0.0
0.0068496693383181435,0.008590436692001057,-0.0757614408414158,-0.0757614408414158,0.008095238095238
0.006807350522453809,0.0068675678977231916,-0.0757614408414158,-0.0757614408414158,0.0161904761904762
0.006245743584835281,0.00706472750070432,-0.0757614408414158,-0.0757614408414158,0.0242857142857142
0.006083409990062602,0.0072511196374797976,-0.0757614408414158,-0.0757614408414158,0.0323809523809523
0.006242966637335784,0.0073479731240196165,-0.0757614408414158,-0.0757614408414158,0.0404761904761904
0.006565944507503286,0.007261899374739114,-0.0757614408414158,-0.0757614408414158,0.0485714285714285
0.006961483474060722,0.007071727419947677,-0.0757614408414158,-0.0757614408414158,0.0566666666666666
0.006837516516172041,0.007335977185450359,-0.0757614408414158,-0.0757614408414158,0.0647619047619047
0.006400086469974916,0.007846010441484284,-0.0757614408414158,-0.0757614408414158,0.0728571428571428
0.00597714069684982,0.00824460408983938,-0.0757614408414158,-0.0757614408414158,0.0809523809523809
0.005745646452513804,0.008402960125621195,-0.0757614408414158,-0.0757614408414158,0.089047619047619
0.005432257619766937,0.008604879200426463,-0.0757614408414158,-0.0757614408414158,0.0971428571428571
0.0051879553608434985,0.008630814270652501,-0.0757614408414158,-0.0757614408414158,0.1052380952380952
0.005039163337311631,0.008535456877697169,-0.0757614408414158,-0.0757614408414158,0.1133333333333333
0.005060994635056043,0.008218338742795157,-0.0757614408414158,-0.0757614408414158,0.1214285714285714
0.005573907951308898,0.0077464007550807025,-0.0757614408414158,-0.0757614408414158,0.1295238095238095
0.006518596136867531,0.01203701604628987,-0.0757614408414158,-0.0757614408414158,0.1376190476190476
0.014691997133427226,0.025781304094333775,-0.0757614408414158,-0.0757614408414158,0.1457142857142857
0.0478752256437225,0.04935753776308931,-0.0757614408414158,-0.0757614408414158,0.1538095238095238
0.06369886714596251,0.09523895557907489,-0.0757614408414158,-0.0757614408414158,0.1619047619047619
0.1041359250478763,0.1440711314536639,-0.0757614408414158,-0.0757614408414158,0.17
-203.63861165501964,212.58322158540346,-0.0749999999999999,0.0,0.0
0.005996607798246418,0.011704880690308981,-0.0749999999999999,0.0,0.0085
0.005265239659612686,0.008202205596533514,-0.0749999999999999,0.0,0.0169999999999999
0.005012935099561849,0.0065223241755627505,-0.0749999999999999,0.0,0.0254999999999999
0.005048184727140733,0.005818360863160667,-0.0749999999999999,0.0,0.034
0.00519483067246587,0.00527974108343973,-0.0749999999999999,0.0,0.0425
0.005037456701875334,0.005175403329925866,-0.0749999999999999,0.0,0.051
0.004850561718928398,0.005287773295493201,-0.0749999999999999,0.0,0.0594999999999999
0.004677801778789906,0.005443215000660093,-0.0749999999999999,0.0,0.068
0.004614903125781649,0.005537315764053351,-0.0749999999999999,0.0,0.0764999999999999
0.00465946499569915,0.00556522786744865,-0.0749999999999999,0.0,0.085
0.004864346675113054,0.005523889541167346,-0.0749999999999999,0.0,0.0935
0.005161075578048397,0.005422364297849603,-0.0749999999999999,0.0,0.102
0.00531528212052861,0.00573836481940379,-0.0749999999999999,0.0,0.1105
0.005354674655152366,0.006365547547833234,-0.0749999999999999,0.0,0.119
0.005926736535828345,0.006926508273758455,-0.0749999999999999,0.0,0.1275
0.006812294686778214,0.009272424810052984,-0.0749999999999999,0.0,0.136
0.00962768913908365,0.01444742399753875,-0.0749999999999999,0.0,0.1445
0.034286900260178846,0.07291305297736135,-0.0749999999999999,0.0,0.153
0.16925617868931533,0.17209371168988966,-0.0749999999999999,0.0,0.1615
-81.41232083905209,142.6051039220609,-0.0749999999999999,0.0,0.17
-85.01396162223442,93.39169153876456,-0.0725714854375667,0.0725714854375667,0.0
0.006433330885411432,0.0072673658801005675,-0.0725714854375667,0.0725714854375667,0.0089473684210526
0.005827657612199899,0.006758677314894101,-0.0725714854375667,0.0725714854375667,0.0178947368421052
0.006314075840103213,0.0068330585229219865,-0.0725714854375667,0.0725714854375667,0.0268421052631579
0.007110767767296685,0.007185303355036315,-0.0725714854375667,0.0725714854375667,0.0357894736842105
0.00745144687754557,0.0075681507476216305,-0.0725714854375667,0.0725714854375667,0.0447368421052631
0.007675965970444241,0.008113311013321361,-0.0725714854375667,0.0725714854375667,0.0536842105263157
0.00793586526188594,0.008449974504341259,-0.0725714854375667,0.0725714854375667,0.0626315789473684
0.008125526310416574,0.008577779907168426,-0.0725714854375667,0.0725714854375667,0.071578947368421
0.008324537902751993,0.008618341473341408,-0.0725714854375667,0.0725714854375667,0.0805263157894736
0.008469583047974055,0.008522683814588546,-0.0725714854375667,0.0725714854375667,0.0894736842105263
0.008288502465632284,0.008639541784469516,-0.0725714854375667,0.0725714854375667,0.0984210526315789
0.008003026164033596,0.008788868059663404,-0.0725714854375667,0.0725714854375667,0.1073684210526315
0.007674595704254848,0.008911076107435752,-0.0725714854375667,0.0725714854375667,0.1163157894736842
0.007476616153583843,0.009167926426014156,-0.0725714854375667,0.0725714854375667,0.1252631578947368
0.007679270173196002,0.010013405638077798,-0.0725714854375667,0.0725714854375667,0.1342105263157895
0.01053643099197649,0.01714060451374011,-0.0725714854375667,0.0725714854375667,0.1431578947368421
0.026010571074085283,0.03589951916380512,-0.0725714854375667,0.0725714854375667,0.1521052631578947
0.08614716241279681,0.09743703512989259,-0.0725714854375667,0.0725714854375667,0.1610526315789473
0.16527960994261132,0.2737379139088495,-0.0725714854375667,0.0725714854375667,0.17
-136.3050018921229,146.64840416903058,-0.0656599153958936,-0.0656599153958937,0.0
0.006245609138893185,0.008518189155374814,-0.0656599153958936,-0.0656599153958937,0.008095238095238
0.00595978490115696,0.00647600613887244,-0.0656599153958936,-0.0656599153958937,0.0161904761904762
0.005947050354268754,0.006064961373858646,-0.0656599153958936,-0.0656599153958937,0.0242857142857142
0.005862171974717543,0.006237082173381856,-0.0656599153958936,-0.0656599153958937,0.0323809523809523
0.006042349859531266,0.006377178472816533,-0.0656599153958936,-0.0656599153958937,0.0404761904761904
0.0062652718526034325,0.006389837832537967,-0.0656599153958936,-0.0656599153958937,0.0485714285714285
0.006286235191318204,0.006535757276891796,-0.0656599153958936,-0.0656599153958937,0.0566666666666666
0.006103392954552302,0.0067802138817576975,-0.0656599153958936,-0.0656599153958937,0.0647619047619047
0.005815381469113372,0.006981951849622228,-0.0656599153958936,-0.0656599153958937,0.0728571428571428
0.005614643443739854,0.006999846891104747,-0.0656599153958936,-0.0656599153958937,0.0809523809523809
0.005272358999927062,0.007076056893154337,-0.0656599153958936,-0.0656599153958937,0.089047619047619
0.004975917727794979,0.0070405260842888225,-0.0656599153958936,-0.0656599153958937,0.0971428571428571
0.00465925814157455,0.006857818726554849,-0.0656599153958936,-0.0656599153958937,0.1052380952380952
0.004441655042710312,0.0067213979707664885,-0.0656599153958936,-0.0656599153958937,0.1133333333333333
0.0043396377717873635,0.0065934774211660364,-0.0656599153958936,-0.0656599153958937,0.1214285714285714
0.004585765264379723,0.006539110468732276,-0.0656599153958936,-0.0656599153958937,0.1295238095238095
0.005815557822029743,0.009279333958863257,-0.0656599153958936,-0.0656599153958937,0.1376190476190476
0.010874043972061063,0.020523228002826334,-0.0656599153958936,-0.0656599153958937,0.1457142857142857
0.03756621019955049,0.06525182174317071,-0.0656599153958936,-0.0656599153958937,0.1538095238095238
0.10132109979964604,0.11932073507366975,-0.0656599153958936,-0.0656599153958937,0.1619047619047619
-171226.5002928986,171311.98916152163,-0.0656599153958936,-0.0656599153958937,0.17
-74.28110604687022,83.05166769210801,-0.0614066415240949,0.0614066415240949,0.0
0.007201813869353825,0.008535808340318354,-0.0614066415240949,0.0614066415240949,0.0089473684210526
0.006326394542008462,0.0068372884179371375,-0.0614066415240949,0.0614066415240949,0.0178947368421052
0.005724339036822753,0.0067921485791974465,-0.0614066415240949,0.0614066415240949,0.0268421052631579
0.005977057323846282,0.006513091933198318,-0.0614066415240949,0.0614066415240949,0.0357894736842105
0.006358660068958701,0.0063764172560301,-0.0614066415240949,0.0614066415240949,0.0447368421052631
0.006306867757013484,0.006763421976382114,-0.0614066415240949,0.0614066415240949,0.0536842105263157
0.006184896088799943,0.007069494404256855,-0.0614066415240949,0.0614066415240949,0.0626315789473684
0.006043189893798612,0.007229451838791388,-0.0614066415240949,0.0614066415240949,0.071578947368421
0.00589916517136427,0.00727608074342153,-0.0614066415240949,0.0614066415240949,0.0805263157894736
0.005802106916876366,0.007254170819931434,-0.0614066415240949,0.0614066415240949,0.0894736842105263
0.005776683125672652,0.0071690322313045455,-0.0614066415240949,0.0614066415240949,0.0984210526315789
0.005944092424171408,0.007039974892272791,-0.0614066415240949,0.0614066415240949,0.1073684210526315
0.006414849456769244,0.006876170332801156,-0.0614066415240949,0.0614066415240949,0.1163157894736842
0.006849219872215109,0.0072797235942218905,-0.0614066415240949,0.0614066415240949,0.1252631578947368
0.0070655208331296595,0.008645803010344939,-0.0614066415240949,0.0614066415240949,0.1342105263157895
0.00892905928610955,0.01508473917056505,-0.0614066415240949,0.0614066415240949,0.1431578947368421
0.02093902971036892,0.03759752153401328,-0.0614066415240949,0.0614066415240949,0.1521052631578947
0.11233708358793143,0.15786223068951838,-0.0614066415240949,0.0614066415240949,0.1610526315789473
-36201.84730958701,36253.91167878979,-0.0614066415240949,0.0614066415240949,0.17
-125.27261683958339,133.9141643126368,-0.0599999999999999,0.0,0.0
0.006080182428754248,0.012536680301829951,-0.0599999999999999,0.0,0.0085
0.0049768629570143014,0.008548608111242698,-0.0599999999999999,0.0,0.0169999999999999
0.004835309315034625,0.006389250748839575,-0.0599999999999999,0.0,0.0254999999999999
0.004770281823361572,0.005734200084016028,-0.0599999999999999,0.0,0.034
0.004757661710411843,0.005343552239094356,-0.0599999999999999,0.0,0.0425
0.004759496660487707,0.004999675691269893,-0.0599999999999999,0.0,0.051
0.004689837442214874,0.0048501497993091265,-0.0599999999999999,0.0,0.0594999999999999
0.004509628043778441,0.0047375239922353585,-0.0599999999999999,0.0,0.068
0.004276258881020599,0.004747255027880401,-0.0599999999999999,0.0,0.0764999999999999
0.004040503455674536,0.004748307753018664,-0.0599999999999999,0.0,0.085
0.0037291543604009935,0.004747606853702206,-0.0599999999999999,0.0,0.0935
0.003643397429636333,0.004796388231936066,-0.0599999999999999,0.0,0.102
0.004761568451417147,0.005063691318881053,-0.0599999999999999,0.0,0.1105
0.005503201580285276,0.006811581013918724,-0.0599999999999999,0.0,0.119
0.006002100532572198,0.009147595506083402,-0.0599999999999999,0.0,0.1275
0.007787840893100289,0.011467838962276912,-0.0599999999999999,0.0,0.136
0.009887402011920716,0.015902539048016882,-0.0599999999999999,0.0,0.1445
0.03122151853564791,0.07280328228855928,-0.0599999999999999,0.0,0.153
0.23628349351771308,0.24486524562118453,-0.0599999999999999,0.0,0.1615
-403.0489293533322,486.79760480327883,-0.0599999999999999,0.0,0.17
-167.88115481231216,178.07487818344168,-0.0555583899503715,-0.0555583899503716,0.0
0.005703399470277629,0.008736846613979572,-0.0555583899503715,-0.0555583899503716,0.008095238095238
0.005268345568768884,0.006230471050737316,-0.0555583899503715,-0.0555583899503716,0.0161904761904762
0.005300741460075874,0.005684505497004125,-0.0555583899503715,-0.0555583899503716,0.0242857142857142
0.005427563748074257,0.005626012421022541,-0.0555583899503715,-0.0555583899503716,0.0323809523809523
0.005550574390992998,0.005757159111274802,-0.0555583899503715,-0.0555583899503716,0.0404761904761904
0.005579772220004593,0.005865396291587208,-0.0555583899503715,-0.0555583899503716,0.0485714285714285
0.00556881179920265,0.00590836040982755,-0.0555583899503715,-0.0555583899503716,0.0566666666666666
0.00544780451124803,0.005935925143533771,-0.0555583899503715,-0.0555583899503716,0.0647619047619047
0.005307178155524164,0.005770996549165436,-0.0555583899503715,-0.0555583899503716,0.0728571428571428
0.005024067845615375,0.005719940261635026,-0.0555583899503715,-0.0555583899503716,0.0809523809523809
0.004797636564844395,0.005559007990743404,-0.0555583899503715,-0.0555583899503716,0.089047619047619
0.004518807312476861,0.005423865046533139,-0.0555583899503715,-0.0555583899503716,0.0971428571428571
0.004203443441853638,0.005189817846017162,-0.0555583899503715,-0.0555583899503716,0.1052380952380952
0.004003666407499447,0.005054146158433354,-0.0555583899503715,-0.0555583899503716,0.1133333333333333
0.00394941063431943,0.00501041097823197,-0.0555583899503715,-0.0555583899503716,0.1214285714285714
0.004221009982684869,0.005277973482075931,-0.0555583899503715,-0.0555583899503716,0.1295238095238095
0.005290257300148842,0.007888518698610358,-0.0555583899503715,-0.0555583899503716,0.1376190476190476
0.009135995127386103,0.017969658208706496,-0.0555583899503715,-0.0555583899503716,0.1457142857142857
0.03937920177482949,0.07100357379815811,-0.0555583899503715,-0.0555583899503716,0.1538095238095238
0.14493337972671352,0.16344817206618825,-0.0555583899503715,-0.0555583899503716,0.1619047619047619
-86924.24193775936,86979.23017416563,-0.0555583899503715,-0.0555583899503716,0.17
-69.75970218622271,77.8850163498241,-0.0502417976106231,0.0502417976106231,0.0
0.008348510080611882,0.00956704069586932,-0.0502417976106231,0.0502417976106231,0.0089473684210526
0.007292235420110892,0.007900095989564909,-0.0502417976106231,0.0502417976106231,0.0178947368421052
0.006745461141651846,0.007522577674151354,-0.0502417976106231,0.0502417976106231,0.0268421052631579
0.006469474144548885,0.007168233243139715,-0.0502417976106231,0.0502417976106231,0.0357894736842105
0.006442878916639923,0.006965427932852878,-0.0502417976106231,0.0502417976106231,0.0447368421052631
0.006525391105714387,0.006699346902922013,-0.0502417976106231,0.0502417976106231,0.0536842105263157
0.0063499761853706,0.0066957632309405995,-0.0502417976106231,0.0502417976106231,0.0626315789473684
0.006174419994306156,0.006700357719650844,-0.0502417976106231,0.0502417976106231,0.071578947368421
0.005879050703039484,0.006734336552703317,-0.0502417976106231,0.0502417976106231,0.0805263157894736
0.005649129274254776,0.006778971109707623,-0.0502417976106231,0.0502417976106231,0.0894736842105263
0.005606778794037228,0.006691428184817171,-0.0502417976106231,0.0502417976106231,0.0984210526315789
0.005824587981358662,0.006581347546352739,-0.0502417976106231,0.0502417976106231,0.1073684210526315
0.006482747952658324,0.006544755678112076,-0.0502417976106231,0.0502417976106231,0.1163157894736842
0.006751590725471685,0.007598183384309914,-0.0502417976106231,0.0502417976106231,0.1252631578947368
0.007086470124662181,0.009011249549134615,-0.0502417976106231,0.0502417976106231,0.1342105263157895
0.008649509818211576,0.014697362020648823,-0.0502417976106231,0.0502417976106231,0.1431578947368421
0.020141594648559236,0.03660377318805476,-0.0502417976106231,0.0502417976106231,0.1521052631578947
0.15626237429676557,0.2107065871806836,-0.0502417976106231,0.0502417976106231,0.1610526315789473
-222.21559606597498,288.59611533580136,-0.0502417976106231,0.0502417976106231,0.17
-209.71201037600574,219.7596299255234,-0.0454568645048494,-0.0454568645048494,0.0
0.005312955962743242,0.00968193246035733,-0.0454568645048494,-0.0454568645048494,0.008095238095238
0.004819796799216679,0.006283006900935921,-0.0454568645048494,-0.0454568645048494,0.0161904761904762
0.00479182900872034,0.00546189036793086,-0.0454568645048494,-0.0454568645048494,0.0242857142857142
0.004880399998244888,0.005289785094959311,-0.0454568645048494,-0.0454568645048494,0.0323809523809523
0.0049538621477777855,0.005335207537789014,-0.0454568645048494,-0.0454568645048494,0.0404761904761904
0.004971792289284663,0.005372839572213335,-0.0454568645048494,-0.0454568645048494,0.0485714285714285
0.0049418826366445885,0.005365353090620612,-0.0454568645048494,-0.0454568645048494,0.0566666666666666
0.004869672178685067,0.005290702964021933,-0.0454568645048494,-0.0454568645048494,0.0647619047619047
0.0047332179505570155,0.005085802273355985,-0.0454568645048494,-0.0454568645048494,0.0728571428571428
0.0045576975347006,0.0049561453474234,-0.0454568645048494,-0.0454568645048494,0.0809523809523809
0.004400729130418103,0.004811900760542096,-0.0454568645048494,-0.0454568645048494,0.089047619047619
0.004215374042659756,0.004676210416983645,-0.0454568645048494,-0.0454568645048494,0.0971428571428571
0.004009301450209189,0.00437447084174441,-0.0454568645048494,-0.0454568645048494,0.1052380952380952
0.0038952382244772554,0.004038939166882544,-0.0454568645048494,-0.0454568645048494,0.1133333333333333
0.003771932036650677,0.0038460309166015233,-0.0454568645048494,-0.0454568645048494,0.1214285714285714
0.004093568351205942,0.004359215991182459,-0.0454568645048494,-0.0454568645048494,0.1295238095238095
0.005600114263550137,0.007437278989017662,-0.0454568645048494,-0.0454568645048494,0.1376190476190476
0.009048861152762303,0.016087820286854897,-0.0454568645048494,-0.0454568645048494,0.1457142857142857
0.04216703877565086,0.0730149810044855,-0.0454568645048494,-0.0454568645048494,0.1538095238095238
0.20119819344505177,0.2271312205401448,-0.0454568645048494,-0.0454568645048494,0.1619047619047619
-175526.45604506452,175597.37484402515,-0.0454568645048494,-0.0454568645048494,0.17
-15.490508603528955,22.193440285050084,-0.0449999999999999,0.0,0.0
0.00663034805952125,0.01239981027614415,-0.0449999999999999,0.0,0.0085
0.005741730078979343,0.008960303202148058,-0.0449999999999999,0.0,0.0169999999999999
0.0053033876525756555,0.007560363288200345,-0.0449999999999999,0.0,0.0254999999999999
0.005119497241577299,0.006722936582782901,-0.0449999999999999,0.0,0.034
0.004924462228163347,0.006296115496746453,-0.0449999999999999,0.0,0.0425
0.004813074336233073,0.005832922758433527,-0.0449999999999999,0.0,0.051
0.004864615126052525,0.0052594113914998745,-0.0449999999999999,0.0,0.0594999999999999
0.004765435813437405,0.004809575611959794,-0.0449999999999999,0.0,0.068
0.004042380296171755,0.004970135810328245,-0.0449999999999999,0.0,0.0764999999999999
0.0033796703463656146,0.005183318045756186,-0.0449999999999999,0.0,0.085
0.002857532722687507,0.005333722262767694,-0.0449999999999999,0.0,0.0935
0.0034812285358211074,0.005625656695262693,-0.0449999999999999,0.0,0.102
0.006529047410265254,0.009096973978837746,-0.0449999999999999,0.0,0.1105
0.009091168289881713,0.013822446846792489,-0.0449999999999999,0.0,0.119
0.010119530298187131,0.017172307640224063,-0.0449999999999999,0.0,0.1275
0.011615592861866302,0.0208357358001069,-0.0449999999999999,0.0,0.136
0.014286348383774506,0.026208337134340096,-0.0449999999999999,0.0,0.1445
0.027746919612932394,0.0543791159494508,-0.0449999999999999,0.0,0.153
0.26449206329642416,0.35100262497569323,-0.0449999999999999,0.0,0.1615
-930584.1655240101,930783.4062698612,-0.0449999999999999,0.0,0.17
-121.61515171851636,130.76599787142456,-0.0390769536971513,0.0390769536971513,0.0
0.009736846262881564,0.013197639647632434,-0.0390769536971513,0.0390769536971513,0.0089473684210526
0.008435082021952202,0.011197721453390997,-0.0390769536971513,0.0390769536971513,0.0178947368421052
0.007873570388341461,0.01057721848875494,-0.0390769536971513,0.0390769536971513,0.0268421052631579
0.007547198213081625,0.010019384607801376,-0.0390769536971513,0.0390769536971513,0.0357894736842105
0.0074396369751807785,0.009726642808863817,-0.0390769536971513,0.0390769536971513,0.0447368421052631
0.007425161119576698,0.009411927629481502,-0.0390769536971513,0.0390769536971513,0.0536842105263157
0.007468742039033434,0.00915802443998257,-0.0390769536971513,0.0390769536971513,0.0626315789473684
0.007504775096566716,0.009024398687214883,-0.0390769536971513,0.0390769536971513,0.071578947368421
0.007525209933100699,0.008962844162987902,-0.0390769536971513,0.0390769536971513,0.0805263157894736
0.007539436431516738,0.00901216955583646,-0.0390769536971513,0.0390769536971513,0.0894736842105263
0.007563766830098373,0.009270020200387427,-0.0390769536971513,0.0390769536971513,0.0984210526315789
0.007648480654663992,0.009656748859422207,-0.0390769536971513,0.0390769536971513,0.1073684210526315
0.007915070900713386,0.010531001119126814,-0.0390769536971513,0.0390769536971513,0.1163157894736842
0.008327782664809042,0.011708267814013558,-0.0390769536971513,0.0390769536971513,0.1252631578947368
0.0088236516276982,0.0128179698539822,-0.0390769536971513,0.0390769536971513,0.1342105263157895
0.01010739332455857,0.01642083035995303,-0.0390769536971513,0.0390769536971513,0.1431578947368421
0.0179708950478255,0.0318260898423995,-0.0390769536971513,0.0390769536971513,0.1521052631578947
0.2221750542128499,0.27876345562416294,-0.0390769536971513,0.0390769536971513,0.1610526315789473
5.922108881832571,76.75487969584337,-0.0390769536971513,0.0390769536971513,0.17
-196.99382198600676,206.61148161648975,-0.0353553390593273,-0.0353553390593273,0.0
0.005484050149863964,0.011432120759031836,-0.0353553390593273,-0.0353553390593273,0.008095238095238
0.004583080790346975,0.007096347938330024,-0.0353553390593273,-0.0353553390593273,0.0161904761904762
0.004476113466077763,0.005696782962675637,-0.0353553390593273,-0.0353553390593273,0.0242857142857142
0.0044997572491377365,0.0051471244070722625,-0.0353553390593273,-0.0353553390593273,0.0323809523809523
0.004536080757069766,0.0048754204633278345,-0.0353553390593273,-0.0353553390593273,0.0404761904761904
0.0045463431033371604,0.00478067573065944,-0.0353553390593273,-0.0353553390593273,0.0485714285714285
0.004531358434022269,0.004709458535419731,-0.0353553390593273,-0.0353553390593273,0.0566666666666666
0.004544762063353312,0.004581203186218887,-0.0353553390593273,-0.0353553390593273,0.0647619047619047
0.004437890645011931,0.00447556772153287,-0.0353553390593273,-0.0353553390593273,0.0728571428571428
0.004349012261651557,0.004363169225789642,-0.0353553390593273,-0.0353553390593273,0.0809523809523809
0.004197600186398961,0.00429955623854384,-0.0353553390593273,-0.0353553390593273,0.089047619047619
0.004022494058254649,0.004216215246962951,-0.0353553390593273,-0.0353553390593273,0.0971428571428571
0.0036470011132616383,0.004120150149034161,-0.0353553390593273,-0.0353553390593273,0.1052380952380952
0.0030924582239634634,0.004198002440590737,-0.0353553390593273,-0.0353553390593273,0.1133333333333333
0.0028057575729420817,0.004478822979179519,-0.0353553390593273,-0.0353553390593273,0.1214285714285714
0.00514632959066381,0.005566053906647589,-0.0353553390593273,-0.0353553390593273,0.1295238095238095
0.007790545666518956,0.011042094362757245,-0.0353553390593273,-0.0353553390593273,0.1376190476190476
0.010706063485355263,0.017725641062612936,-0.0353553390593273,-0.0353553390593273,0.1457142857142857
0.039619345483272325,0.06494944152359008,-0.0353553390593273,-0.0353553390593273,0.1538095238095238
0.2618462857063581,0.30486661945523835,-0.0353553390593273,-0.0353553390593273,0.1619047619047619
-291333.21683325956,291416.9594295777,-0.0353553390593273,-0.0353553390593273,0.17
-100.2707949692041,103.22028266788473,-0.0299999999999999,0.0,0.0
0.006154748298892649,0.007491020957561837,-0.0299999999999999,0.0,0.0085
0.005528025752623247,0.007583691819369152,-0.0299999999999999,0.0,0.0169999999999999
0.00540596095169659,0.007301131075041809,-0.0299999999999999,0.0,0.0254999999999999
0.005334862450418278,0.006952900710241721,-0.0299999999999999,0.0,0.034
0.005313678102201976,0.006619366073724024,-0.0299999999999999,0.0,0.0425
0.00530244919945367,0.0062364063608215305,-0.0299999999999999,0.0,0.051
0.005434804606726489,0.0057800872157859106,-0.0299999999999999,0.0,0.0594999999999999
0.005070428146134909,0.005908319330771292,-0.0299999999999999,0.0,0.068
0.00386935662499217,0.0070127995675346305,-0.0299999999999999,0.0,0.0764999999999999
0.0032639431172728594,0.007811864187206341,-0.0299999999999999,0.0,0.085
0.0028534654950838696,0.009240639879998529,-0.0299999999999999,0.0,0.0935
0.004165033442508743,0.011573728543296052,-0.0299999999999999,0.0,0.102
0.01633684018315322,0.01790933026213458,-0.0299999999999999,0.0,0.1105
0.02894571469218679,0.0600513594969784,-0.0299999999999999,0.0,0.119
0.042981694615373586,0.10205038311885699,-0.0299999999999999,0.0,0.1275
0.06275203715283427,0.13904505347975055,-0.0299999999999999,0.0,0.136
0.085204605812402,0.16633835472049677,-0.0299999999999999,0.0,0.1445
0.1188656085628957,0.19111920490777107,-0.0299999999999999,0.0,0.153
0.3022566680869132,0.37646933206291,-0.0299999999999999,0.0,0.1615
-2272131.722997994,2272419.528306649,-0.0299999999999999,0.0,0.17
-17.34727890182466,27.66916784601925,-0.0279121097836795,0.0279121097836795,0.0
0.01073142112787843,0.01356608597762037,-0.0279121097836795,0.0279121097836795,0.0089473684210526
0.009759156030868084,0.012127583736364717,-0.0279121097836795,0.0279121097836795,0.0178947368421052
0.009219388416153149,0.011570117440559052,-0.0279121097836795,0.0279121097836795,0.0268421052631579
0.008989784121546196,0.011403965131721405,-0.0279121097836795,0.0279121097836795,0.0357894736842105
0.009057749081540946,0.011320766702043654,-0.0279121097836795,0.0279121097836795,0.0447368421052631
0.008370705694716674,0.012197550662351125,-0.0279121097836795,0.0279121097836795,0.0536842105263157
0.00853464106764067,0.01234389736835773,-0.0279121097836795,0.0279121097836795,0.0626315789473684
0.008723779382853574,0.012557315355274627,-0.0279121097836795,0.0279121097836795,0.071578947368421
0.00897610082039059,0.012911521753371812,-0.0279121097836795,0.0279121097836795,0.0805263157894736
0.009227634261858821,0.013452129674850377,-0.0279121097836795,0.0279121097836795,0.0894736842105263
0.009730976774119675,0.014202681392004724,-0.0279121097836795,0.0279121097836795,0.0984210526315789
0.011406855370728785,0.014413626424253215,-0.0279121097836795,0.0279121097836795,0.1073684210526315
0.012541477084473309,0.016382448217925692,-0.0279121097836795,0.0279121097836795,0.1163157894736842
0.014005995201714926,0.018259458937298075,-0.0279121097836795,0.0279121097836795,0.1252631578947368
0.0158954380312513,0.0209610245512211,-0.0279121097836795,0.0279121097836795,0.1342105263157895
0.01952890526628306,0.025069708612854336,-0.0279121097836795,0.0279121097836795,0.1431578947368421
0.028115023432768466,0.03904280479461414,-0.0279121097836795,0.0279121097836795,0.1521052631578947
0.2242544938044839,0.24902308669799525,-0.0279121097836795,0.0279121097836795,0.1610526315789473
-967597.0991568054,967707.024986725,-0.0279121097836795,0.0279121097836795,0.17
-84.45644736455553,93.24780205132639,-0.0252538136138052,-0.0252538136138052,0.0
0.005885712868526627,0.014989586964748773,-0.0252538136138052,-0.0252538136138052,0.008095238095238
0.004916661823017631,0.01012299395147197,-0.0252538136138052,-0.0252538136138052,0.0161904761904762
0.0046266201609478485,0.007983122672204952,-0.0252538136138052,-0.0252538136138052,0.0242857142857142
0.004584497941793672,0.007015994926179729,-0.0252538136138052,-0.0252538136138052,0.0323809523809523
0.004587519943793862,0.006317417083018538,-0.0252538136138052,-0.0252538136138052,0.0404761904761904
0.004581915967129501,0.005925512114467899,-0.0252538136138052,-0.0252538136138052,0.0485714285714285
0.004574499168088702,0.005521094474425498,-0.0252538136138052,-0.0252538136138052,0.0566666666666666
0.004541446610028294,0.005244104483288906,-0.0252538136138052,-0.0252538136138052,0.0647619047619047
0.004505476349796228,0.0048749109068335714,-0.0252538136138052,-0.0252538136138052,0.0728571428571428
0.004448585503108427,0.004541466453852371,-0.0252538136138052,-0.0252538136138052,0.0809523809523809
0.004122330665419212,0.004346171020498787,-0.0252538136138052,-0.0252538136138052,0.089047619047619
0.003663474499306883,0.0043189771124855164,-0.0252538136138052,-0.0252538136138052,0.0971428571428571
0.0029813207869659347,0.004418908014365266,-0.0252538136138052,-0.0252538136138052,0.1052380952380952
0.0023144599806660835,0.004725834736077716,-0.0252538136138052,-0.0252538136138052,0.1133333333333333
0.0023682530271932753,0.0051216239798781244,-0.0252538136138052,-0.0252538136138052,0.1214285714285714
0.0063073332520320845,0.008401026161514717,-0.0252538136138052,-0.0252538136138052,0.1295238095238095
0.010492772913013223,0.016235387573126175,-0.0252538136138052,-0.0252538136138052,0.1376190476190476
0.013883058287475054,0.023915848215782153,-0.0252538136138052,-0.0252538136138052,0.1457142857142857
0.035960129861839496,0.06500504289329669,-0.0252538136138052,-0.0252538136138052,0.1538095238095238
0.35581586590000214,0.371951018564863,-0.0252538136138052,-0.0252538136138052,0.1619047619047619
-1183317.2053037572,1183542.571945166,-0.0252538136138052,-0.0252538136138052,0.17
-15.10738783079315,25.36062429227922,-0.0167472658702077,0.0167472658702077,0.0
0.011779331429166697,0.013603538299722303,-0.0167472658702077,0.0167472658702077,0.0089473684210526
0.011032747829710551,0.013677062069803849,-0.0167472658702077,0.0167472658702077,0.0178947368421052
0.0100149509477532,0.0152386794028204,-0.0167472658702077,0.0167472658702077,0.0268421052631579
0.01071956492597765,0.01608688516502355,-0.0167472658702077,0.0167472658702077,0.0357894736842105
0.011714899665930902,0.017634866138211497,-0.0167472658702077,0.0167472658702077,0.0447368421052631
0.013461493733117582,0.01947392586882082,-0.0167472658702077,0.0167472658702077,0.0536842105263157
0.016391590680460727,0.022275260914308675,-0.0167472658702077,0.0167472658702077,0.0626315789473684
0.020597656558618716,0.025296971017262884,-0.0167472658702077,0.0167472658702077,0.071578947368421
0.027594014494951746,0.029624327906178256,-0.0167472658702077,0.0167472658702077,0.0805263157894736
0.036298119063200726,0.03902559545098529,-0.0167472658702077,0.0167472658702077,0.0894736842105263
0.04912467222259287,0.052000176709550136,-0.0167472658702077,0.0167472658702077,0.0984210526315789
0.06473883890147544,0.06822643394976236,-0.0167472658702077,0.0167472658702077,0.1073684210526315
0.08405851347484747,0.08886450875376573,-0.0167472658702077,0.0167472658702077,0.1163157894736842
0.10307577578379885,0.10513566366665213,-0.0167472658702077,0.0167472658702077,0.1252631578947368
0.11813879391159784,0.12546536265856456,-0.0167472658702077,0.0167472658702077,0.1342105263157895
0.13819818062949324,0.14566707196695694,-0.0167472658702077,0.0167472658702077,0.1431578947368421
0.16181117082382065,0.18461137241207218,-0.0167472658702077,0.0167472658702077,0.1521052631578947
0.3069514281137771,0.3154042757641787,-0.0167472658702077,0.0167472658702077,0.1610526315789473
-2003016.5250038165,2003184.025363482,-0.0167472658702077,0.0167472658702077,0.17
-59.31443175934342,67.24444766318102,-0.0151522881682831,-0.0151522881682831,0.0
0.005926776733589696,0.014421519346039103,-0.0151522881682831,-0.0151522881682831,0.008095238095238
0.005117546757785765,0.011210640658722432,-0.0151522881682831,-0.0151522881682831,0.0161904761904762
0.004859391982310364,0.009543372772672035,-0.0151522881682831,-0.0151522881682831,0.0242857142857142
0.00486941260686154,0.00862542820614566,-0.0151522881682831,-0.0151522881682831,0.0323809523809523
0.004873948372102902,0.0080079979549543,-0.0151522881682831,-0.0151522881682831,0.0404761904761904
0.005056514615798251,0.007618408660661949,-0.0151522881682831,-0.0151522881682831,0.0485714285714285
0.005274296351886552,0.00748344718323085,-0.0151522881682831,-0.0151522881682831,0.0566666666666666
0.005453134702384123,0.007616238635284076,-0.0151522881682831,-0.0151522881682831,0.0647619047619047
0.005823557873345007,0.007979725940804795,-0.0151522881682831,-0.0151522881682831,0.0728571428571428
0.00598304380641883,0.008770833574460964,-0.0151522881682831,-0.0151522881682831,0.0809523809523809
0.006895426749307397,0.009893013915089403,-0.0151522881682831,-0.0151522881682831,0.089047619047619
0.00803163239423944,0.012362629032958958,-0.0151522881682831,-0.0151522881682831,0.0971428571428571
0.011243530288063278,0.018310986482813325,-0.0151522881682831,-0.0151522881682831,0.1052380952380952
0.01902555727929917,0.027941563806467232,-0.0151522881682831,-0.0151522881682831,0.1133333333333333
0.02971835644159477,0.061752290633558436,-0.0151522881682831,-0.0151522881682831,0.1214285714285714
0.047932043946455144,0.11246336470530024,-0.0151522881682831,-0.0151522881682831,0.1295238095238095
0.07093963519341157,0.19248426602031665,-0.0151522881682831,-0.0151522881682831,0.1376190476190476
0.1241253091521625,0.22287907730876336,-0.0151522881682831,-0.0151522881682831,0.1457142857142857
0.16401278128648533,0.28365476037334125,-0.0151522881682831,-0.0151522881682831,0.1538095238095238
0.40761615276469787,0.4700034745114181,-0.0151522881682831,-0.0151522881682831,0.1619047619047619
-3052831.10288401,3053168.361238008,-0.0151522881682831,-0.0151522881682831,0.17
-327.8297211069292,334.45773450044334,-0.0149999999999999,0.0,0.0
0.008376668263697684,0.016361809325915362,-0.0149999999999999,0.0,0.0085
0.015948875975986855,0.018621876349243345,-0.0149999999999999,0.0,0.0169999999999999
0.024311793088771537,0.05870308751214367,-0.0149999999999999,0.0,0.0254999999999999
0.11458316887440974,0.17616499399384963,-0.0149999999999999,0.0,0.034
0.2389860472517563,0.3595084965149995,-0.0149999999999999,0.0,0.0425
0.3442668148896052,0.5466989931740889,-0.0149999999999999,0.0,0.051
0.41053263486637404,0.6525502622439201,-0.0149999999999999,0.0,0.0594999999999999
0.4621943819039914,0.7011042388433685,-0.0149999999999999,0.0,0.068
0.4935065746431653,0.7268009906875046,-0.0149999999999999,0.0,0.0764999999999999
0.5097659388332462,0.7348383150213366,-0.0149999999999999,0.0,0.085
0.5228569842214366,0.7295620870108275,-0.0149999999999999,0.0,0.0935
0.5275751139080225,0.7170976279132137,-0.0149999999999999,0.0,0.102
0.5267552550049721,0.6983592516725321,-0.0149999999999999,0.0,0.1105
0.521187122161255,0.6755079760833862,-0.0149999999999999,0.0,0.119
0.5151789977750806,0.6492693444087457,-0.0149999999999999,0.0,0.1275
0.5065811326370518,0.6145909237495465,-0.0149999999999999,0.0,0.136
0.4972230511085054,0.5771863925586118,-0.0149999999999999,0.0,0.1445
0.48741021738906937,0.5451518324771183,-0.0149999999999999,0.0,0.153
0.5395089552428652,0.6149334303354906,-0.0149999999999999,0.0,0.1615
-137506368.6659395,137507026.51213175,-0.0149999999999999,0.0,0.17
1.6663279329748317,1.7789305549740917,-0.0055824219567359,0.0055824219567359,0.0
-5.818723022780635,11.319693609372266,-0.0055824219567359,0.0055824219567359,0.0089473684210526
-2.436824933001936,7.118907873240507,-0.0055824219567359,0.0055824219567359,0.0178947368421052
-7.855916703892297,12.068092844816174,-0.0055824219567359,0.0055824219567359,0.0268421052631579
-6.12274366501878,9.931502863242166,-0.0055824219567359,0.0055824219567359,0.0357894736842105
-3.8800294093717076,7.338489493493161,-0.0055824219567359,0.0055824219567359,0.0447368421052631
-2.5272298126817923,5.7134650408364465,-0.0055824219567359,0.0055824219567359,0.0536842105263157
-1.2907054271155003,4.21156557093622,-0.0055824219567359,0.0055824219567359,0.0626315789473684
-0.46248872865763424,3.179920503153994,-0.0055824219567359,0.0055824219567359,0.071578947368421
0.14711134102012435,2.3900370527010195,-0.0055824219567359,0.0055824219567359,0.0805263157894736
0.9405368232258835,1.4399464110502047,-0.0055824219567359,0.0055824219567359,0.0894736842105263
0.9566646605634672,1.2824146203599247,-0.0055824219567359,0.0055824219567359,0.0984210526315789
0.9534587390307143,1.1514706478862027,-0.0055824219567359,0.0055824219567359,0.1073684210526315
0.9267148709576609,1.0457309713898921,-0.0055824219567359,0.0055824219567359,0.1163157894736842
0.8907454887674265,0.9880536246390189,-0.0055824219567359,0.0055824219567359,0.1252631578947368
0.8505511930553027,0.9436744681282156,-0.0055824219567359,0.0055824219567359,0.1342105263157895
0.7998013592868277,0.9050306025158462,-0.0055824219567359,0.0055824219567359,0.1431578947368421
0.74452503853163,0.8350258831261803,-0.0055824219567359,0.0055824219567359,0.1521052631578947
0.6909328845566071,0.7450266483220468,-0.0055824219567359,0.0055824219567359,0.1610526315789473
-143354110.266285,143355343.80003,-0.0055824219567359,0.0055824219567359,0.17
1.0575659614256456,1.2405423001212954,-0.005050762722761,-0.005050762722761,0.0
-7.325733541492557,12.993815487630538,-0.005050762722761,-0.005050762722761,0.008095238095238
-2.7719022316582373,7.578947783453327,-0.005050762722761,-0.005050762722761,0.0161904761904762
-7.673540031049057,11.924642023852673,-0.005050762722761,-0.005050762722761,0.0242857142857142
-9.19336094254103,13.247561483069255,-0.005050762722761,-0.005050762722761,0.0323809523809523
-8.800871803733788,12.72515398145319,-0.005050762722761,-0.005050762722761,0.0404761904761904
-7.368820709868074,11.198408079386109,-0.005050762722761,-0.005050762722761,0.0485714285714285
-5.770453356575173,9.48272167385548,-0.005050762722761,-0.005050762722761,0.0566666666666666
-4.187421743022558,7.755151292925241,-0.005050762722761,-0.005050762722761,0.0647619047619047
-2.7116546117974507,6.046318559686069,-0.005050762722761,-0.005050762722761,0.0728571428571428
-1.6125905961916926,4.737450518617078,-0.005050762722761,-0.005050762722761,0.0809523809523809
-0.7887548849846848,3.6718716847091004,-0.005050762722761,-0.005050762722761,0.089047619047619
-0.19058077346676794,2.8692573397024272,-0.005050762722761,-0.005050762722761,0.0971428571428571
0.896533625587987,1.5632677389495648,-0.005050762722761,-0.005050762722761,0.1052380952380952
0.8788335359271173,1.4093004766089823,-0.005050762722761,-0.005050762722761,0.1133333333333333
0.8591761027432134,1.2420359663108929,-0.005050762722761,-0.005050762722761,0.1214285714285714
0.8306704014161599,1.1135271065117769,-0.005050762722761,-0.005050762722761,0.1295238095238095
0.7976767632650585,0.9721292010173037,-0.005050762722761,-0.005050762722761,0.1376190476190476
0.7630431180292592,0.8680866541449743,-0.005050762722761,-0.005050762722761,0.1457142857142857
0.7236366139028412,0.7554164572217268,-0.005050762722761,-0.005050762722761,0.1538095238095238
0.7228975773385842,0.7554437986947171,-0.005050762722761,-0.005050762722761,0.1619047619047619
-157800.92020059834,158397.10383751083,-0.005050762722761,-0.005050762722761,0.17
-540.2962857987791,542.1540903816538,-4.163336342344337e-17,-0.15,0.0
0.5942400687496538,1.2283154682099462,-4.163336342344337e-17,-0.15,0.008095238095238
-1.2770206300408402,3.400405105126967,-4.163336342344337e-17,-0.15,0.0161904761904762
-3.0241184722263927,6.469947939870053,-4.163336342344337e-17,-0.15,0.0242857142857142
-86.07712672088552,93.71619732895788,-4.163336342344337e-17,-0.15,0.0323809523809523
-128.64054229609465,138.1213468893898,-4.163336342344337e-17,-0.15,0.0404761904761904
-197.90994067442418,208.68134287870257,-4.163336342344337e-17,-0.15,0.0485714285714285
-129.99413417669308,141.9848959844769,-4.163336342344337e-17,-0.15,0.0566666666666666
-32.839185664665195,45.76698294743201,-4.163336342344337e-17,-0.15,0.0647619047619047
1.3416812881000268,12.845466785852983,-4.163336342344337e-17,-0.15,0.0728571428571428
-1.6454850865974544,16.720392909903797,-4.163336342344337e-17,-0.15,0.0809523809523809
-6.8440787559330545,22.715002111437,-4.163336342344337e-17,-0.15,0.089047619047619
-10.701278947966674,27.220426921900366,-4.163336342344337e-17,-0.15,0.0971428571428571
-14.619235713562954,31.735304179054783,-4.163336342344337e-17,-0.15,0.1052380952380952
-10.848782508415345,28.435542045521004,-4.163336342344337e-17,-0.15,0.1133333333333333
-9.073690313514783,27.751259021526543,-4.163336342344337e-17,-0.15,0.1214285714285714
-20.173298308659064,40.99453867303751,-4.163336342344337e-17,-0.15,0.1295238095238095
-110.3785176220328,135.7914933309372,-4.163336342344337e-17,-0.15,0.1376190476190476
-246.83815848488985,275.4741812458859,-4.163336342344337e-17,-0.15,0.1457142857142857
-307.0472984938779,336.90891263257737,-4.163336342344337e-17,-0.15,0.1538095238095238
-704.9983406297363,731.903172899571,-4.163336342344337e-17,-0.15,0.1619047619047619
-75.04528359962377,94.81950077768646,-4.163336342344337e-17,-0.15,0.17
-13.798359172388384,17.382666511339572,-3.766828119263922e-17,-0.1357142857142857,0.0
0.004470053784971475,0.0064923851320123245,-3.766828119263922e-17,-0.1357142857142857,0.008095238095238
0.0059005846392586785,0.007042171203593055,-3.766828119263922e-17,-0.1357142857142857,0.0161904761904762
0.007635754476479949,0.00853096326737905,-3.766828119263922e-17,-0.1357142857142857,0.0242857142857142
0.00864113053375991,0.010579063225794291,-3.766828119263922e-17,-0.1357142857142857,0.0323809523809523
0.009787051748527165,0.011691543888196133,-3.766828119263922e-17,-0.1357142857142857,0.0404761904761904
0.010469019088675474,0.011437879918867326,-3.766828119263922e-17,-0.1357142857142857,0.0485714285714285
0.009774722844017047,0.012289451823578365,-3.766828119263922e-17,-0.1357142857142857,0.0566666666666666
0.010322014641247833,0.012148049482977739,-3.766828119263922e-17,-0.1357142857142857,0.0647619047619047
0.011523843901605588,0.01220262564456221,-3.766828119263922e-17,-0.1357142857142857,0.0728571428571428
0.012421959415412671,0.01281322934488153,-3.766828119263922e-17,-0.1357142857142857,0.0809523809523809
0.012717617634086182,0.014506620979623618,-3.766828119263922e-17,-0.1357142857142857,0.089047619047619
0.0131371077197047,0.0164697420122535,-3.766828119263922e-17,-0.1357142857142857,0.0971428571428571
0.013859632608578754,0.019078989787789644,-3.766828119263922e-17,-0.1357142857142857,0.1052380952380952
0.014676848739653537,0.02027009441948497,-3.766828119263922e-17,-0.1357142857142857,0.1133333333333333
0.016284089866728222,0.019788252832357623,-3.766828119263922e-17,-0.1357142857142857,0.1214285714285714
0.017427979616994608,0.019674806018950917,-3.766828119263922e-17,-0.1357142857142857,0.1295238095238095
0.021500899228417334,0.022752229757331665,-3.766828119263922e-17,-0.1357142857142857,0.1376190476190476
0.026371671253701306,0.030502346325638693,-3.766828119263922e-17,-0.1357142857142857,0.1457142857142857
0.03310117380370435,0.03745693826570044,-3.766828119263922e-17,-0.1357142857142857,0.1538095238095238
0.0369528201179838,0.041352720198784776,-3.766828119263922e-17,-0.1357142857142857,0.1619047619047619
0.023831861122610074,0.026449059814757526,-3.766828119263922e-17,-0.1357142857142857,0.17
-10.341965807678422,14.65507080975061,-3.370319896183512e-17,-0.1214285714285714,0.0
0.005018291211250669,0.006525807844569331,-3.370319896183512e-17,-0.1214285714285714,0.008095238095238
0.005816753312745083,0.005873974446167717,-3.370319896183512e-17,-0.1214285714285714,0.0161904761904762
0.005693419122233983,0.006970795298291817,-3.370319896183512e-17,-0.1214285714285714,0.0242857142857142
0.0057958223346935706,0.00778420887947923,-3.370319896183512e-17,-0.1214285714285714,0.0323809523809523
0.005805337732322233,0.008246754794712766,-3.370319896183512e-17,-0.1214285714285714,0.0404761904761904
0.006023836698644765,0.007815053170179035,-3.370319896183512e-17,-0.1214285714285714,0.0485714285714285
0.006230299696298879,0.00726681482348972,-3.370319896183512e-17,-0.1214285714285714,0.0566666666666666
0.0057337135378447675,0.007606085933561231,-3.370319896183512e-17,-0.1214285714285714,0.0647619047619047
0.005854257150511041,0.007800408252795554,-3.370319896183512e-17,-0.1214285714285714,0.0728571428571428
0.0053392838721578115,0.008953912305634786,-3.370319896183512e-17,-0.1214285714285714,0.0809523809523809
0.005230829467848662,0.010026697833781937,-3.370319896183512e-17,-0.1214285714285714,0.089047619047619
0.005712189686365322,0.010677140272212879,-3.370319896183512e-17,-0.1214285714285714,0.0971428571428571
0.00520241499164092,0.012127345824893079,-3.370319896183512e-17,-0.1214285714285714,0.1052380952380952
0.005296726105429318,0.011697979972838684,-3.370319896183512e-17,-0.1214285714285714,0.1133333333333333
0.006219276901593982,0.009609311766106817,-3.370319896183512e-17,-0.1214285714285714,0.1214285714285714
0.006728271585841193,0.008354238224789999,-3.370319896183512e-17,-0.1214285714285714,0.1295238095238095
0.010834734353262517,0.01234878659375648,-3.370319896183512e-17,-0.1214285714285714,0.1376190476190476
0.020840037326271953,0.027669322827137653,-3.370319896183512e-17,-0.1214285714285714,0.1457142857142857
0.03626375471063839,0.04634545534063281,-3.370319896183512e-17,-0.1214285714285714,0.1538095238095238
0.05110742891660372,0.061581917945953676,-3.370319896183512e-17,-0.1214285714285714,0.1619047619047619
0.0457153661276848,0.0476385488783098,-3.370319896183512e-17,-0.1214285714285714,0.17
-20.210556425791808,25.348921389841998,-2.973811673103097e-17,-0.1071428571428571,0.0
0.005111418294348665,0.006677748242382335,-2.973811673103097e-17,-0.1071428571428571,0.008095238095238
0.005215760572403838,0.005415397806877163,-2.973811673103097e-17,-0.1071428571428571,0.0161904761904762
0.004944752014333854,0.005695483244454546,-2.973811673103097e-17,-0.1071428571428571,0.0242857142857142
0.004672233303409501,0.006164911514057898,-2.973811673103097e-17,-0.1071428571428571,0.0323809523809523
0.004427757800331342,0.006415307465372456,-2.973811673103097e-17,-0.1071428571428571,0.0404761904761904
0.004418545638463505,0.006030541153111296,-2.973811673103097e-17,-0.1071428571428571,0.0485714285714285
0.0045966814773747075,0.005126284577858893,-2.973811673103097e-17,-0.1071428571428571,0.0566666666666666
0.004230108611293674,0.0046257912667267255,-2.973811673103097e-17,-0.1071428571428571,0.0647619047619047
0.003552486871485466,0.004360354567249935,-2.973811673103097e-17,-0.1071428571428571,0.0728571428571428
0.0032962449329831593,0.00426589973890324,-2.973811673103097e-17,-0.1071428571428571,0.0809523809523809
0.0032485280729069744,0.004249965241860825,-2.973811673103097e-17,-0.1071428571428571,0.089047619047619
0.003092293558344713,0.004511415752496287,-2.973811673103097e-17,-0.1071428571428571,0.0971428571428571
0.00292772225718665,0.004893686864747551,-2.973811673103097e-17,-0.1071428571428571,0.1052380952380952
0.002752595864075034,0.005199336163564567,-2.973811673103097e-17,-0.1071428571428571,0.1133333333333333
0.0026878639720945164,0.005353299822666484,-2.973811673103097e-17,-0.1071428571428571,0.1214285714285714
0.0031462619287404136,0.0052237058834341855,-2.973811673103097e-17,-0.1071428571428571,0.1295238095238095
0.004850033677329477,0.008478576521274723,-2.973811673103097e-17,-0.1071428571428571,0.1376190476190476
0.013360237721396058,0.02078697456264194,-2.973811673103097e-17,-0.1071428571428571,0.1457142857142857
0.04260024313682059,0.048596181184290405,-2.973811673103097e-17,-0.1071428571428571,0.1538095238095238
0.05990298574516323,0.09109035253506356,-2.973811673103097e-17,-0.1071428571428571,0.1619047619047619
0.10409519339565172,0.13889567384753265,-2.973811673103097e-17,-0.1071428571428571,0.17
-81.31178319926174,88.34366423057814,-2.5773034500226852e-17,-0.0928571428571428,0.0
0.004940706125914,0.0072164086801796,-2.5773034500226852e-17,-0.0928571428571428,0.008095238095238
0.004857353734769834,0.005281738412386165,-2.5773034500226852e-17,-0.0928571428571428,0.0161904761904762
0.00480537539009643,0.00485721555469637,-2.5773034500226852e-17,-0.0928571428571428,0.0242857142857142
0.004435984563570219,0.005089641852487781,-2.5773034500226852e-17,-0.0928571428571428,0.0323809523809523
0.004021434401617873,0.005305626758803928,-2.5773034500226852e-17,-0.0928571428571428,0.0404761904761904
0.003871675550769467,0.005099245767377533,-2.5773034500226852e-17,-0.0928571428571428,0.0485714285714285
0.0038238488655144335,0.0045653163309131665,-2.5773034500226852e-17,-0.0928571428571428,0.0566666666666666
0.0037723761555728264,0.003908546061259174,-2.5773034500226852e-17,-0.0928571428571428,0.0647619047619047
0.0032337995970040233,0.003659126020405577,-2.5773034500226852e-17,-0.0928571428571428,0.0728571428571428
0.002946394794695695,0.003667516543282305,-2.5773034500226852e-17,-0.0928571428571428,0.0809523809523809
0.0028891006762788475,0.0036602739962027526,-2.5773034500226852e-17,-0.0928571428571428,0.089047619047619
0.002736210348143761,0.003804477829191039,-2.5773034500226852e-17,-0.0928571428571428,0.0971428571428571
0.0026358154895680993,0.003836062346995901,-2.5773034500226852e-17,-0.0928571428571428,0.1052380952380952
0.0025468422807774583,0.003817566516770142,-2.5773034500226852e-17,-0.0928571428571428,0.1133333333333333
0.0026336768999628535,0.0036159536329011467,-2.5773034500226852e-17,-0.0928571428571428,0.1214285714285714
0.0026834213610630532,0.003661904956589947,-2.5773034500226852e-17,-0.0928571428571428,0.1295238095238095
0.0031239638669449806,0.00638871646983922,-2.5773034500226852e-17,-0.0928571428571428,0.1376190476190476
0.008998766319836347,0.017547720489687654,-2.5773034500226852e-17,-0.0928571428571428,0.1457142857142857
0.042547379804718836,0.05447352376965436,-2.5773034500226852e-17,-0.0928571428571428,0.1538095238095238
0.07961901781357217,0.12366441109390464,-2.5773034500226852e-17,-0.0928571428571428,0.1619047619047619
-69515.74615201801,69581.33550237912,-2.5773034500226852e-17,-0.0928571428571428,0.17
-184.11827834330816,192.72541126388907,-2.1807952269422717e-17,-0.0785714285714285,0.0
0.004986669725460139,0.00799506149948846,-2.1807952269422717e-17,-0.0785714285714285,0.008095238095238
0.004538059115143427,0.005573914224951572,-2.1807952269422717e-17,-0.0785714285714285,0.0161904761904762
0.004384599570973978,0.004807970459892622,-2.1807952269422717e-17,-0.0785714285714285,0.0242857142857142
0.004286061815321583,0.004487706838066217,-2.1807952269422717e-17,-0.0785714285714285,0.0323809523809523
0.003927080058134347,0.004546843378691053,-2.1807952269422717e-17,-0.0785714285714285,0.0404761904761904
0.0037834759866091096,0.00445778566222849,-2.1807952269422717e-17,-0.0785714285714285,0.0485714285714285
0.0038719953012814113,0.00405646879880559,-2.1807952269422717e-17,-0.0785714285714285,0.0566666666666666
0.0037144426944890514,0.003824035392450348,-2.1807952269422717e-17,-0.0785714285714285,0.0647619047619047
0.0034866849360753256,0.0035165138448072747,-2.1807952269422717e-17,-0.0785714285714285,0.0728571428571428
0.0030517253251483006,0.0036573676571313,-2.1807952269422717e-17,-0.0785714285714285,0.0809523809523809
0.0029412740212044807,0.003624612369215319,-2.1807952269422717e-17,-0.0785714285714285,0.089047619047619
0.0027497935785545614,0.003769084080040239,-2.1807952269422717e-17,-0.0785714285714285,0.0971428571428571
0.0026812909017416343,0.003791394540718566,-2.1807952269422717e-17,-0.0785714285714285,0.1052380952380952
0.0026771832736313082,0.003758227720570691,-2.1807952269422717e-17,-0.0785714285714285,0.1133333333333333
0.0027256992948048787,0.00367388745313752,-2.1807952269422717e-17,-0.0785714285714285,0.1214285714285714
0.0028508406697688228,0.0035113921631713774,-2.1807952269422717e-17,-0.0785714285714285,0.1295238095238095
0.0030708005222395075,0.004534003077869293,-2.1807952269422717e-17,-0.0785714285714285,0.1376190476190476
0.006078645982324669,0.01464935885843753,-2.1807952269422717e-17,-0.0785714285714285,0.1457142857142857
0.044059252778068145,0.062469324480497856,-2.1807952269422717e-17,-0.0785714285714285,0.1538095238095238
0.10717483209334547,0.1832401099092413,-2.1807952269422717e-17,-0.0785714285714285,0.1619047619047619
-240141.33031167704,240193.70911367153,-2.1807952269422717e-17,-0.0785714285714285,0.17
-190.9049980039203,199.95018771209033,-1.7842870038618585e-17,-0.0642857142857143,0.0
0.00507343540536446,0.00950246646711354,-1.7842870038618585e-17,-0.0642857142857143,0.008095238095238
0.004438259143774898,0.0063132738868857015,-1.7842870038618585e-17,-0.0642857142857143,0.0161904761904762
0.004207208469368309,0.005255315929602291,-1.7842870038618585e-17,-0.0642857142857143,0.0242857142857142
0.004058574512593101,0.004718486648033899,-1.7842870038618585e-17,-0.0642857142857143,0.0323809523809523
0.004001125082017761,0.0042249831888778394,-1.7842870038618585e-17,-0.0642857142857143,0.0404761904761904
0.003975706437530732,0.003986859880510468,-1.7842870038618585e-17,-0.0642857142857143,0.0485714285714285
0.0037353978154387036,0.003994536370385296,-1.7842870038618585e-17,-0.0642857142857143,0.0566666666666666
0.003554333421011031,0.003913874269402969,-1.7842870038618585e-17,-0.0642857142857143,0.0647619047619047
0.0034709382489484662,0.003588602517103134,-1.7842870038618585e-17,-0.0642857142857143,0.0728571428571428
0.003256360909367442,0.003519042302018958,-1.7842870038618585e-17,-0.0642857142857143,0.0809523809523809
0.0031706002535175776,0.0034318063575138223,-1.7842870038618585e-17,-0.0642857142857143,0.089047619047619
0.003012867386112293,0.0035696369687407067,-1.7842870038618585e-17,-0.0642857142857143,0.0971428571428571
0.0029293001335335927,0.003781303560741207,-1.7842870038618585e-17,-0.0642857142857143,0.1052380952380952
0.0029809750075265855,0.0038684034998700146,-1.7842870038618585e-17,-0.0642857142857143,0.1133333333333333
0.0030723564946625623,0.003884285435101238,-1.7842870038618585e-17,-0.0642857142857143,0.1214285714285714
0.003118132318063413,0.0038029083527581875,-1.7842870038618585e-17,-0.0642857142857143,0.1295238095238095
0.0032313838997575237,0.004203132907397676,-1.7842870038618585e-17,-0.0642857142857143,0.1376190476190476
0.0058983362090072565,0.011965845875001345,-1.7842870038618585e-17,-0.0642857142857143,0.1457142857142857
0.04338297067800895,0.07238618286318266,-1.7842870038618585e-17,-0.0642857142857143,0.1538095238095238
0.17987331714014426,0.23960915751106693,-1.7842870038618585e-17,-0.0642857142857143,0.1619047619047619
-344847.6047370359,344915.6915108945,-1.7842870038618585e-17,-0.0642857142857143,0.17
-185.77089576315018,194.69452701136368,-1.3877787807814457e-17,-0.0499999999999999,0.0
0.005303003442298386,0.011631514087129615,-1.3877787807814457e-17,-0.0499999999999999,0.008095238095238
0.0044591077351114165,0.007516669214511183,-1.3877787807814457e-17,-0.0499999999999999,0.0161904761904762
0.0042368031562519705,0.00608126451455023,-1.3877787807814457e-17,-0.0499999999999999,0.0242857142857142
0.004149690132614847,0.005511783815674352,-1.3877787807814457e-17,-0.0499999999999999,0.0323809523809523
0.004099637913401035,0.005025143322747165,-1.3877787807814457e-17,-0.0499999999999999,0.0404761904761904
0.004008147421489871,0.004746612376839128,-1.3877787807814457e-17,-0.0499999999999999,0.0485714285714285
0.0039145775868773105,0.0044791338866820895,-1.3877787807814457e-17,-0.0499999999999999,0.0566666666666666
0.003883618621900212,0.004254732638656987,-1.3877787807814457e-17,-0.0499999999999999,0.0647619047619047
0.003782218296921418,0.004118272333629982,-1.3877787807814457e-17,-0.0499999999999999,0.0728571428571428
0.0036172954669384757,0.004149885569349924,-1.3877787807814457e-17,-0.0499999999999999,0.0809523809523809
0.003563974930006257,0.004162413099128943,-1.3877787807814457e-17,-0.0499999999999999,0.089047619047619
0.0034572957273026296,0.00431662603796537,-1.3877787807814457e-17,-0.0499999999999999,0.0971428571428571
0.003466745269102642,0.004373942088284158,-1.3877787807814457e-17,-0.0499999999999999,0.1052380952380952
0.0034634295472772514,0.004374740683764148,-1.3877787807814457e-17,-0.0499999999999999,0.1133333333333333
0.003442548605280827,0.004222609410596373,-1.3877787807814457e-17,-0.0499999999999999,0.1214285714285714
0.0034471321738717945,0.0038891517482550057,-1.3877787807814457e-17,-0.0499999999999999,0.1295238095238095
0.003934852850497727,0.004503415273442071,-1.3877787807814457e-17,-0.0499999999999999,0.1376190476190476
0.008402107319842367,0.011125298005653629,-1.3877787807814457e-17,-0.0499999999999999,0.1457142857142857
0.04313447153832306,0.08606164010102291,-1.3877787807814457e-17,-0.0499999999999999,0.1538095238095238
0.3124368507605144,0.3317941944483248,-1.3877787807814457e-17,-0.0499999999999999,0.1619047619047619
-637830.4700361678,637912.0355662141,-1.3877787807814457e-17,-0.0499999999999999,0.17
-114.73169958542502,123.16191219891104,-9.912705577010328e-18,-0.0357142857142857,0.0
0.005401030681537145,0.012804188208048656,-9.912705577010328e-18,-0.0357142857142857,0.008095238095238
0.004570578834541293,0.008827560703319307,-9.912705577010328e-18,-0.0357142857142857,0.0161904761904762
0.004369636552280178,0.007414330578926022,-9.912705577010328e-18,-0.0357142857142857,0.0242857142857142
0.004343583864338154,0.006953091293183846,-9.912705577010328e-18,-0.0357142857142857,0.0323809523809523
0.0043483807034368615,0.006668747021091938,-9.912705577010328e-18,-0.0357142857142857,0.0404761904761904
0.004341277936903032,0.006508232258463368,-9.912705577010328e-18,-0.0357142857142857,0.0485714285714285
0.004329715499323682,0.006300546303296518,-9.912705577010328e-18,-0.0357142857142857,0.0566666666666666
0.00429464094668067,0.006137112418184529,-9.912705577010328e-18,-0.0357142857142857,0.0647619047619047
0.004233942405779169,0.0059445085547310305,-9.912705577010328e-18,-0.0357142857142857,0.0728571428571428
0.004145657677954258,0.005777054656991742,-9.912705577010328e-18,-0.0357142857142857,0.0809523809523809
0.004050859270996552,0.0055359966641690475,-9.912705577010328e-18,-0.0357142857142857,0.089047619047619
0.003933417258006166,0.005293588311366234,-9.912705577010328e-18,-0.0357142857142857,0.0971428571428571
0.00389068789173877,0.00484843576145203,-9.912705577010328e-18,-0.0357142857142857,0.1052380952380952
0.0037926734904982326,0.0044702946159811685,-9.912705577010328e-18,-0.0357142857142857,0.1133333333333333
0.0037162859017255655,0.0039875999258602345,-9.912705577010328e-18,-0.0357142857142857,0.1214285714285714
0.0030114176366209315,0.004261129226820068,-9.912705577010328e-18,-0.0357142857142857,0.1295238095238095
0.0052910887449253916,0.005634643133041808,-9.912705577010328e-18,-0.0357142857142857,0.1376190476190476
0.008765783097860073,0.014650708122271528,-9.912705577010328e-18,-0.0357142857142857,0.1457142857142857
0.037119655617689776,0.06239481718890162,-9.912705577010328e-18,-0.0357142857142857,0.1538095238095238
0.38986970724843895,0.43780921482253465,-9.912705577010328e-18,-0.0357142857142857,0.1619047619047619
-4194.907617617921,4300.824196560363,-9.912705577010328e-18,-0.0357142857142857,0.17
-56.71474370291268,64.01346542751996,-5.947623346206193e-18,-0.0214285714285714,0.0
0.006619491672918203,0.012172847889191797,-5.947623346206193e-18,-0.0214285714285714,0.008095238095238
0.00582122180414643,0.00926519640840417,-5.947623346206193e-18,-0.0214285714285714,0.0161904761904762
0.005504472578260726,0.008118780079730674,-5.947623346206193e-18,-0.0214285714285714,0.0242857142857142
0.005186852626353442,0.007804250528829758,-5.947623346206193e-18,-0.0214285714285714,0.0323809523809523
0.0053088196229382914,0.007231337061833108,-5.947623346206193e-18,-0.0214285714285714,0.0404761904761904
0.005372081089081393,0.006897568733625808,-5.947623346206193e-18,-0.0214285714285714,0.0485714285714285
0.005507439660422888,0.006496054423969312,-5.947623346206193e-18,-0.0214285714285714,0.0566666666666666
0.00557418648235423,0.006244895022411369,-5.947623346206193e-18,-0.0214285714285714,0.0647619047619047
0.005752234550657747,0.005886813975455853,-5.947623346206193e-18,-0.0214285714285714,0.0728571428571428
0.00539564853709591,0.00613671746589409,-5.947623346206193e-18,-0.0214285714285714,0.0809523809523809
0.005122532447054283,0.0063352104443593175,-5.947623346206193e-18,-0.0214285714285714,0.089047619047619
0.004601910959659808,0.006814996899812793,-5.947623346206193e-18,-0.0214285714285714,0.0971428571428571
0.0039051298014821313,0.0077214799190284695,-5.947623346206193e-18,-0.0214285714285714,0.1052380952380952
0.003074817760230448,0.009178408270083751,-5.947623346206193e-18,-0.0214285714285714,0.1133333333333333
-0.0009541637666396537,0.015280707448803854,-5.947623346206193e-18,-0.0214285714285714,0.1214285714285714
-0.006290972383819074,0.025775989171813035,-5.947623346206193e-18,-0.0214285714285714,0.1295238095238095
-0.0005893166036813474,0.041311901741300956,-5.947623346206193e-18,-0.0214285714285714,0.1376190476190476
0.015419959947656686,0.06573615038722411,-5.947623346206193e-18,-0.0214285714285714,0.1457142857142857
0.10350711472564866,0.11726307961851193,-5.947623346206193e-18,-0.0214285714285714,0.1538095238095238
0.4451871569475792,0.5013344155514569,-5.947623346206193e-18,-0.0214285714285714,0.1619047619047619
-2033011.8109737267,2033163.461197571,-5.947623346206193e-18,-0.0214285714285714,0.17
0.8372836825891118,1.1517371726611092,-1.9825411154020705e-18,-0.0071428571428571,0.0
-0.7882598791897817,3.5144652276136465,-1.9825411154020705e-18,-0.0071428571428571,0.008095238095238
-4.771723490795047,7.881563556828288,-1.9825411154020705e-18,-0.0071428571428571,0.0161904761904762
-12.361799258516047,16.138059142385153,-1.9825411154020705e-18,-0.0071428571428571,0.0242857142857142
-28.070870253649517,32.57080115097968,-1.9825411154020705e-18,-0.0071428571428571,0.0323809523809523
-23.28580249694099,28.232216739883306,-1.9825411154020705e-18,-0.0071428571428571,0.0404761904761904
-13.672200300204434,18.431080677673993,-1.9825411154020705e-18,-0.0071428571428571,0.0485714285714285
-4.990653167079884,9.162841942029521,-1.9825411154020705e-18,-0.0071428571428571,0.0566666666666666
-1.6670061456028815,5.465974276158842,-1.9825411154020705e-18,-0.0071428571428571,0.0647619047619047
-0.5514145543298525,4.0412199925846854,-1.9825411154020705e-18,-0.0071428571428571,0.0728571428571428
0.09113560494260109,3.1100378710354404,-1.9825411154020705e-18,-0.0071428571428571,0.0809523809523809
0.2542398787726563,2.610945551835604,-1.9825411154020705e-18,-0.0071428571428571,0.089047619047619
0.35090526828823265,2.2856621634746497,-1.9825411154020705e-18,-0.0071428571428571,0.0971428571428571
0.9735491791280974,1.434972018696993,-1.9825411154020705e-18,-0.0071428571428571,0.1052380952380952
0.9397113358559284,1.2900324260994678,-1.9825411154020705e-18,-0.0071428571428571,0.1133333333333333
0.8868498438349313,1.153516327357113,-1.9825411154020705e-18,-0.0071428571428571,0.1214285714285714
0.7834323943683474,1.1021315602501807,-1.9825411154020705e-18,-0.0071428571428571,0.1295238095238095
0.7065823989140366,1.0132423257886196,-1.9825411154020705e-18,-0.0071428571428571,0.1376190476190476
0.6381064973301812,0.9547258878360735,-1.9825411154020705e-18,-0.0071428571428571,0.1457142857142857
0.6077598940714912,0.8567243800785891,-1.9825411154020705e-18,-0.0071428571428571,0.1538095238095238
0.6958514771491523,0.8094479186255515,-1.9825411154020705e-18,-0.0071428571428571,0.1619047619047619
-68567507.75855097,68568096.4976658,-1.9825411154020705e-18,-0.0071428571428571,0.17
0.007606921714047111,0.008071442354372889,0.0,0.0,0.0
0.0073927741331836095,0.00796812708569539,0.0,0.0,0.0085
0.007100714624518473,0.007957997845623328,0.0,0.0,0.0169999999999999
-0.029220110502357507,0.04401231936059542,0.0,0.0,0.0254999999999999
-0.030033651973687053,0.04459860328738098,0.0,0.0,0.034
-0.029636048147709978,0.04403829626851958,0.0,0.0,0.0425
-0.029981828986393382,0.04423560807662398,0.0,0.0,0.051
-0.03072028335412568,0.04486555845954828,0.0,0.0,0.0594999999999999
-0.033572375911499246,0.047696792295466646,0.0,0.0,0.068
-0.03903890801954446,0.053838901018681856,0.0,0.0,0.0764999999999999
-0.040590408000814523,0.05984795738586053,0.0,0.0,0.085
-0.023928158402828897,0.07862726979451509,0.0,0.0,0.0935
0.036586568069149915,0.15716020050064308,0.0,0.0,0.102
0.12318618079871835,0.38888483588292966,0.0,0.0,0.1105
0.11670010021620858,1.0755963322001798,0.0,0.0,0.119
-5.771027512989365,7.6640695506648076,0.0,0.0,0.1275
-2.6291124079725585,4.908109675856176,0.0,0.0,0.136
-0.48360657200882984,2.5790131096674784,0.0,0.0,0.1445
0.7086143328913539,1.0991739855117506,0.0,0.0,0.153
0.7222684761249664,0.9315153005383493,0.0,0.0,0.1615
-196840034.43243885,196841286.74166346,0.0,0.0,0.17
0.8519511060502173,1.1443105125445454,1.9825411154020705e-18,0.0071428571428571,0.0
-0.6199522223393246,3.395333387097039,1.9825411154020705e-18,0.0071428571428571,0.008095238095238
-3.6368190627168904,6.840961849002182,1.9825411154020705e-18,0.0071428571428571,0.0161904761904762
-9.229703039114098,13.134862707800911,1.9825411154020705e-18,0.0071428571428571,0.0242857142857142
-21.654144251062544,26.152771078531675,1.9825411154020705e-18,0.0071428571428571,0.0323809523809523
-13.123438183532262,17.82125104452095,1.9825411154020705e-18,0.0071428571428571,0.0404761904761904
-5.837055862794687,10.246229685492745,1.9825411154020705e-18,0.0071428571428571,0.0485714285714285
-1.0031426791434521,4.872357286067384,1.9825411154020705e-18,0.0071428571428571,0.0566666666666666
0.31687676131379083,3.210503659250364,1.9825411154020705e-18,0.0071428571428571,0.0647619047619047
1.3126685363026716,1.930230540243755,1.9825411154020705e-18,0.0071428571428571,0.0728571428571428
1.252173800437049,1.7701218564383985,1.9825411154020705e-18,0.0071428571428571,0.0809523809523809
1.1458660658058717,1.604640927172135,1.9825411154020705e-18,0.0071428571428571,0.089047619047619
0.5186296415583106,2.0217640171235,1.9825411154020705e-18,0.0071428571428571,0.0971428571428571
0.9911243423245837,1.3595356009094608,1.9825411154020705e-18,0.0071428571428571,0.1052380952380952
0.9793978571814551,1.2371256180528398,1.9825411154020705e-18,0.0071428571428571,0.1133333333333333
0.9517271877040766,1.1227008862675052,1.9825411154020705e-18,0.0071428571428571,0.1214285714285714
0.8882297124925277,1.0768141282883765,1.9825411154020705e-18,0.0071428571428571,0.1295238095238095
0.8802480844148978,0.9777793842272225,1.9825411154020705e-18,0.0071428571428571,0.1376190476190476
0.8444935803685796,0.9136557157950149,1.9825411154020705e-18,0.0071428571428571,0.1457142857142857
0.7251083844673614,0.8596181707336914,1.9825411154020705e-18,0.0071428571428571,0.1538095238095238
0.6814452800134653,0.8358790822782186,1.9825411154020705e-18,0.0071428571428571,0.1619047619047619
-191874693.2139802,191875919.6109171,1.9825411154020705e-18,0.0071428571428571,0.17
-15.231227331281842,24.10624828359117,5.947623346206199e-18,0.0214285714285714,0.0
0.010898598815483058,0.01434930814858551,5.947623346206199e-18,0.0214285714285714,0.008095238095238
0.007552901500802171,0.010489951404783628,5.947623346206199e-18,0.0214285714285714,0.0161904761904762
0.006573725103440578,0.008542710544509821,5.947623346206199e-18,0.0214285714285714,0.0242857142857142
0.006311683739077754,0.007877420432994048,5.947623346206199e-18,0.0214285714285714,0.0323809523809523
0.006357779044546678,0.007750178501661719,5.947623346206199e-18,0.0214285714285714,0.0404761904761904
0.006336574155349787,0.00854950069128841,5.947623346206199e-18,0.0214285714285714,0.0485714285714285
0.006614514509103393,0.010051835731776405,5.947623346206199e-18,0.0214285714285714,0.0566666666666666
0.0070382088479241395,0.011660528205494855,5.947623346206199e-18,0.0214285714285714,0.0647619047619047
0.007766441675012298,0.013829070182252105,5.947623346206199e-18,0.0214285714285714,0.0728571428571428
0.008580529680591968,0.016534553687025232,5.947623346206199e-18,0.0214285714285714,0.0809523809523809
0.00992688685155491,0.02129779104623989,5.947623346206199e-18,0.0214285714285714,0.089047619047619
0.012199065219611014,0.02755475297261499,5.947623346206199e-18,0.0214285714285714,0.0971428571428571
0.018969952503525796,0.0376830273275714,5.947623346206199e-18,0.0214285714285714,0.1052380952380952
0.02931503040935926,0.050996304560040145,5.947623346206199e-18,0.0214285714285714,0.1133333333333333
0.04554537225361503,0.07540120243705578,5.947623346206199e-18,0.0214285714285714,0.1214285714285714
0.06367296202590592,0.10307844799171997,5.947623346206199e-18,0.0214285714285714,0.1295238095238095
0.08602439819206835,0.14725126922085424,5.947623346206199e-18,0.0214285714285714,0.1376190476190476
0.1114540451037334,0.1944889585329106,5.947623346206199e-18,0.0214285714285714,0.1457142857142857
0.15359964631670056,0.2644038201789083,5.947623346206199e-18,0.0214285714285714,0.1538095238095238
0.4086068988476704,0.472648818693944,5.947623346206199e-18,0.0214285714285714,0.1619047619047619
-4566659.47824404,4567006.762226166,5.947623346206199e-18,0.0214285714285714,0.17
3.1700345444433475,7.1011829167901785,9.912705577010328e-18,0.0357142857142857,0.0
0.010148000438460656,0.013603751050010946,9.912705577010328e-18,0.0357142857142857,0.008095238095238
0.0067473281833491695,0.00880130414747903,9.912705577010328e-18,0.0357142857142857,0.0161904761904762
0.006202115608899494,0.006904802807051505,9.912705577010328e-18,0.0357142857142857,0.0242857142857142
0.006093380344160223,0.006381257720474177,9.912705577010328e-18,0.0357142857142857,0.0323809523809523
0.00599976069642426,0.006117150572144341,9.912705577010328e-18,0.0357142857142857,0.0404761904761904
0.0058959319232455235,0.0059523849537732754,9.912705577010328e-18,0.0357142857142857,0.0485714285714285
0.0057176502683018325,0.005820853939273768,9.912705577010328e-18,0.0357142857142857,0.0566666666666666
0.005569516119824037,0.005888139245482363,9.912705577010328e-18,0.0357142857142857,0.0647619047619047
0.005425072518467216,0.006444387511238184,9.912705577010328e-18,0.0357142857142857,0.0728571428571428
0.005346070680309705,0.006967708774759694,9.912705577010328e-18,0.0357142857142857,0.0809523809523809
0.005367222611606837,0.007720340048739363,9.912705577010328e-18,0.0357142857142857,0.089047619047619
0.005425673575729947,0.008450965999556448,9.912705577010328e-18,0.0357142857142857,0.0971428571428571
0.005573091069871245,0.009418631926807947,9.912705577010328e-18,0.0357142857142857,0.1052380952380952
0.005778659566690508,0.010404075958128891,9.912705577010328e-18,0.0357142857142857,0.1133333333333333
0.006076322106890659,0.011753761670025942,9.912705577010328e-18,0.0357142857142857,0.1214285714285714
0.006855650183178554,0.012715184297269245,9.912705577010328e-18,0.0357142857142857,0.1295238095238095
0.007557959054397026,0.015113498344912974,9.912705577010328e-18,0.0357142857142857,0.1376190476190476
0.009292865415803365,0.019496768841615233,9.912705577010328e-18,0.0357142857142857,0.1457142857142857
0.031570668824990225,0.06580257402406597,9.912705577010328e-18,0.0357142857142857,0.1538095238095238
0.36832529740463593,0.38673606326906684,9.912705577010328e-18,0.0357142857142857,0.1619047619047619
-1100.824988257465,1217.9882260202949,9.912705577010328e-18,0.0357142857142857,0.17
3.200329994625198,7.733167505112219,1.3877787807814457e-17,0.05,0.0
0.009080287121341075,0.012449154733830028,1.3877787807814457e-17,0.05,0.008095238095238
0.006852356172520204,0.008091041390154595,1.3877787807814457e-17,0.05,0.0161904761904762
0.006521327426619387,0.006821755537159213,1.3877787807814457e-17,0.05,0.0242857142857142
0.006319668218793679,0.0065449315208589215,1.3877787807814457e-17,0.05,0.0323809523809523
0.006050197105590151,0.006354792140509449,1.3877787807814457e-17,0.05,0.0404761904761904
0.005921401037241956,0.006030493380437044,1.3877787807814457e-17,0.05,0.0485714285714285
0.005627375158073742,0.005735497984745859,1.3877787807814457e-17,0.05,0.0566666666666666
0.005316217908656955,0.005540158958087245,1.3877787807814457e-17,0.05,0.0647619047619047
0.00515943147352766,0.00520911491058234,1.3877787807814457e-17,0.05,0.0728571428571428
0.004996570679358805,0.005096136908381596,1.3877787807814457e-17,0.05,0.0809523809523809
0.004892554315693564,0.0050938123395376355,1.3877787807814457e-17,0.05,0.089047619047619
0.004926595484486212,0.00532125657075899,1.3877787807814457e-17,0.05,0.0971428571428571
0.004978246049213913,0.006194007645265889,1.3877787807814457e-17,0.05,0.1052380952380952
0.0050159524336432625,0.007484498785831137,1.3877787807814457e-17,0.05,0.1133333333333333
0.005250539255243103,0.008911833479717498,1.3877787807814457e-17,0.05,0.1214285714285714
0.005428684487615771,0.00987945718890803,1.3877787807814457e-17,0.05,0.1295238095238095
0.005960861005531615,0.010460479446266789,1.3877787807814457e-17,0.05,0.1376190476190476
0.006911960575930782,0.01245916097659002,1.3877787807814457e-17,0.05,0.1457142857142857
0.03772683401517447,0.06359283088980813,1.3877787807814457e-17,0.05,0.1538095238095238
0.31931347781515773,0.3534837141971615,1.3877787807814457e-17,0.05,0.1619047619047619
-619105.1871451176,619286.0940563163,1.3877787807814457e-17,0.05,0.17
2.0530148894120193,8.990630921453878,1.784287003861859e-17,0.0642857142857142,0.0
0.008346713996004805,0.010326884743340595,1.784287003861859e-17,0.0642857142857142,0.008095238095238
0.006914567498812834,0.0074834075585849666,1.784287003861859e-17,0.0642857142857142,0.0161904761904762
0.006655496061879892,0.006704059397740908,1.784287003861859e-17,0.0642857142857142,0.0242857142857142
0.006275315164429425,0.006564587888420174,1.784287003861859e-17,0.0642857142857142,0.0323809523809523
0.006096839431124812,0.0061209330619939875,1.784287003861859e-17,0.0642857142857142,0.0404761904761904
0.005687382804301036,0.0060048870772493644,1.784287003861859e-17,0.0642857142857142,0.0485714285714285
0.005438513127427102,0.005663496954458899,1.784287003861859e-17,0.0642857142857142,0.0566666666666666
0.005001570272453199,0.005474968665794798,1.784287003861859e-17,0.0642857142857142,0.0647619047619047
0.004517421885353571,0.005204693362008428,1.784287003861859e-17,0.0642857142857142,0.0728571428571428
0.004322132457334487,0.004986071898028511,1.784287003861859e-17,0.0642857142857142,0.0809523809523809
0.0042159650813946995,0.004836453205656501,1.784287003861859e-17,0.0642857142857142,0.089047619047619
0.004260852182862602,0.004679357640703398,1.784287003861859e-17,0.0642857142857142,0.0971428571428571
0.004522008737141607,0.004597372089772792,1.784287003861859e-17,0.0642857142857142,0.1052380952380952
0.004617349102792013,0.005127571107523386,1.784287003861859e-17,0.0642857142857142,0.1133333333333333
0.004683515272446613,0.006110180364380385,1.784287003861859e-17,0.0642857142857142,0.1214285714285714
0.004857256414089567,0.0071137766094418325,1.784287003861859e-17,0.0642857142857142,0.1295238095238095
0.005135410986749391,0.00887221552068641,1.784287003861859e-17,0.0642857142857142,0.1376190476190476
0.0072128929593464,0.0141026885225372,1.784287003861859e-17,0.0642857142857142,0.1457142857142857
0.04469303139824912,0.06724740238368988,1.784287003861859e-17,0.0642857142857142,0.1538095238095238
0.21989931034861582,0.2533515612406836,1.784287003861859e-17,0.0642857142857142,0.1619047619047619
-230521.25769390416,230599.81249845395,1.784287003861859e-17,0.0642857142857142,0.17
-20.61768747869287,31.3296030673698,2.1807952269422717e-17,0.0785714285714285,0.0
0.008045711810143588,0.009015273364623811,2.1807952269422717e-17,0.0785714285714285,0.008095238095238
0.00701825643748092,0.00714618653957488,2.1807952269422717e-17,0.0785714285714285,0.0161904761904762
0.006628890860863695,0.0066743025070547055,2.1807952269422717e-17,0.0785714285714285,0.0242857142857142
0.006397757354394187,0.006422478109050813,2.1807952269422717e-17,0.0785714285714285,0.0323809523809523
0.0061045234390614,0.0062403922737548,2.1807952269422717e-17,0.0785714285714285,0.0404761904761904
0.005873763176593449,0.006138909452537351,2.1807952269422717e-17,0.0785714285714285,0.0485714285714285
0.005684922820812368,0.0059653990559014325,2.1807952269422717e-17,0.0785714285714285,0.0566666666666666
0.005506360683515439,0.005725797527532562,2.1807952269422717e-17,0.0785714285714285,0.0647619047619047
0.005085787994549349,0.0055193782102344515,2.1807952269422717e-17,0.0785714285714285,0.0728571428571428
0.004796970036259255,0.005328244324336144,2.1807952269422717e-17,0.0785714285714285,0.0809523809523809
0.00451115365146541,0.00516235217244179,2.1807952269422717e-17,0.0785714285714285,0.089047619047619
0.004345255316862177,0.004974757838092622,2.1807952269422717e-17,0.0785714285714285,0.0971428571428571
0.004395220545586391,0.004800897378411808,2.1807952269422717e-17,0.0785714285714285,0.1052380952380952
0.004715948269020805,0.004783504898872994,2.1807952269422717e-17,0.0785714285714285,0.1133333333333333
0.004711767258358428,0.005448551669575572,2.1807952269422717e-17,0.0785714285714285,0.1214285714285714
0.00483735012052565,0.006260018824365151,2.1807952269422717e-17,0.0785714285714285,0.1295238095238095
0.005096346664476374,0.008569442927479225,2.1807952269422717e-17,0.0785714285714285,0.1376190476190476
0.00814039684021077,0.01580344458416583,2.1807952269422717e-17,0.0785714285714285,0.1457142857142857
0.048273533253286635,0.06492122965649276,2.1807952269422717e-17,0.0785714285714285,0.1538095238095238
0.15350865625319676,0.19398719093688044,2.1807952269422717e-17,0.0785714285714285,0.1619047619047619
-49.401001054883835,110.30051189213589,2.1807952269422717e-17,0.0785714285714285,0.17
-81.11732453509985,91.23566145607266,2.577303450022685e-17,0.0928571428571428,0.0
0.007994457318399775,0.008212019589697625,2.577303450022685e-17,0.0928571428571428,0.008095238095238
0.007020181766589257,0.007370434999113344,2.577303450022685e-17,0.0928571428571428,0.0161904761904762
0.006588555593049497,0.007157695307727903,2.577303450022685e-17,0.0928571428571428,0.0242857142857142
0.00649477934390527,0.006980261733595131,2.577303450022685e-17,0.0928571428571428,0.0323809523809523
0.006570485375882465,0.006835359530192535,2.577303450022685e-17,0.0928571428571428,0.0404761904761904
0.0066699946122423985,0.006728803793366802,2.577303450022685e-17,0.0928571428571428,0.0485714285714285
0.006532470715314315,0.006790557166058685,2.577303450022685e-17,0.0928571428571428,0.0566666666666666
0.0064152287529227504,0.0067108577584940494,2.577303450022685e-17,0.0928571428571428,0.0647619047619047
0.006239383809077255,0.006416221703036345,2.577303450022685e-17,0.0928571428571428,0.0728571428571428
0.006075067094668289,0.006115940406772711,2.577303450022685e-17,0.0928571428571428,0.0809523809523809
0.005840357673862589,0.005877505039814411,2.577303450022685e-17,0.0928571428571428,0.089047619047619
0.005633714865731069,0.005688447118417332,2.577303450022685e-17,0.0928571428571428,0.0971428571428571
0.005433933798118601,0.005524735891546,2.577303450022685e-17,0.0928571428571428,0.1052380952380952
0.0052409778710749335,0.005624725585559067,2.577303450022685e-17,0.0928571428571428,0.1133333333333333
0.005045675579657958,0.005948125480198643,2.577303450022685e-17,0.0928571428571428,0.1214285714285714
0.005065495160819562,0.006424635393016038,2.577303450022685e-17,0.0928571428571428,0.1295238095238095
0.005386185358779672,0.009018538005172529,2.577303450022685e-17,0.0928571428571428,0.1376190476190476
0.009433848433167007,0.018473020942274994,2.577303450022685e-17,0.0928571428571428,0.1457142857142857
0.04357657418822882,0.06295817205025518,2.577303450022685e-17,0.0928571428571428,0.1538095238095238
0.11713886782368567,0.13574821715132873,2.577303450022685e-17,0.0928571428571428,0.1619047619047619
-89882.19186135057,89977.90948389091,2.577303450022685e-17,0.0928571428571428,0.17
-42.77593361814138,52.163891681702054,2.973811673103098e-17,0.1071428571428571,0.0
0.007954885349532722,0.008562358409110021,2.973811673103098e-17,0.1071428571428571,0.008095238095238
0.007015097505109443,0.008239186297944958,2.973811673103098e-17,0.1071428571428571,0.0161904761904762
0.006747050081105035,0.008158238827178565,2.973811673103098e-17,0.1071428571428571,0.0242857142857142
0.0069010521268756,0.008087781014318,2.973811673103098e-17,0.1071428571428571,0.0323809523809523
0.007344517195412099,0.008034735154578102,2.973811673103098e-17,0.1071428571428571,0.0404761904761904
0.007710224973492023,0.007945008774565368,2.973811673103098e-17,0.1071428571428571,0.0485714285714285
0.007720760978542531,0.008066569327503062,2.973811673103098e-17,0.1071428571428571,0.0566666666666666
0.0075665816193136205,0.008147357387701181,2.973811673103098e-17,0.1071428571428571,0.0647619047619047
0.007332505615356798,0.0079481827990038,2.973811673103098e-17,0.1071428571428571,0.0728571428571428
0.007026380229868075,0.007739219637325526,2.973811673103098e-17,0.1071428571428571,0.0809523809523809
0.006727686326198218,0.007439597681635582,2.973811673103098e-17,0.1071428571428571,0.089047619047619
0.006460332134235378,0.0071095805539266215,2.973811673103098e-17,0.1071428571428571,0.0971428571428571
0.006105330596779961,0.006772281267342839,2.973811673103098e-17,0.1071428571428571,0.1052380952380952
0.0057790094437866705,0.0066963121475905295,2.973811673103098e-17,0.1071428571428571,0.1133333333333333
0.0054348233630732495,0.006817830704968751,2.973811673103098e-17,0.1071428571428571,0.1214285714285714
0.005467599224402631,0.007007585849186368,2.973811673103098e-17,0.1071428571428571,0.1295238095238095
0.0063378321617120915,0.009860184159355108,2.973811673103098e-17,0.1071428571428571,0.1376190476190476
0.012086348081011583,0.022569810159740814,2.973811673103098e-17,0.1071428571428571,0.1457142857142857
0.04500716524418677,0.05997061777866841,2.973811673103098e-17,0.1071428571428571,0.1538095238095238
0.09405482957858166,0.10294396929806734,2.973811673103098e-17,0.1071428571428571,0.1619047619047619
0.13494026250110014,0.24767519228922869,2.973811673103098e-17,0.1071428571428571,0.17
0.9641500216184928,5.458664856280227,3.370319896183512e-17,0.1214285714285714,0.0
0.007947597632503325,0.009607046562700474,3.370319896183512e-17,0.1214285714285714,0.008095238095238
0.007541924091391036,0.009784884159429165,3.370319896183512e-17,0.1214285714285714,0.0161904761904762
0.00773885119338665,0.009931855515422949,3.370319896183512e-17,0.1214285714285714,0.0242857142857142
0.008358588336498116,0.010016974510968479,3.370319896183512e-17,0.1214285714285714,0.0323809523809523
0.009279105272243765,0.010180506860948436,3.370319896183512e-17,0.1214285714285714,0.0404761904761904
0.009970262640598934,0.010195870166359268,3.370319896183512e-17,0.1214285714285714,0.0485714285714285
0.010127875745019681,0.010546654321550919,3.370319896183512e-17,0.1214285714285714,0.0566666666666666
0.010064523406523983,0.010850356920716217,3.370319896183512e-17,0.1214285714285714,0.0647619047619047
0.00975823527052132,0.010976996938189482,3.370319896183512e-17,0.1214285714285714,0.0728571428571428
0.009370744449087403,0.010872784770817396,3.370319896183512e-17,0.1214285714285714,0.0809523809523809
0.008882294566378119,0.01064815313163008,3.370319896183512e-17,0.1214285714285714,0.089047619047619
0.00840223476753985,0.01027479951072035,3.370319896183512e-17,0.1214285714285714,0.0971428571428571
0.007745730444238464,0.009670329076818336,3.370319896183512e-17,0.1214285714285714,0.1052380952380952
0.007221914487315573,0.009286061185956426,3.370319896183512e-17,0.1214285714285714,0.1133333333333333
0.0069208464411737985,0.008967732164454198,3.370319896183512e-17,0.1214285714285714,0.1214285714285714
0.00753363095870531,0.008754187373567287,3.370319896183512e-17,0.1214285714285714,0.1295238095238095
0.009918482218523926,0.013950051666134075,3.370319896183512e-17,0.1214285714285714,0.1376190476190476
0.023948171244558426,0.028574399021235174,3.370319896183512e-17,0.1214285714285714,0.1457142857142857
0.049215478881243585,0.05630126419290342,3.370319896183512e-17,0.1214285714285714,0.1538095238095238
0.07149052829011718,0.07652236914115479,3.370319896183512e-17,0.1214285714285714,0.1619047619047619
0.07316654435735076,0.08208781087471281,3.370319896183512e-17,0.1214285714285714,0.17
-109.20431834305847,111.72569763349608,3.766828119263924e-17,0.1357142857142857,0.0
0.009243768172366454,0.010732930411452145,3.766828119263924e-17,0.1357142857142857,0.008095238095238
0.009681175476067153,0.012407227113066762,3.766828119263924e-17,0.1357142857142857,0.0161904761904762
0.010659531992636348,0.013255972737491899,3.766828119263924e-17,0.1357142857142857,0.0242857142857142
0.012167265087846905,0.013568065335021735,3.766828119263924e-17,0.1357142857142857,0.0323809523809523
0.013783370078614313,0.013857415488348488,3.766828119263924e-17,0.1357142857142857,0.0404761904761904
0.013898502658639117,0.01473063219292504,3.766828119263924e-17,0.1357142857142857,0.0485714285714285
0.014229755857444034,0.01515432015672885,3.766828119263924e-17,0.1357142857142857,0.0566666666666666
0.014633607339289402,0.015411150891052598,3.766828119263924e-17,0.1357142857142857,0.0647619047619047
0.01516047071368283,0.015945026359906377,3.766828119263924e-17,0.1357142857142857,0.0728571428571428
0.0156553817817033,0.016633071759558502,3.766828119263924e-17,0.1357142857142857,0.0809523809523809
0.01601148835750506,0.017868843875545177,3.766828119263924e-17,0.1357142857142857,0.089047619047619
0.016555587266989198,0.019200813769156604,3.766828119263924e-17,0.1357142857142857,0.0971428571428571
0.01698106219494651,0.021101351296901688,3.766828119263924e-17,0.1357142857142857,0.1052380952380952
0.01746633449891611,0.02163761042159429,3.766828119263924e-17,0.1357142857142857,0.1133333333333333
0.018377748618007353,0.021191424027930644,3.766828119263924e-17,0.1357142857142857,0.1214285714285714
0.020050142824031406,0.02098482898516757,3.766828119263924e-17,0.1357142857142857,0.1295238095238095
0.025053830366908062,0.025375983851697936,3.766828119263924e-17,0.1357142857142857,0.1376190476190476
0.033816502251868705,0.03526830753059322,3.766828119263924e-17,0.1357142857142857,0.1457142857142857
0.04538018389597158,0.045781291413849276,3.766828119263924e-17,0.1357142857142857,0.1538095238095238
0.05246124071918517,0.05327618441714543,3.766828119263924e-17,0.1357142857142857,0.1619047619047619
0.04344955029294553,0.047982283763485664,3.766828119263924e-17,0.1357142857142857,0.17
-41.28879878681059,43.624074666063294,4.163336342344337e-17,0.15,0.0
-63.24093280630053,70.73728343898827,4.163336342344337e-17,0.15,0.008095238095238
-55.36364957197143,64.32352224924304,4.163336342344337e-17,0.15,0.0161904761904762
-48.81246412744565,58.824434926157906,4.163336342344337e-17,0.15,0.0242857142857142
-0.4174048595502091,11.414157541186626,4.163336342344337e-17,0.15,0.0323809523809523
-9.72215792117072,21.98547583716116,4.163336342344337e-17,0.15,0.0404761904761904
-22.117592683301872,35.29355777597772,4.163336342344337e-17,0.15,0.0485714285714285
-24.54354372390476,38.63332896884213,4.163336342344337e-17,0.15,0.0566666666666666
-12.189111783755218,27.193845715238503,4.163336342344337e-17,0.15,0.0647619047619047
-1.6872574166700627,17.806696961028855,4.163336342344337e-17,0.15,0.0728571428571428
4.577418764070796,12.258773982275407,4.163336342344337e-17,0.15,0.0809523809523809
2.3319963442130964,15.124565833576895,4.163336342344337e-17,0.15,0.089047619047619
7.12927899207804,10.833801054770708,4.163336342344337e-17,0.15,0.0971428571428571
8.965869654740004,9.453462647539162,4.163336342344337e-17,0.15,0.1052380952380952
9.296860504419328,9.439733005240846,4.163336342344337e-17,0.15,0.1133333333333333
9.6152389346242,9.916968685615467,4.163336342344337e-17,0.15,0.1214285714285714
5.370169351101931,15.813585371255915,4.163336342344337e-17,0.15,0.1295238095238095
-54.54262534907802,80.55750328079638,4.163336342344337e-17,0.15,0.1376190476190476
-140.6242027992762,171.59791461944667,4.163336342344337e-17,0.15,0.1457142857142857
-200.15501047109706,234.55531784680124,4.163336342344337e-17,0.15,0.1538095238095238
-155.03711521582008,190.35983214682008,4.163336342344337e-17,0.15,0.1619047619047619
7.856578105027438,23.34915914243759,4.163336342344337e-17,0.15,0.17
-2.8310362792343984,4.130235634619236,0.005050762722761,0.005050762722761,0.0
-9.752743943501665,15.59037557671765,0.005050762722761,0.005050762722761,0.008095238095238
-4.361882181866267,9.498167861747806,0.005050762722761,0.005050762722761,0.0161904761904762
-11.579191023370772,16.29941818703343,0.005050762722761,0.005050762722761,0.0242857142857142
-12.722331533096737,17.111712420284032,0.005050762722761,0.005050762722761,0.0323809523809523
-8.665508511654624,12.639284389242421,0.005050762722761,0.005050762722761,0.0404761904761904
-5.601850397804068,9.249602176798916,0.005050762722761,0.005050762722761,0.0485714285714285
-3.4456219237720487,6.742842822731628,0.005050762722761,0.005050762722761,0.0566666666666666
-2.2532610999944143,5.292015794463168,0.005050762722761,0.005050762722761,0.0647619047619047
-1.3914174757343234,4.170236552145317,0.005050762722761,0.005050762722761,0.0728571428571428
-0.7762655655893886,3.360116940973746,0.005050762722761,0.005050762722761,0.0809523809523809
-0.2668849025444435,2.657097593422561,0.005050762722761,0.005050762722761,0.089047619047619
0.12060947585642201,2.125655319934067,0.005050762722761,0.005050762722761,0.0971428571428571
0.8199099670897846,1.2733014238718972,0.005050762722761,0.005050762722761,0.1052380952380952
0.8043097298719319,1.1662162339845104,0.005050762722761,0.005050762722761,0.1133333333333333
0.7837473524238439,1.0615055239590985,0.005050762722761,0.005050762722761,0.1214285714285714
0.7564812066243175,0.9930795713728814,0.005050762722761,0.005050762722761,0.1295238095238095
0.7231223344943652,0.918705303762498,0.005050762722761,0.005050762722761,0.1376190476190476
0.6874556379616523,0.8531167981966898,0.005050762722761,0.005050762722761,0.1457142857142857
0.6507630381494397,0.752328227059594,0.005050762722761,0.005050762722761,0.1538095238095238
0.7022758353327371,0.712159376983433,0.005050762722761,0.005050762722761,0.1619047619047619
-150904295.8024224,150904882.53893602,0.005050762722761,0.005050762722761,0.17
1.6500386941998504,1.7751689283358019,0.0055824219567358,-0.0055824219567359,0.0
-8.462947444271506,14.25158712471838,0.0055824219567358,-0.0055824219567359,0.0089473684210526
-5.101984943700828,10.371168090968835,0.0055824219567358,-0.0055824219567359,0.0178947368421052
-14.585228760541051,19.56431271489941,0.0055824219567358,-0.0055824219567359,0.0268421052631579
-12.586281784614751,17.12732093733102,0.0055824219567358,-0.0055824219567359,0.0357894736842105
-8.640463828703835,12.735697034765371,0.0055824219567358,-0.0055824219567359,0.0447368421052631
-5.705912369927014,9.406718171384524,0.0055824219567358,-0.0055824219567359,0.0536842105263157
-3.183904764094052,6.493440542711495,0.0055824219567358,-0.0055824219567359,0.0626315789473684
-1.688913965318672,4.689768984223312,0.0055824219567358,-0.0055824219567359,0.071578947368421
-0.7670328591720579,3.4931802658218225,0.0055824219567358,-0.0055824219567359,0.0805263157894736
-0.15392524336705748,2.6374726359646585,0.0055824219567358,-0.0055824219567359,0.0894736842105263
0.21013353457190076,2.0607014806761934,0.0055824219567358,-0.0055824219567359,0.0984210526315789
0.8308083584505512,1.2593211318551796,0.0055824219567358,-0.0055824219567359,0.1073684210526315
0.8114568238643922,1.0925586077996996,0.0055824219567358,-0.0055824219567359,0.1163157894736842
0.791565889609162,0.9516184767313598,0.0055824219567358,-0.0055824219567359,0.1252631578947368
0.741618321917397,0.8475505832886442,0.0055824219567358,-0.0055824219567359,0.1342105263157895
0.6797879235074835,0.7668481854631379,0.0055824219567358,-0.0055824219567359,0.1431578947368421
0.6230532082252788,0.7056564359505691,0.0055824219567358,-0.0055824219567359,0.1521052631578947
0.6215357328907436,0.6806480090938922,0.0055824219567358,-0.0055824219567359,0.1610526315789473
-232507.83509665937,233069.77477110812,0.0055824219567358,-0.0055824219567359,0.17
-116.43861112796097,123.68522189890871,0.015,0.0,0.0
0.019648643341157145,0.024411899899405856,0.015,0.0,0.0085
0.025159663370581134,0.03404729642398186,0.015,0.0,0.0169999999999999
0.015442318223462884,0.09048263105958372,0.015,0.0,0.0254999999999999
0.0855469126400711,0.14641671955196528,0.015,0.0,0.034
0.18441013339432674,0.22523838695355605,0.015,0.0,0.0425
0.28959743622194145,0.3338956789262374,0.015,0.0,0.051
0.36115029015724553,0.41859208471459797,0.015,0.0,0.0594999999999999
0.40239061956956723,0.4755460139961174,0.015,0.0,0.068
0.4243969064899892,0.5136894784036709,0.015,0.0,0.0764999999999999
0.43558694539830567,0.532373509042275,0.015,0.0,0.085
0.4432367128647227,0.544693025034902,0.015,0.0,0.0935
0.4520984640455688,0.5474484392700573,0.015,0.0,0.102
0.45810176452058743,0.53778189393502,0.015,0.0,0.1105
0.4556513546934819,0.5236469259684134,0.015,0.0,0.119
0.45152042588250557,0.5017865150516101,0.015,0.0,0.1275
0.44086283520441255,0.4717078996177871,0.015,0.0,0.136
0.4269722861099948,0.43936474891932653,0.015,0.0,0.1445
0.4055088568460561,0.4206691301329195,0.015,0.0,0.153
0.49882350683749005,0.5236798191972913,0.015,0.0,0.1615
-23756067.52149691,23756273.13000722,0.015,0.0,0.17
-21.41870966134823,25.883030229227877,0.0151522881682831,0.0151522881682831,0.0
0.01007439067214691,0.014776300845072289,0.0151522881682831,0.0151522881682831,0.008095238095238
0.007711550520950357,0.011872916297015444,0.0151522881682831,0.0151522881682831,0.0161904761904762
0.007730038580884744,0.010610275293878854,0.0151522881682831,0.0151522881682831,0.0242857142857142
0.007010155132996182,0.011916352527610417,0.0151522881682831,0.0151522881682831,0.0323809523809523
0.0075069894177171165,0.013073814984471084,0.0151522881682831,0.0151522881682831,0.0404761904761904
0.008023326298928813,0.014207879485683583,0.0151522881682831,0.0151522881682831,0.0485714285714285
0.008739476819467816,0.016258946998675583,0.0151522881682831,0.0151522881682831,0.0566666666666666
0.009590331838740862,0.018649742431066135,0.0151522881682831,0.0151522881682831,0.0647619047619047
0.011031936274544588,0.022910584191991615,0.0151522881682831,0.0151522881682831,0.0728571428571428
0.013151594779743451,0.028959880106143393,0.0151522881682831,0.0151522881682831,0.0809523809523809
0.022993979126057253,0.03832509392083894,0.0151522881682831,0.0151522881682831,0.089047619047619
0.032916426826110984,0.05977645415425001,0.0151522881682831,0.0151522881682831,0.0971428571428571
0.04865420650354618,0.10169084066247641,0.0151522881682831,0.0151522881682831,0.1052380952380952
0.06495317476673776,0.14512242618535065,0.0151522881682831,0.0151522881682831,0.1133333333333333
0.08030643297420506,0.19911003250955037,0.0151522881682831,0.0151522881682831,0.1214285714285714
0.09397797269842037,0.23716245206117945,0.0151522881682831,0.0151522881682831,0.1295238095238095
0.10804578580296803,0.2700724150197266,0.0151522881682831,0.0151522881682831,0.1376190476190476
0.12369518095944673,0.2877989081088522,0.0151522881682831,0.0151522881682831,0.1457142857142857
0.1514798767644655,0.30288073270060767,0.0151522881682831,0.0151522881682831,0.1538095238095238
0.3279540966253398,0.41202347157941654,0.0151522881682831,0.0151522881682831,0.1619047619047619
-2588934.837204617,2589101.061192769,0.0151522881682831,0.0151522881682831,0.17
-10.230861214584234,15.190143015180219,0.0167472658702077,-0.0167472658702077,0.0
0.007366497006505753,0.016004019827813645,0.0167472658702077,-0.0167472658702077,0.0089473684210526
0.006932571516403653,0.01243186642056335,0.0167472658702077,-0.0167472658702077,0.0178947368421052
0.006682849509507868,0.011021276218760333,0.0167472658702077,-0.0167472658702077,0.0268421052631579
0.0065966227411686385,0.01012016432884696,0.0167472658702077,-0.0167472658702077,0.0357894736842105
0.006558009561662197,0.009457747983365202,0.0167472658702077,-0.0167472658702077,0.0447368421052631
0.006804751370588137,0.008667916784017666,0.0167472658702077,-0.0167472658702077,0.0536842105263157
0.006146764066990351,0.00885006302002405,0.0167472658702077,-0.0167472658702077,0.0626315789473684
0.0065749453763707414,0.00814771468972386,0.0167472658702077,-0.0167472658702077,0.071578947368421
0.007094335265628422,0.007657017773375378,0.0167472658702077,-0.0167472658702077,0.0805263157894736
0.006841520769191169,0.008460038477116232,0.0167472658702077,-0.0167472658702077,0.0894736842105263
0.0056521202021836735,0.010742769566137126,0.0167472658702077,-0.0167472658702077,0.0984210526315789
0.0036477325806060917,0.014842757821350507,0.0167472658702077,-0.0167472658702077,0.1073684210526315
-0.0006529897383366397,0.023156822254194243,0.0167472658702077,-0.0167472658702077,0.1163157894736842
-0.005212740587400245,0.033274868616215245,0.0167472658702077,-0.0167472658702077,0.1252631578947368
-0.0064577244845034285,0.04294596588422183,0.0167472658702077,-0.0167472658702077,0.1342105263157895
-0.009921180376675543,0.06141456953161935,0.0167472658702077,-0.0167472658702077,0.1431578947368421
0.01064905332937454,0.09694313780979547,0.0167472658702077,-0.0167472658702077,0.1521052631578947
0.3030302651158184,0.33096952392700524,0.0167472658702077,-0.0167472658702077,0.1610526315789473
-2962174.604390619,2962310.516760061,0.0167472658702077,-0.0167472658702077,0.17
-133.19493319310675,143.5895177208473,0.0252538136138052,0.0252538136138052,0.0
0.00937379846677159,0.012828529599517611,0.0252538136138052,0.0252538136138052,0.008095238095238
0.005833808570718707,0.0073234120881580924,0.0252538136138052,0.0252538136138052,0.0161904761904762
0.004894666531876714,0.005310710210618686,0.0252538136138052,0.0252538136138052,0.0242857142857142
0.004579844302139856,0.0049103938836309435,0.0252538136138052,0.0252538136138052,0.0323809523809523
0.004657572272911185,0.004746837992289815,0.0252538136138052,0.0252538136138052,0.0404761904761904
0.004902598642473525,0.0049379758233610745,0.0252538136138052,0.0252538136138052,0.0485714285714285
0.005333314240779917,0.005620122683527682,0.0252538136138052,0.0252538136138052,0.0566666666666666
0.005675503725803975,0.006676112554627626,0.0252538136138052,0.0252538136138052,0.0647619047619047
0.005894113897446644,0.007725035079417755,0.0252538136138052,0.0252538136138052,0.0728571428571428
0.006341000558470968,0.007890291010778433,0.0252538136138052,0.0252538136138052,0.0809523809523809
0.006251377312111801,0.0081800235406926,0.0252538136138052,0.0252538136138052,0.089047619047619
0.00611006428809972,0.008306515665668479,0.0252538136138052,0.0252538136138052,0.0971428571428571
0.005927685563026136,0.008481281138811064,0.0252538136138052,0.0252538136138052,0.1052380952380952
0.005782008545034482,0.008803071740090518,0.0252538136138052,0.0252538136138052,0.1133333333333333
0.005589549708587882,0.009772413826406118,0.0252538136138052,0.0252538136138052,0.1214285714285714
0.005741975468659848,0.011147344183971754,0.0252538136138052,0.0252538136138052,0.1295238095238095
0.006370062849199689,0.015365694182154312,0.0252538136138052,0.0252538136138052,0.1376190476190476
0.008177483244258616,0.024252017061019784,0.0252538136138052,0.0252538136138052,0.1457142857142857
0.025907659590989958,0.05870237517163764,0.0252538136138052,0.0252538136138052,0.1538095238095238
0.2679089724051784,0.326262799396253,0.0252538136138052,0.0252538136138052,0.1619047619047619
-318.8375832340026,428.88956799346573,0.0252538136138052,0.0252538136138052,0.17
-35.25422485468367,42.96123128989224,0.0279121097836795,-0.0279121097836795,0.0
0.008265998622381244,0.010770049126380757,0.0279121097836795,-0.0279121097836795,0.0089473684210526
0.007383798349369913,0.008429989415205487,0.0279121097836795,-0.0279121097836795,0.0178947368421052
0.007017406322077629,0.007488087245608172,0.0279121097836795,-0.0279121097836795,0.0268421052631579
0.006702013206695367,0.007080950939020832,0.0279121097836795,-0.0279121097836795,0.0357894736842105
0.006527801468477064,0.0068519356465343365,0.0279121097836795,-0.0279121097836795,0.0447368421052631
0.006349210473281524,0.006873941386807875,0.0279121097836795,-0.0279121097836795,0.0536842105263157
0.0062238091779352935,0.006947082737461306,0.0279121097836795,-0.0279121097836795,0.0626315789473684
0.006154064532993248,0.007084506652990953,0.0279121097836795,-0.0279121097836795,0.071578947368421
0.006078155791089704,0.007302683798446896,0.0279121097836795,-0.0279121097836795,0.0805263157894736
0.0060234131870686375,0.007505923119678363,0.0279121097836795,-0.0279121097836795,0.0894736842105263
0.005992238897318243,0.007769752055820357,0.0279121097836795,-0.0279121097836795,0.0984210526315789
0.006063407248077502,0.008080125619446097,0.0279121097836795,-0.0279121097836795,0.1073684210526315
0.006411112555035076,0.008281644682551725,0.0279121097836795,-0.0279121097836795,0.1163157894736842
0.00726397972356991,0.008269204507904889,0.0279121097836795,-0.0279121097836795,0.1252631578947368
0.00786617701893351,0.009507790647348292,0.0279121097836795,-0.0279121097836795,0.1342105263157895
0.009419382393289334,0.011728101959200663,0.0279121097836795,-0.0279121097836795,0.1431578947368421
0.018690163683699853,0.027967305429649137,0.0279121097836795,-0.0279121097836795,0.1521052631578947
0.284993641492671,0.2964365957152216,0.0279121097836795,-0.0279121097836795,0.1610526315789473
-460784.97927580867,460878.0281955382,0.0279121097836795,-0.0279121097836795,0.17
-281.2973538576425,291.8546157176618,0.0299999999999999,0.0,0.0
0.010741892534573045,0.012954053910186045,0.0299999999999999,0.0,0.0085
0.009357569679803683,0.012280867506290713,0.0299999999999999,0.0,0.0169999999999999
0.008818459716808488,0.01209480487319791,0.0299999999999999,0.0,0.0254999999999999
0.008586139284586996,0.011916771907177204,0.0299999999999999,0.0,0.034
0.008415532731971355,0.011800359289572845,0.0299999999999999,0.0,0.0425
0.008294043033803038,0.011684788631971563,0.0299999999999999,0.0,0.051
0.008218611220687174,0.011632931541833424,0.0299999999999999,0.0,0.0594999999999999
0.008253521529456173,0.011733288294101227,0.0299999999999999,0.0,0.068
0.008435880134120121,0.01212792681939288,0.0299999999999999,0.0,0.0764999999999999
0.008890403755795032,0.012699981297513766,0.0299999999999999,0.0,0.085
0.01002226311690516,0.013811576910715037,0.0299999999999999,0.0,0.0935
0.012059351808419067,0.015715319668937733,0.0299999999999999,0.0,0.102
0.0156312046181776,0.01878358287359719,0.0299999999999999,0.0,0.1105
0.021033707198001423,0.023558122540529577,0.0299999999999999,0.0,0.119
0.027660500666818456,0.02878451874516594,0.0299999999999999,0.0,0.1275
0.03442153658210723,0.03971916737183157,0.0299999999999999,0.0,0.136
0.04558745278309395,0.05264285221871365,0.0299999999999999,0.0,0.1445
0.06716448731251082,0.07289722701555057,0.0299999999999999,0.0,0.153
0.2799122403811834,0.347702330097092,0.0299999999999999,0.0,0.1615
-1682.648615336875,1806.0329527602244,0.0299999999999999,0.0,0.17
-13.380067933837662,24.568932340329187,0.0353553390593273,0.0353553390593273,0.0
0.007392842844098798,0.009219410174173201,0.0353553390593273,0.0353553390593273,0.008095238095238
0.00494747578630533,0.00540619259266047,0.0353553390593273,0.0353553390593273,0.0161904761904762
0.004488813519869157,0.004591045142805843,0.0353553390593273,0.0353553390593273,0.0242857142857142
0.004491964462271524,0.004507937358366675,0.0353553390593273,0.0353553390593273,0.0323809523809523
0.00450293229819025,0.0045634202159929495,0.0353553390593273,0.0353553390593273,0.0404761904761904
0.00450471968609071,0.00452149207653529,0.0353553390593273,0.0353553390593273,0.0485714285714285
0.004387448225974016,0.004521972783176984,0.0353553390593273,0.0353553390593273,0.0566666666666666
0.004205460212383229,0.004541449972121771,0.0353553390593273,0.0353553390593273,0.0647619047619047
0.004195016464745917,0.0043722845901286835,0.0353553390593273,0.0353553390593273,0.0728571428571428
0.004109924491444598,0.004404054829274202,0.0353553390593273,0.0353553390593273,0.0809523809523809
0.004113548465353393,0.004462092311506008,0.0353553390593273,0.0353553390593273,0.089047619047619
0.004279385261987621,0.00448797924035858,0.0353553390593273,0.0353553390593273,0.0971428571428571
0.0045164761936246295,0.004689779544196371,0.0353553390593273,0.0353553390593273,0.1052380952380952
0.0046034099351978655,0.004997820884503133,0.0353553390593273,0.0353553390593273,0.1133333333333333
0.004548068822301403,0.005429236114345195,0.0353553390593273,0.0353553390593273,0.1214285714285714
0.004533586954056989,0.005708889073118811,0.0353553390593273,0.0353553390593273,0.1295238095238095
0.004500005661868893,0.006049604949899307,0.0353553390593273,0.0353553390593273,0.1376190476190476
0.0050344234630492835,0.007204416416413316,0.0353553390593273,0.0353553390593273,0.1457142857142857
0.021899253564134465,0.03526827339620454,0.0353553390593273,0.0353553390593273,0.1538095238095238
0.2171941365553182,0.2788533012039478,0.0353553390593273,0.0353553390593273,0.1619047619047619
-179145.98479264157,179225.7712969782,0.0353553390593273,0.0353553390593273,0.17
-61.37657690697132,68.95401629117801,0.0390769536971513,-0.0390769536971513,0.0
0.005808573745927814,0.011139158680485338,0.0390769536971513,-0.0390769536971513,0.0089473684210526
0.005075842339071578,0.006949081856753422,0.0390769536971513,-0.0390769536971513,0.0178947368421052
0.004962674413168166,0.005908830816174634,0.0390769536971513,-0.0390769536971513,0.0268421052631579
0.004909449139958195,0.005286501207615005,0.0390769536971513,-0.0390769536971513,0.0357894736842105
0.004874074968821026,0.005061473896508972,0.0390769536971513,-0.0390769536971513,0.0447368421052631
0.004849069728156694,0.004889185869475706,0.0390769536971513,-0.0390769536971513,0.0536842105263157
0.004820684550572786,0.004855003604533415,0.0390769536971513,-0.0390769536971513,0.0626315789473684
0.004845602052192549,0.004867889206516852,0.0390769536971513,-0.0390769536971513,0.071578947368421
0.0048880010819792674,0.005000652806988133,0.0390769536971513,-0.0390769536971513,0.0805263157894736
0.004935631419697527,0.005183628757135873,0.0390769536971513,-0.0390769536971513,0.0894736842105263
0.005011103953159336,0.005584125464045667,0.0390769536971513,-0.0390769536971513,0.0984210526315789
0.005087832520188653,0.0060090872170053475,0.0390769536971513,-0.0390769536971513,0.1073684210526315
0.005235921824187233,0.006694338541532967,0.0390769536971513,-0.0390769536971513,0.1163157894736842
0.005516316270329005,0.007337578644577395,0.0390769536971513,-0.0390769536971513,0.1252631578947368
0.006064998829356524,0.007663147065930476,0.0390769536971513,-0.0390769536971513,0.1342105263157895
0.007989153162465353,0.010399805606556047,0.0390769536971513,-0.0390769536971513,0.1431578947368421
0.025267136218830144,0.029731050675080056,0.0390769536971513,-0.0390769536971513,0.1521052631578947
0.23430370267305495,0.24868769466836743,0.0390769536971513,-0.0390769536971513,0.1610526315789473
-133.844795690919,210.46874335473126,0.0390769536971513,-0.0390769536971513,0.17
-283.18086201638755,292.7400845699759,0.045,0.0,0.0
0.011496935704799864,0.011747677888902734,0.045,0.0,0.0085
0.009452030209430246,0.010851095222456754,0.045,0.0,0.0169999999999999
0.008462357759099709,0.010679147013536493,0.045,0.0,0.0254999999999999
0.008040305694101864,0.010537233562339335,0.045,0.0,0.034
0.007637449903876457,0.010534781385144742,0.045,0.0,0.0425
0.007403817628413044,0.010406762873164957,0.045,0.0,0.051
0.00732909221836402,0.010215333406254981,0.045,0.0,0.0594999999999999
0.007342046369583231,0.00999700694211077,0.045,0.0,0.068
0.007385379698736814,0.009882019776630785,0.045,0.0,0.0764999999999999
0.007464910546952018,0.00983210337979618,0.045,0.0,0.085
0.007594761022137305,0.009927145242206295,0.045,0.0,0.0935
0.008838350725817389,0.00901504991755381,0.045,0.0,0.102
0.009097897763734169,0.00919932506835623,0.045,0.0,0.1105
0.009369622267527078,0.009450956406094724,0.045,0.0,0.119
0.009570074824171887,0.009744819346444914,0.045,0.0,0.1275
0.008618588436914034,0.011383033682985365,0.045,0.0,0.136
0.00922295866019257,0.01204068029085983,0.045,0.0,0.1445
0.01678209189593198,0.02530566714384882,0.045,0.0,0.153
0.2430170520664561,0.3180396084608044,0.045,0.0,0.1615
-699426.3886396914,699512.7052559588,0.045,0.0,0.17
-211.7449778808191,222.94874337993585,0.0454568645048494,0.0454568645048494,0.0
0.00614199844684083,0.00857796685612597,0.0454568645048494,0.0454568645048494,0.008095238095238
0.004971540270670422,0.005304767313336378,0.0454568645048494,0.0454568645048494,0.0161904761904762
0.004799916016700661,0.004951949736972338,0.0454568645048494,0.0454568645048494,0.0242857142857142
0.004774602644212246,0.005120875234812353,0.0454568645048494,0.0454568645048494,0.0323809523809523
0.004769894068293145,0.0051939411648386545,0.0454568645048494,0.0454568645048494,0.0404761904761904
0.004723461401082693,0.0051209474481003076,0.0454568645048494,0.0454568645048494,0.0485714285714285
0.004579135688762528,0.0049997357443916715,0.0454568645048494,0.0454568645048494,0.0566666666666666
0.004444466283145801,0.004757293166706998,0.0454568645048494,0.0454568645048494,0.0647619047619047
0.004192014199300496,0.004440809720145904,0.0454568645048494,0.0454568645048494,0.0728571428571428
0.0040339747860922166,0.004262487469840983,0.0454568645048494,0.0454568645048494,0.0809523809523809
0.003941439614762931,0.004143036058828068,0.0454568645048494,0.0454568645048494,0.089047619047619
0.003925969832695298,0.004054517653713303,0.0454568645048494,0.0454568645048494,0.0971428571428571
0.00397814094785042,0.004026557055787379,0.0454568645048494,0.0454568645048494,0.1052380952380952
0.0040264898249331585,0.004160093699825242,0.0454568645048494,0.0454568645048494,0.1133333333333333
0.004095260526581467,0.004397428345072333,0.0454568645048494,0.0454568645048494,0.1214285714285714
0.004161311458026453,0.0047069030345307464,0.0454568645048494,0.0454568645048494,0.1295238095238095
0.004212225962247371,0.00510672061160243,0.0454568645048494,0.0454568645048494,0.1376190476190476
0.005160597420919995,0.006711407469417805,0.0454568645048494,0.0454568645048494,0.1457142857142857
0.028259264339117164,0.043720096956552636,0.0454568645048494,0.0454568645048494,0.1538095238095238
0.17048169937133684,0.2085877742103725,0.0454568645048494,0.0454568645048494,0.1619047619047619
-384693.92824134347,384759.7789368293,0.0454568645048494,0.0454568645048494,0.17
-153.91693681498487,162.23502942189384,0.050241797610623,-0.0502417976106231,0.0
0.005115787287321837,0.009136342422023902,0.050241797610623,-0.0502417976106231,0.0089473684210526
0.004672103188151027,0.005630816456966773,0.050241797610623,-0.0502417976106231,0.0178947368421052
0.004726428766872627,0.004890086290941571,0.050241797610623,-0.0502417976106231,0.0268421052631579
0.0044607451757796976,0.004780083266275103,0.050241797610623,-0.0502417976106231,0.0357894736842105
0.0043105603492088395,0.00476272171582916,0.050241797610623,-0.0502417976106231,0.0447368421052631
0.004175763639266353,0.004700003167673044,0.050241797610623,-0.0502417976106231,0.0536842105263157
0.004052162740484686,0.004601911656723113,0.050241797610623,-0.0502417976106231,0.0626315789473684
0.004022809350621117,0.004439630374416483,0.050241797610623,-0.0502417976106231,0.071578947368421
0.003943903000487139,0.0042867687079746605,0.050241797610623,-0.0502417976106231,0.0805263157894736
0.003864058507632361,0.00424398055499984,0.050241797610623,-0.0502417976106231,0.0894736842105263
0.003889276834396842,0.0042136206267953565,0.050241797610623,-0.0502417976106231,0.0984210526315789
0.0040485279498846645,0.004280913818099536,0.050241797610623,-0.0502417976106231,0.1073684210526315
0.004421250901985817,0.004665213033991383,0.050241797610623,-0.0502417976106231,0.1163157894736842
0.004648193962358474,0.005528226682371526,0.050241797610623,-0.0502417976106231,0.1252631578947368
0.004966017678986489,0.006151566884504511,0.050241797610623,-0.0502417976106231,0.1342105263157895
0.007096475030240176,0.009960388365212028,0.050241797610623,-0.0502417976106231,0.1431578947368421
0.02583477358088762,0.03106190790826758,0.050241797610623,-0.0502417976106231,0.1521052631578947
0.15166457463504107,0.15888605017632035,0.050241797610623,-0.0502417976106231,0.1610526315789473
-108556.67232490134,108666.15199045093,0.050241797610623,-0.0502417976106231,0.17
-182.58946630033438,193.45768422778667,0.0555583899503715,0.0555583899503716,0.0
0.00632981770737421,0.00790367645347159,0.0555583899503715,0.0555583899503716,0.008095238095238
0.005377425447138664,0.005570091003188337,0.0555583899503715,0.0555583899503716,0.0161904761904762
0.005166416977684263,0.0054543479423599375,0.0555583899503715,0.0555583899503716,0.0242857142857142
0.005055320163590316,0.005630467329695683,0.0555583899503715,0.0555583899503716,0.0323809523809523
0.004947738122557313,0.005633434900102286,0.0555583899503715,0.0555583899503716,0.0404761904761904
0.0048468917205762435,0.005464619611603957,0.0555583899503715,0.0555583899503716,0.0485714285714285
0.004212555433536197,0.005704880951180603,0.0555583899503715,0.0555583899503716,0.0566666666666666
0.004072295348814759,0.005356313572467642,0.0555583899503715,0.0555583899503716,0.0647619047619047
0.004015968540823926,0.004650420303194674,0.0555583899503715,0.0555583899503716,0.0728571428571428
0.003711521259260653,0.0044379655927561466,0.0555583899503715,0.0555583899503716,0.0809523809523809
0.0034384633438083365,0.004356975480792664,0.0555583899503715,0.0555583899503716,0.089047619047619
0.003364296125383329,0.004275576997885671,0.0555583899503715,0.0555583899503716,0.0971428571428571
0.003441414046367048,0.004295498824561152,0.0555583899503715,0.0555583899503716,0.1052380952380952
0.003563450070053393,0.004423195418009607,0.0555583899503715,0.0555583899503716,0.1133333333333333
0.0037069556082599793,0.00456474950401702,0.0555583899503715,0.0555583899503716,0.1214285714285714
0.003817469091680861,0.004704679568393339,0.0555583899503715,0.0555583899503716,0.1295238095238095
0.003943384085487799,0.004919081767260401,0.0555583899503715,0.0555583899503716,0.1376190476190476
0.005039657922465393,0.007754373491237007,0.0555583899503715,0.0555583899503716,0.1457142857142857
0.02801869882114475,0.04330851833399305,0.0555583899503715,0.0555583899503716,0.1538095238095238
0.12048098503999637,0.14848802765676247,0.0555583899503715,0.0555583899503716,0.1619047619047619
-122067.08615992255,122168.0571282769,0.0555583899503715,0.0555583899503716,0.17
-99.51880893115104,108.02672740227878,0.0599999999999999,0.0,0.0
0.009387800136863012,0.011774165322383987,0.0599999999999999,0.0,0.0085
0.008250416887858242,0.009598816477566757,0.0599999999999999,0.0,0.0169999999999999
0.007369985829596644,0.008194700259072756,0.0599999999999999,0.0,0.0254999999999999
0.007080958297903386,0.007442107615867614,0.0599999999999999,0.0,0.034
0.006861302704720252,0.006944721331949148,0.0599999999999999,0.0,0.0425
0.006098934124588626,0.007148594449019373,0.0599999999999999,0.0,0.051
0.006142205691764387,0.006933076979354613,0.0599999999999999,0.0,0.0594999999999999
0.006236318764571522,0.006845031294842881,0.0599999999999999,0.0,0.068
0.006321804258279885,0.0069221951160293145,0.0599999999999999,0.0,0.0764999999999999
0.006365865132750226,0.0070740542511257744,0.0599999999999999,0.0,0.085
0.006430562297136094,0.007434631083772304,0.0599999999999999,0.0,0.0935
0.006492097507923029,0.007828625779647772,0.0599999999999999,0.0,0.102
0.006582933417252764,0.008343806148408038,0.0599999999999999,0.0,0.1105
0.007472408361007861,0.007865384061103741,0.0599999999999999,0.0,0.119
0.007532106681576342,0.008093617319712261,0.0599999999999999,0.0,0.1275
0.007598838274942537,0.008152380134810462,0.0599999999999999,0.0,0.136
0.007963120602581038,0.009238246636808962,0.0599999999999999,0.0,0.1445
0.020576503702234426,0.05570919147427538,0.0599999999999999,0.0,0.153
0.19156853835204501,0.2057503637575766,0.0599999999999999,0.0,0.1615
-60020.61655290849,60089.564142088166,0.0599999999999999,0.0,0.17
-74.41789915246139,81.79665852246842,0.0614066415240949,-0.0614066415240949,0.0
0.005360487970090835,0.007430353166034765,0.0614066415240949,-0.0614066415240949,0.0089473684210526
0.005082029245687866,0.005266460646597734,0.0614066415240949,-0.0614066415240949,0.0178947368421052
0.004534964299334116,0.005428444649254083,0.0614066415240949,-0.0614066415240949,0.0268421052631579
0.004271674856630853,0.005547592436615347,0.0614066415240949,-0.0614066415240949,0.0357894736842105
0.004230813421992999,0.005580026147275202,0.0614066415240949,-0.0614066415240949,0.0447368421052631
0.004249941666767011,0.005546531135838189,0.0614066415240949,-0.0614066415240949,0.0536842105263157
0.004256363221750681,0.005431767584220719,0.0614066415240949,-0.0614066415240949,0.0626315789473684
0.004353179849475883,0.005156946943205717,0.0614066415240949,-0.0614066415240949,0.071578947368421
0.004329513112078719,0.0047782684506612804,0.0614066415240949,-0.0614066415240949,0.0805263157894736
0.00418815783565387,0.00450891116505933,0.0614066415240949,-0.0614066415240949,0.0894736842105263
0.003930908392657566,0.0041933614957092346,0.0614066415240949,-0.0614066415240949,0.0984210526315789
0.0037786103155076677,0.0040278520561613336,0.0614066415240949,-0.0614066415240949,0.1073684210526315
0.0038733775177539386,0.0039336077451768625,0.0614066415240949,-0.0614066415240949,0.1163157894736842
0.004111310059515371,0.0044355790670200295,0.0614066415240949,-0.0614066415240949,0.1252631578947368
0.004415848696173442,0.005145044631296359,0.0614066415240949,-0.0614066415240949,0.1342105263157895
0.007066558312425662,0.009628206499932738,0.0614066415240949,-0.0614066415240949,0.1431578947368421
0.024677814300656343,0.027822810193945256,0.0614066415240949,-0.0614066415240949,0.1521052631578947
0.10482724399145334,0.11093927232131566,0.0614066415240949,-0.0614066415240949,0.1610526315789473
-64361.2057823695,64404.17781703894,0.0614066415240949,-0.0614066415240949,0.17
-123.154251899115,133.72783211370503,0.0656599153958937,0.0656599153958937,0.0
0.006797972813852802,0.007407757345347996,0.0656599153958937,0.0656599153958937,0.008095238095238
0.005905508015473243,0.005987829042847557,0.0656599153958937,0.0656599153958937,0.0161904761904762
0.005674958005911261,0.005791941615311738,0.0656599153958937,0.0656599153958937,0.0242857142857142
0.005460028871633668,0.005848543576118332,0.0656599153958937,0.0656599153958937,0.0323809523809523
0.004782335966508164,0.0061438027186336355,0.0656599153958937,0.0656599153958937,0.0404761904761904
0.004488678009145463,0.005971275230967736,0.0656599153958937,0.0656599153958937,0.0485714285714285
0.003971841465404319,0.005942572754897082,0.0656599153958937,0.0656599153958937,0.0566666666666666
0.003996716936964406,0.005376372053114194,0.0656599153958937,0.0656599153958937,0.0647619047619047
0.0034710469497939724,0.005152848404084828,0.0656599153958937,0.0656599153958937,0.0728571428571428
0.0031864636180647023,0.004856807882858697,0.0656599153958937,0.0656599153958937,0.0809523809523809
0.0031066611122027446,0.004496203307557055,0.0656599153958937,0.0656599153958937,0.089047619047619
0.0031059952675857433,0.004340524197287057,0.0656599153958937,0.0656599153958937,0.0971428571428571
0.003147425846295838,0.004430752309480562,0.0656599153958937,0.0656599153958937,0.1052380952380952
0.003221934886590424,0.004546660778404776,0.0656599153958937,0.0656599153958937,0.1133333333333333
0.003331956542389428,0.004614049686481572,0.0656599153958937,0.0656599153958937,0.1214285714285714
0.00342785011736254,0.004649053462604261,0.0656599153958937,0.0656599153958937,0.1295238095238095
0.0035677851435427623,0.004799382385787838,0.0656599153958937,0.0656599153958937,0.1376190476190476
0.0052417978913406865,0.009221876214677113,0.0656599153958937,0.0656599153958937,0.1457142857142857
0.02583415830660224,0.040346492706479165,0.0656599153958937,0.0656599153958937,0.1538095238095238
0.08230290935346089,0.1055002123521757,0.0656599153958937,0.0656599153958937,0.1619047619047619
-107757.57414501716,107822.66415205493,0.0656599153958937,0.0656599153958937,0.17
-10.219396313736857,15.427941994794816,0.0725714854375666,-0.0725714854375667,0.0
0.006187670183369226,0.006795982561095973,0.0725714854375666,-0.0725714854375667,0.0089473684210526
0.00573019139356762,0.006338494700289981,0.0725714854375666,-0.0725714854375667,0.0178947368421052
0.005306648812940065,0.0065718863711855344,0.0725714854375666,-0.0725714854375667,0.0268421052631579
0.00517764251862533,0.006765506561940471,0.0725714854375666,-0.0725714854375667,0.0357894736842105
0.005087455336842579,0.0069462769911084205,0.0725714854375666,-0.0725714854375667,0.0447368421052631
0.005199072226037576,0.006817074584765625,0.0725714854375666,-0.0725714854375667,0.0536842105263157
0.005202169961101441,0.0065131993577353595,0.0725714854375666,-0.0725714854375667,0.0626315789473684
0.005232302698442012,0.006059159316803188,0.0725714854375666,-0.0725714854375667,0.071578947368421
0.005071251148546443,0.0054929600060673565,0.0725714854375666,-0.0725714854375667,0.0805263157894736
0.004873402688840306,0.005122763260046694,0.0725714854375666,-0.0725714854375667,0.0894736842105263
0.004609835287441318,0.004643324583144283,0.0725714854375666,-0.0725714854375667,0.0984210526315789
0.004187979488855663,0.004477340142128537,0.0725714854375666,-0.0725714854375667,0.1073684210526315
0.003880572148757147,0.004004369003117053,0.0725714854375666,-0.0725714854375667,0.1163157894736842
0.0036595907059918317,0.0038774606276099684,0.0725714854375666,-0.0725714854375667,0.1252631578947368
0.004139077823643659,0.00426839413077974,0.0725714854375666,-0.0725714854375667,0.1342105263157895
0.0078030852193524194,0.00989166248634418,0.0725714854375666,-0.0725714854375667,0.1431578947368421
0.017057940583457824,0.031273828352164974,0.0725714854375666,-0.0725714854375667,0.1521052631578947
0.06068107187127619,0.07590377312019542,0.0725714854375666,-0.0725714854375667,0.1610526315789473
0.0761958480599464,0.14368333853509319,0.0725714854375666,-0.0725714854375667,0.17
-161.82176486262676,169.9307904575843,0.0749999999999999,0.0,0.0
0.005463902455723479,0.014675542650324322,0.0749999999999999,0.0,0.0085
0.004986106526107558,0.011280506601092647,0.0749999999999999,0.0,0.0169999999999999
0.004960886522602562,0.008443754326398639,0.0749999999999999,0.0,0.0254999999999999
0.0049005966641834766,0.007187574279471924,0.0749999999999999,0.0,0.034
0.00496575226242011,0.00629495290796089,0.0749999999999999,0.0,0.0425
0.005152857001332105,0.005568274242241893,0.0749999999999999,0.0,0.051
0.005003088486423702,0.005603279503029498,0.0749999999999999,0.0,0.0594999999999999
0.005177258305934052,0.005481987622173549,0.0749999999999999,0.0,0.068
0.005215767743989717,0.005546929661295483,0.0749999999999999,0.0,0.0764999999999999
0.005208444515427946,0.0056571329406690535,0.0749999999999999,0.0,0.085
0.005129522968834523,0.005852540997870676,0.0749999999999999,0.0,0.0935
0.005074138167184367,0.006033977174921234,0.0749999999999999,0.0,0.102
0.005112381869003785,0.006506278441901216,0.0749999999999999,0.0,0.1105
0.005204429231419034,0.007020396468540365,0.0749999999999999,0.0,0.119
0.0053141298553473874,0.007520418341021613,0.0749999999999999,0.0,0.1275
0.005541781989644118,0.008044921140662683,0.0749999999999999,0.0,0.136
0.007273426907355737,0.009297604629192264,0.0749999999999999,0.0,0.1445
0.025358774943250485,0.04679735686871752,0.0749999999999999,0.0,0.153
0.11737602307946096,0.13594027533012762,0.0749999999999999,0.0,0.1615
-53149.203199256815,53250.20659304695,0.0749999999999999,0.0,0.17
-113.97943071300914,124.30035180519907,0.0757614408414157,0.0757614408414158,0.0
0.007363879746061461,0.007452429039114739,0.0757614408414157,0.0757614408414158,0.008095238095238
0.006328748689609509,0.006801782131995891,0.0757614408414157,0.0757614408414158,0.0161904761904762
0.006045503010793209,0.006481752749974791,0.0757614408414157,0.0757614408414158,0.0242857142857142
0.005898483610083969,0.006176636370392631,0.0757614408414157,0.0757614408414158,0.0323809523809523
0.005454347187126472,0.005960193704239128,0.0757614408414157,0.0757614408414158,0.0404761904761904
0.005167578769970424,0.0056212718044617764,0.0757614408414157,0.0757614408414158,0.0485714285714285
0.004291506797880409,0.005776604727176592,0.0757614408414157,0.0757614408414158,0.0566666666666666
0.003588125137498108,0.0057453120687776926,0.0757614408414157,0.0757614408414158,0.0647619047619047
0.0030106013507397123,0.005404741489736087,0.0757614408414157,0.0757614408414158,0.0728571428571428
0.0028629054462330607,0.0049435758727763394,0.0757614408414157,0.0757614408414158,0.0809523809523809
0.0030114190659032893,0.004366149662584711,0.0757614408414157,0.0757614408414158,0.089047619047619
0.003328994629907582,0.003950539165062418,0.0757614408414157,0.0757614408414158,0.0971428571428571
0.0033685189621469273,0.004223840422509473,0.0757614408414157,0.0757614408414158,0.1052380952380952
0.00324976879742447,0.00464777178170573,0.0757614408414157,0.0757614408414158,0.1133333333333333
0.00328649038307621,0.0047942793365437905,0.0757614408414157,0.0757614408414158,0.1214285714285714
0.0033193622653204316,0.004776423962831568,0.0757614408414157,0.0757614408414158,0.1295238095238095
0.003531309873719783,0.005256816298408217,0.0757614408414157,0.0757614408414158,0.1376190476190476
0.008311323178466511,0.010359086047204886,0.0757614408414157,0.0757614408414158,0.1457142857142857
0.03159546232735461,0.03292912293432657,0.0757614408414157,0.0757614408414158,0.1538095238095238
0.05217211888690426,0.07922071191713334,0.0757614408414157,0.0757614408414158,0.1619047619047619
0.0796379486399097,0.11819855938956791,0.0757614408414157,0.0757614408414158,0.17
-14.236724390808725,19.91593217688716,0.0837363293510385,-0.0837363293510385,0.0
0.007246596586552213,0.007333753653694187,0.0837363293510385,-0.0837363293510385,0.0089473684210526
0.0067101972802793616,0.007634841120546838,0.0837363293510385,-0.0837363293510385,0.0178947368421052
0.00635672638936535,0.007977629268525051,0.0837363293510385,-0.0837363293510385,0.0268421052631579
0.006253665247197934,0.008269224093081864,0.0837363293510385,-0.0837363293510385,0.0357894736842105
0.006088249675115271,0.00858582379220773,0.0837363293510385,-0.0837363293510385,0.0447368421052631
0.006312324566322434,0.00843782609751157,0.0837363293510385,-0.0837363293510385,0.0536842105263157
0.006506880879061285,0.008053076886092315,0.0837363293510385,-0.0837363293510385,0.0626315789473684
0.006817456565499888,0.007365699735678513,0.0837363293510385,-0.0837363293510385,0.071578947368421
0.006442374573686022,0.0069290225140459785,0.0837363293510385,-0.0837363293510385,0.0805263157894736
0.005815724151980596,0.006787326209016602,0.0837363293510385,-0.0837363293510385,0.0894736842105263
0.005143587765471795,0.0063665381434780035,0.0837363293510385,-0.0837363293510385,0.0984210526315789
0.004654510095776116,0.006065854969170884,0.0837363293510385,-0.0837363293510385,0.1073684210526315
0.004238709703507316,0.005591854141365084,0.0837363293510385,-0.0837363293510385,0.1163157894736842
0.00415216432062077,0.005371338384082029,0.0837363293510385,-0.0837363293510385,0.1252631578947368
0.005198307933193616,0.005513729755952588,0.0837363293510385,-0.0837363293510385,0.1342105263157895
0.009355099103357042,0.012843895577234357,0.0837363293510385,-0.0837363293510385,0.1431578947368421
0.017604835201324328,0.03228038622143526,0.0837363293510385,-0.0837363293510385,0.1521052631578947
0.040276102211077185,0.05729034188007142,0.0837363293510385,-0.0837363293510385,0.1610526315789473
0.04435316838809608,0.06876948022951032,0.0837363293510385,-0.0837363293510385,0.17
-39.366719855832066,46.69801144877723,0.0858629662869379,0.0858629662869379,0.0
0.0077148100994031115,0.008203105331823888,0.0858629662869379,0.0858629662869379,0.008095238095238
0.00703520194925506,0.00804722778444994,0.0858629662869379,0.0858629662869379,0.0161904761904762
0.006703644501897851,0.00782193169775455,0.0858629662869379,0.0858629662869379,0.0242857142857142
0.006535748969718927,0.0076506425566198735,0.0858629662869379,0.0858629662869379,0.0323809523809523
0.006745378674391399,0.007248652882212201,0.0858629662869379,0.0858629662869379,0.0404761904761904
0.006733473524471217,0.0070540315416481834,0.0858629662869379,0.0858629662869379,0.0485714285714285
0.006537575343004188,0.006726424558460812,0.0858629662869379,0.0858629662869379,0.0566666666666666
0.0059636468882338384,0.006350115762082761,0.0858629662869379,0.0858629662869379,0.0647619047619047
0.004822941064655367,0.005842686630131632,0.0858629662869379,0.0858629662869379,0.0728571428571428
0.00400343982555647,0.005597431571411531,0.0858629662869379,0.0858629662869379,0.0809523809523809
0.003494318640704673,0.005501205291041122,0.0858629662869379,0.0858629662869379,0.089047619047619
0.003347951286818497,0.005537605269677503,0.0858629662869379,0.0858629662869379,0.0971428571428571
0.003422349286693451,0.0058256250531295494,0.0858629662869379,0.0858629662869379,0.1052380952380952
0.003476373681492471,0.006148410102567914,0.0858629662869379,0.0858629662869379,0.1133333333333333
0.0036023782936237606,0.0063154849636760345,0.0858629662869379,0.0858629662869379,0.1214285714285714
0.003935856892947495,0.006254545621848309,0.0858629662869379,0.0858629662869379,0.1295238095238095
0.0057783114566067155,0.007410549430074085,0.0858629662869379,0.0858629662869379,0.1376190476190476
0.009560326595481486,0.018610728877054117,0.0858629662869379,0.0858629662869379,0.1457142857142857
0.025391017136134522,0.03864358462179868,0.0858629662869379,0.0858629662869379,0.1538095238095238
0.036245680130825936,0.05729904714702026,0.0858629662869379,0.0858629662869379,0.1619047619047619
0.04213211729941363,0.049793893886570975,0.0858629662869379,0.0858629662869379,0.17
-181.19399141520307,189.05534431898707,0.0899999999999999,0.0,0.0
0.004715179779247413,0.011975097122563186,0.0899999999999999,0.0,0.0085
0.004287913041154637,0.008800196414068564,0.0899999999999999,0.0,0.0169999999999999
0.004179335502627796,0.006867086564794601,0.0899999999999999,0.0,0.0254999999999999
0.004469689411638485,0.006056927624050314,0.0899999999999999,0.0,0.034
0.005171328485559365,0.005296296522018636,0.0899999999999999,0.0,0.0425
0.005124791784247638,0.005617920027997961,0.0899999999999999,0.0,0.051
0.005424955175385782,0.005671594550260618,0.0899999999999999,0.0,0.0594999999999999
0.005558255635515753,0.006032386353847246,0.0899999999999999,0.0,0.068
0.00528304699154935,0.006601253683747049,0.0899999999999999,0.0,0.0764999999999999
0.005109508954639196,0.0069438496998100036,0.0899999999999999,0.0,0.085
0.005033338861638206,0.0070030715231383924,0.0899999999999999,0.0,0.0935
0.0050023376502517135,0.006781102581028286,0.0899999999999999,0.0,0.102
0.004523722022256333,0.006657257785609666,0.0899999999999999,0.0,0.1105
0.004510443505700997,0.006357598526459801,0.0899999999999999,0.0,0.119
0.004488273235701696,0.006564356204193504,0.0899999999999999,0.0,0.1275
0.00465763811449083,0.00737170207422197,0.0899999999999999,0.0,0.136
0.006758624604981131,0.009009653041323068,0.0899999999999999,0.0,0.1445
0.021378654349525756,0.03616991706852865,0.0899999999999999,0.0,0.153
0.07793273025285133,0.08496195068284906,0.0899999999999999,0.0,0.1615
-9179.792592273427,9213.486387798423,0.0899999999999999,0.0,0.17
-3.903632472653509,6.264453587911271,0.0949011732645103,-0.0949011732645103,0.0
0.008219121565185268,0.008515059848847198,0.0949011732645103,-0.0949011732645103,0.0089473684210526
0.008442677465767124,0.009753369516763677,0.0949011732645103,-0.0949011732645103,0.0178947368421052
0.0081203090487999,0.010569802801484899,0.0949011732645103,-0.0949011732645103,0.0268421052631579
0.00838394837386348,0.01086044911196032,0.0949011732645103,-0.0949011732645103,0.0357894736842105
0.008168473997032891,0.011419844581644458,0.0949011732645103,-0.0949011732645103,0.0447368421052631
0.008146878486114511,0.011838210923574089,0.0949011732645103,-0.0949011732645103,0.0536842105263157
0.008556383611907675,0.011851799064013326,0.0949011732645103,-0.0949011732645103,0.0626315789473684
0.009098059055581463,0.011730256838746575,0.0949011732645103,-0.0949011732645103,0.071578947368421
0.010101302273252679,0.011530629422451122,0.0949011732645103,-0.0949011732645103,0.0805263157894736
0.01109850680017143,0.01134213168258277,0.0949011732645103,-0.0949011732645103,0.0894736842105263
0.011127896418220354,0.012528796651039531,0.0949011732645103,-0.0949011732645103,0.0984210526315789
0.011036854796845382,0.013344909428213288,0.0949011732645103,-0.0949011732645103,0.1073684210526315
0.011249382189828207,0.013156865419217196,0.0949011732645103,-0.0949011732645103,0.1163157894736842
0.011344880339950068,0.011987009516339133,0.0949011732645103,-0.0949011732645103,0.1252631578947368
0.009984468999253043,0.013956918313039758,0.0949011732645103,-0.0949011732645103,0.1342105263157895
0.013535349483711396,0.020167652383385606,0.0949011732645103,-0.0949011732645103,0.1431578947368421
0.01957600587365521,0.03155523644169479,0.0949011732645103,-0.0949011732645103,0.1521052631578947
0.03040382805773354,0.041073633616805265,0.0949011732645103,-0.0949011732645103,0.1610526315789473
0.027583237174549607,0.037258573917163404,0.0949011732645103,-0.0949011732645103,0.17
-1.0906725746671384,3.879822188833911,0.09596449173246,0.09596449173246,0.0
0.009060879347483425,0.009168010188414576,0.09596449173246,0.09596449173246,0.008095238095238
0.009127960643462654,0.010534723291157745,0.09596449173246,0.09596449173246,0.0161904761904762
0.008930802829550416,0.010984255296885383,0.09596449173246,0.09596449173246,0.0242857142857142
0.008986377280158176,0.011106719312345194,0.09596449173246,0.09596449173246,0.0323809523809523
0.009160228263167825,0.011198580482260944,0.09596449173246,0.09596449173246,0.0404761904761904
0.009230992753712124,0.011186973168922875,0.09596449173246,0.09596449173246,0.0485714285714285
0.00919813286206841,0.011159441451251391,0.09596449173246,0.09596449173246,0.0566666666666666
0.009175101856214892,0.011140786361444908,0.09596449173246,0.09596449173246,0.0647619047619047
0.00942140051520754,0.011169660412091262,0.09596449173246,0.09596449173246,0.0728571428571428
0.010012837645633068,0.01121309863639433,0.09596449173246,0.09596449173246,0.0809523809523809
0.011108715077214518,0.011164693215340082,0.09596449173246,0.09596449173246,0.089047619047619
0.01117002770149489,0.012471512423289708,0.09596449173246,0.09596449173246,0.0971428571428571
0.011857286447231859,0.013739469254603945,0.09596449173246,0.09596449173246,0.1052380952380952
0.01247559947656848,0.014255030158669423,0.09596449173246,0.09596449173246,0.1133333333333333
0.013554020046069686,0.013705415059627114,0.09596449173246,0.09596449173246,0.1214285714285714
0.013301210639341924,0.014271552782974876,0.09596449173246,0.09596449173246,0.1295238095238095
0.012892193748122586,0.018584525432234406,0.09596449173246,0.09596449173246,0.1376190476190476
0.015767420284557035,0.026197218019188687,0.09596449173246,0.09596449173246,0.1457142857142857
0.023098055669937285,0.03365173211683591,0.09596449173246,0.09596449173246,0.1538095238095238
0.029364291995083443,0.037658349426016355,0.09596449173246,0.09596449173246,0.1619047619047619
0.02636398637728525,0.02991156157872655,0.09596449173246,0.09596449173246,0.17
-5.045703429064615,8.60428946886584,0.105,0.0,0.0
0.004595111667434745,0.00829043678030168,0.105,0.0,0.0085
0.0043244207351272376,0.006454208246413962,0.105,0.0,0.0169999999999999
0.004768864117340848,0.005564847183148352,0.105,0.0,0.0254999999999999
0.005203936904214331,0.00536493359959507,0.105,0.0,0.034
0.005007752988697532,0.006048701564873871,0.105,0.0,0.0425
0.005508076480994188,0.006455496645730613,0.105,0.0,0.051
0.00608626461287355,0.006574675714123651,0.105,0.0,0.0594999999999999
0.006327050197660379,0.00708017825310142,0.105,0.0,0.068
0.005869275718915323,0.007867218646907677,0.105,0.0,0.0764999999999999
0.005389705880294109,0.008422351714431491,0.105,0.0,0.085
0.004836799823981306,0.008644978049581694,0.105,0.0,0.0935
0.004412882466497221,0.008537648679116779,0.105,0.0,0.102
0.004066313761425184,0.007955095859881415,0.105,0.0,0.1105
0.00397028805951859,0.007362938806584609,0.105,0.0,0.119
0.004108146941031168,0.006806354854628632,0.105,0.0,0.1275
0.00450304557815801,0.006894701098869589,0.105,0.0,0.136
0.006418693649617396,0.009219906301954404,0.105,0.0,0.1445
0.02312780662836378,0.02478375918851742,0.105,0.0,0.153
0.046013021354220356,0.05733458770929125,0.105,0.0,0.1615
0.069086440678045,0.09264682168732201,0.105,0.0,0.17
-7.068070335981181,11.630489290207196,0.1060660171779821,-0.1060660171779821,0.0
-4.240853089375372,8.621260390619677,0.1060660171779821,-0.1060660171779821,0.0089473684210526
-55.09007378654604,63.1340345692857,0.1060660171779821,-0.1060660171779821,0.0178947368421052
-53.14917233336318,62.19140983909742,0.1060660171779821,-0.1060660171779821,0.0268421052631579
-0.21334416057878425,10.529367371591611,0.1060660171779821,-0.1060660171779821,0.0357894736842105
-0.8535126049021455,12.18370971627482,0.1060660171779821,-0.1060660171779821,0.0447368421052631
-3.631379901234647,16.019369906913596,0.1060660171779821,-0.1060660171779821,0.0536842105263157
-7.7428229818997,21.0410311063625,0.1060660171779821,-0.1060660171779821,0.0626315789473684
-11.677538890476363,25.65408856286696,0.1060660171779821,-0.1060660171779821,0.071578947368421
-8.681076629467782,23.35515136511981,0.1060660171779821,-0.1060660171779821,0.0805263157894736
-6.830702329366696,22.06815479922109,0.1060660171779821,-0.1060660171779821,0.0894736842105263
-2.737502070661817,18.353574063315754,0.1060660171779821,-0.1060660171779821,0.0984210526315789
0.8015521467472064,15.098685836667691,0.1060660171779821,-0.1060660171779821,0.1073684210526315
0.9101929642086573,15.407157904110662,0.1060660171779821,-0.1060660171779821,0.1163157894736842
-0.3858329602349766,17.77932949595504,0.1060660171779821,-0.1060660171779821,0.1252631578947368
0.2962037972041909,18.99773747800073,0.1060660171779821,-0.1060660171779821,0.1342105263157895
9.669148253465325,14.019483479058463,0.1060660171779821,-0.1060660171779821,0.1431578947368421
-0.972860573739208,27.637041091200416,0.1060660171779821,-0.1060660171779821,0.1521052631578947
-19.257909302075312,46.84782941609571,0.1060660171779821,-0.1060660171779821,0.1610526315789473
-23.377362260396257,44.38506609660223,0.1060660171779821,-0.1060660171779821,0.17
-1.1363067230202977,5.741053358302034,0.1060660171779821,0.1060660171779821,0.0
-5.450302982961809,8.227153097709962,0.1060660171779821,0.1060660171779821,0.008095238095238
-17.94174411501515,25.14583002601113,0.1060660171779821,0.1060660171779821,0.0161904761904762
-2.1636312307935404,10.560642220209107,0.1060660171779821,0.1060660171779821,0.0242857142857142
-0.45347759268552235,9.876407111123847,0.1060660171779821,0.1060660171779821,0.0323809523809523
-10.732531185207698,21.348016226963125,0.1060660171779821,0.1060660171779821,0.0404761904761904
-24.60435314121299,35.987111590796204,0.1060660171779821,0.1060660171779821,0.0485714285714285
-39.47574322762251,51.52422259701924,0.1060660171779821,0.1060660171779821,0.0566666666666666
-44.1054506819279,56.72706112728877,0.1060660171779821,0.1060660171779821,0.0647619047619047
-44.8172182713128,58.10158456398214,0.1060660171779821,0.1060660171779821,0.0728571428571428
-37.09207530480865,50.82172580678601,0.1060660171779821,0.1060660171779821,0.0809523809523809
-37.28880309004223,51.42802841437682,0.1060660171779821,0.1060660171779821,0.089047619047619
-21.389867193211078,35.89097078711197,0.1060660171779821,0.1060660171779821,0.0971428571428571
-6.919823608810304,21.79272814400738,0.1060660171779821,0.1060660171779821,0.1052380952380952
2.2630168486047486,12.884023682735783,0.1060660171779821,0.1060660171779821,0.1133333333333333
3.945514787757459,11.749590867140276,0.1060660171779821,0.1060660171779821,0.1214285714285714
1.9544931840572008,14.845154780908961,0.1060660171779821,0.1060660171779821,0.1295238095238095
-12.48483794142897,32.68482975780035,0.1060660171779821,0.1060660171779821,0.1376190476190476
-65.03552931169868,88.67884524478903,0.1060660171779821,0.1060660171779821,0.1457142857142857
-123.51412216166815,149.73287915411746,0.1060660171779821,0.1060660171779821,0.1538095238095238
-205.12668289025763,231.33127161482795,0.1060660171779821,0.1060660171779821,0.1619047619047619
3.1416481995696,16.809831523801066,0.1060660171779821,0.1060660171779821,0.17
-17.400542482215027,20.679584977921596,0.12,0.0,0.0
0.004319336632389633,0.006573660452625367,0.12,0.0,0.0085
0.004571198725473566,0.005757342085129235,0.12,0.0,0.0169999999999999
0.005331272825796839,0.005613856222119762,0.12,0.0,0.0254999999999999
0.005267918073840665,0.006615542973130735,0.12,0.0,0.034
0.005371550198109089,0.007681791799623312,0.12,0.0,0.0425
0.006256448141548765,0.008297730971823234,0.12,0.0,0.051
0.007027198289937849,0.008393736413967753,0.12,0.0,0.0594999999999999
0.008008830055612218,0.00812252804894498,0.12,0.0,0.068
0.0078042869336449475,0.008552018904016054,0.12,0.0,0.0764999999999999
0.007252382395788583,0.009084624032809017,0.12,0.0,0.085
0.006568523022711763,0.009312845841152637,0.12,0.0,0.0935
0.005899109843373647,0.00928582599445675,0.12,0.0,0.102
0.005214532845723999,0.0087322139886684,0.12,0.0,0.1105
0.005063219288171114,0.007991821980159085,0.12,0.0,0.119
0.005155479579549076,0.007371671765014723,0.12,0.0,0.1275
0.006570253605903177,0.006876092803585623,0.12,0.0,0.136
0.006675271631841875,0.01216020034622212,0.12,0.0,0.1445
0.01932608437513291,0.026059209091856286,0.12,0.0,0.153
0.032959018183200434,0.038274437268443165,0.12,0.0,0.1615
0.03405155020657697,0.04464902600148123,0.12,0.0,0.17
-2.6942102584828946,4.317797342542952,0.1349999999999999,0.0,0.0
0.00406285340988277,0.006305550315394655,0.1349999999999999,0.0,0.0085
0.004830203729484099,0.005783064954475901,0.1349999999999999,0.0,0.0169999999999999
0.0058859949088844,0.0066081298017166695,0.1349999999999999,0.0,0.0254999999999999
0.006198791961076968,0.008219675751298032,0.1349999999999999,0.0,0.034
0.007268551727380136,0.009209578423097862,0.1349999999999999,0.0,0.0425
0.008372929602585507,0.010480545630825493,0.1349999999999999,0.0,0.051
0.009404967735563274,0.010629197245454327,0.1349999999999999,0.0,0.0594999999999999
0.010174450829486857,0.010503994158037542,0.1349999999999999,0.0,0.068
0.010191617988705621,0.010483180979081578,0.1349999999999999,0.0,0.0764999999999999
0.010111608402450343,0.010433362842842455,0.1349999999999999,0.0,0.085
0.010110944779179525,0.010402991994808075,0.1349999999999999,0.0,0.0935
0.01015992098790821,0.010501595088416988,0.1349999999999999,0.0,0.102
0.01030244446110689,0.010627652984297308,0.1349999999999999,0.0,0.1105
0.01044169465889855,0.01066322400138365,0.1349999999999999,0.0,0.119
0.010134023959398986,0.01131788769710406,0.1349999999999999,0.0,0.1275
0.00973391157800637,0.01384050366956131,0.1349999999999999,0.0,0.136
0.011057901480587355,0.017864277272097103,0.1349999999999999,0.0,0.1445
0.018722990214741202,0.024905692072101474,0.1349999999999999,0.0,0.153
0.02565316285843918,0.02835852307725422,0.1349999999999999,0.0,0.1615
0.0164619007462847,0.032264391049297694,0.1349999999999999,0.0,0.17
-1.0675102471733156,3.024564104608072,0.1499999999999999,0.0,0.0
0.7638250977721994,1.338017870628569,0.1499999999999999,0.0,0.0085
0.7386342674946028,1.576697391800221,0.1499999999999999,0.0,0.0169999999999999
-5.426779193373643,8.65245625672047,0.1499999999999999,0.0,0.0254999999999999
-199.03437529625114,205.95531776149448,0.1499999999999999,0.0,0.034
-78.41786280547534,86.7814857939642,0.1499999999999999,0.0,0.0425
-168.34366088005666,178.28736267063633,0.1499999999999999,0.0,0.051
-275.49219638708115,286.5092292430007,0.1499999999999999,0.0,0.0594999999999999
-206.51471610102203,218.78760136219,0.1499999999999999,0.0,0.068
-25.37195430043821,38.40444198896442,0.1499999999999999,0.0,0.0764999999999999
-25.051356689173176,38.641666825772624,0.1499999999999999,0.0,0.085
-20.366746156712804,34.3841132910198,0.1499999999999999,0.0,0.0935
-11.680511625629507,25.884550971591054,0.1499999999999999,0.0,0.102
-3.4789440707708223,17.9760758494034,0.1499999999999999,0.0,0.1105
-8.941802856838663,23.81875174324071,0.1499999999999999,0.0,0.119
-12.665929903064995,28.606347503241413,0.1499999999999999,0.0,0.1275
-47.98225024771583,65.91029248459421,0.1499999999999999,0.0,0.136
-63.55111557746296,83.92265055667792,0.1499999999999999,0.0,0.1445
-207.1663837421713,230.40100730535053,0.1499999999999999,0.0,0.153
-791.1989910606695,813.92840411949,0.1499999999999999,0.0,0.1615
-212.11505592457587,230.64689472380167,0.1499999999999999,0.0,0.17
