UB,LB,X,Y,Z
-2.5846387474885617,5.724417532865083,-0.1499999999999999,0.0,0.0
-2.121342901481885,4.896052553617775,-0.1499999999999999,0.0,0.0085
-141.03542331791806,148.12521092996684,-0.1499999999999999,0.0,0.0169999999999999
-129.12163478464115,138.08983858676075,-0.1499999999999999,0.0,0.0254999999999999
-109.56554727562919,119.71742115756653,-0.1499999999999999,0.0,0.034
-170.1645116982159,181.4213366449112,-0.1499999999999999,0.0,0.0425
-98.1160785074504,110.22525910567205,-0.1499999999999999,0.0,0.051
-140.5212428314206,153.5524131213692,-0.1499999999999999,0.0,0.0594999999999999
-16.050596876575554,29.96738604197826,-0.1499999999999999,0.0,0.068
-28.308748777575126,43.049383456627574,-0.1499999999999999,0.0,0.0764999999999999
-32.34961199344537,47.676736856178174,-0.1499999999999999,0.0,0.085
-33.11121517053663,48.894276591681866,-0.1499999999999999,0.0,0.0935
-26.96017769724228,42.94958582262864,-0.1499999999999999,0.0,0.102
-16.37011771583854,32.58492634334891,-0.1499999999999999,0.0,0.1105
-31.49406546015458,48.483906995289196,-0.1499999999999999,0.0,0.119
-48.95652435679213,67.4360110823146,-0.1499999999999999,0.0,0.1275
-83.15374909595975,105.05315115390998,-0.1499999999999999,0.0,0.136
-99.25705240023723,124.19034276032679,-0.1499999999999999,0.0,0.1445
-51.956220887565856,76.90922512017639,-0.1499999999999999,0.0,0.153
-85.66171957160336,105.19272593484115,-0.1499999999999999,0.0,0.1615
-5.488347569779686,17.827763610125835,-0.1499999999999999,0.0,0.17
-18.514946091792247,21.46928134384806,-0.135,0.0,0.0
0.005476210224974792,0.005740276030425207,-0.135,0.0,0.0085
0.006687216217058924,0.008470816714005971,-0.135,0.0,0.0169999999999999
0.008184184426160358,0.010766109945200823,-0.135,0.0,0.0254999999999999
0.00897345470202199,0.013209336537124217,-0.135,0.0,0.034
0.010398356359870931,0.014049400506599868,-0.135,0.0,0.0425
0.011249258134989023,0.015063187726499795,-0.135,0.0,0.051
0.011550640255326497,0.015736031762216326,-0.135,0.0,0.0594999999999999
0.011961300250651502,0.01553643575520722,-0.135,0.0,0.068
0.012193407607215592,0.01507439549305614,-0.135,0.0,0.0764999999999999
0.012342499420831595,0.014728045734602378,-0.135,0.0,0.085
0.012824248839003603,0.014409002941634802,-0.135,0.0,0.0935
0.012964655520362257,0.015099601945042071,-0.135,0.0,0.102
0.014118635081230232,0.015546750904873168,-0.135,0.0,0.1105
0.015200693745712068,0.01711906831895993,-0.135,0.0,0.119
0.01721238510440446,0.019039693564351937,-0.135,0.0,0.1275
0.02186612528455257,0.023402490954743366,-0.135,0.0,0.136
0.027052244035863662,0.03487580732243338,-0.135,0.0,0.1445
0.034306862257803154,0.04763796348038186,-0.135,0.0,0.153
0.03409367649543887,0.04072532896094188,-0.135,0.0,0.1615
0.004165808998518228,0.01996493092865597,-0.135,0.0,0.17
-76.4781289149388,79.66042185722586,-0.12,0.0,0.0
0.005375159995872264,0.005643655653528536,-0.12,0.0,0.0085
0.006047818839180754,0.0072306656817286465,-0.12,0.0,0.0169999999999999
0.007040530683348291,0.00880909777717091,-0.12,0.0,0.0254999999999999
0.007613821804292827,0.010270007173158173,-0.12,0.0,0.034
0.00848126838949837,0.01071351102636743,-0.12,0.0,0.0425
0.009065893626321637,0.011129725100442361,-0.12,0.0,0.051
0.009260949519058145,0.011403571595300654,-0.12,0.0,0.0594999999999999
0.009576192799108551,0.011159333577745453,-0.12,0.0,0.068
0.009663913412258567,0.010913754809112431,-0.12,0.0,0.0764999999999999
0.009636275789797618,0.010732458356844382,-0.12,0.0,0.085
0.009330012360456835,0.010756514260149766,-0.12,0.0,0.0935
0.009346050733685872,0.010444191121525526,-0.12,0.0,0.102
0.009272778609985063,0.010431358021463737,-0.12,0.0,0.1105
0.00957274807163049,0.01082351337975771,-0.12,0.0,0.119
0.010417269464714158,0.012209268201341042,-0.12,0.0,0.1275
0.013914816396876237,0.016121667115757365,-0.12,0.0,0.136
0.0228838944821883,0.028197596608768898,-0.12,0.0,0.1445
0.0407122006029211,0.05235548530496948,-0.12,0.0,0.153
0.05536588138073671,0.09559992850338049,-0.12,0.0,0.1615
0.03568442261095278,0.04097498905231842,-0.12,0.0,0.17
-893.1890758428507,908.7452101959292,-0.1060660171779821,-0.1060660171779821,0.0
-104.27575662271818,107.12794738009666,-0.1060660171779821,-0.1060660171779821,0.008095238095238
-32.67253284795372,39.995921162788605,-0.1060660171779821,-0.1060660171779821,0.0161904761904762
-60.349811221125165,69.49224053807895,-0.1060660171779821,-0.1060660171779821,0.0242857142857142
3.914054666214887,6.541960149793243,-0.1060660171779821,-0.1060660171779821,0.0323809523809523
2.627765869933726,9.207981160202547,-0.1060660171779821,-0.1060660171779821,0.0404761904761904
-3.8228346603854657,16.720741421332292,-0.1060660171779821,-0.1060660171779821,0.0485714285714285
-12.530660514398505,26.514302731092755,-0.1060660171779821,-0.1060660171779821,0.0566666666666666
-11.285797318932925,26.076293906445745,-0.1060660171779821,-0.1060660171779821,0.0647619047619047
-9.801977845709064,25.380610569549557,-0.1060660171779821,-0.1060660171779821,0.0728571428571428
-6.422111545779753,22.528308659141118,-0.1060660171779821,-0.1060660171779821,0.0809523809523809
-8.529302237648801,25.038320795642655,-0.1060660171779821,-0.1060660171779821,0.089047619047619
-0.2736198050004184,16.955294216195988,-0.1060660171779821,-0.1060660171779821,0.0971428571428571
5.727813535917559,11.087896536218274,-0.1060660171779821,-0.1060660171779821,0.1052380952380952
6.665327364034512,10.487655902645018,-0.1060660171779821,-0.1060660171779821,0.1133333333333333
4.18820489835093,13.980264254472084,-0.1060660171779821,-0.1060660171779821,0.1214285714285714
8.189833284354627,12.19749273074888,-0.1060660171779821,-0.1060660171779821,0.1295238095238095
10.750208114849428,13.19677769046248,-0.1060660171779821,-0.1060660171779821,0.1376190476190476
12.044586360105157,14.737817694868319,-0.1060660171779821,-0.1060660171779821,0.1457142857142857
13.618314875189704,14.246734429811543,-0.1060660171779821,-0.1060660171779821,0.1538095238095238
2.79399192118613,21.87704203721866,-0.1060660171779821,-0.1060660171779821,0.1619047619047619
-125.67573359977693,143.52590273603516,-0.1060660171779821,-0.1060660171779821,0.17
-11795.826340368347,11825.386691998536,-0.1060660171779821,0.1060660171779821,0.0
-1.163428505738209,4.492336898488585,-0.1060660171779821,0.1060660171779821,0.0089473684210526
-55.706491214190905,63.077622128741254,-0.1060660171779821,0.1060660171779821,0.0178947368421052
-48.83990433203672,57.83799243201934,-0.1060660171779821,0.1060660171779821,0.0268421052631579
4.962209285312285,5.414397105895744,-0.1060660171779821,0.1060660171779821,0.0357894736842105
5.581374391346727,6.071105152439766,-0.1060660171779821,0.1060660171779821,0.0447368421052631
5.9288746426665675,6.9195537486593395,-0.1060660171779821,0.1060660171779821,0.0536842105263157
0.7772245849563495,13.324173700713171,-0.1060660171779821,0.1060660171779821,0.0626315789473684
-6.034475101600369,21.0604123158572,-0.1060660171779821,0.1060660171779821,0.071578947368421
-9.684826395425343,25.438689897962146,-0.1060660171779821,0.1060660171779821,0.0805263157894736
-13.397453024138425,29.664614956478953,-0.1060660171779821,0.1060660171779821,0.0894736842105263
-6.561237612832214,23.123249067038827,-0.1060660171779821,0.1060660171779821,0.0984210526315789
0.06991187202112492,16.639927708860796,-0.1060660171779821,0.1060660171779821,0.1073684210526315
3.662154333667335,13.402122370601457,-0.1060660171779821,0.1060660171779821,0.1163157894736842
5.070693708164713,12.994149510000328,-0.1060660171779821,0.1060660171779821,0.1252631578947368
3.003586905176003,17.844183359155803,-0.1060660171779821,0.1060660171779821,0.1342105263157895
6.17013266133817,18.95766720789774,-0.1060660171779821,0.1060660171779821,0.1431578947368421
-3.1987990934324806,31.96482044195405,-0.1060660171779821,0.1060660171779821,0.1521052631578947
-19.754184973000186,47.81890796473072,-0.1060660171779821,0.1060660171779821,0.1610526315789473
-81.11132813304897,100.85594458500779,-0.1060660171779821,0.1060660171779821,0.17
-101.50469584718977,105.08105939532464,-0.105,0.0,0.0
0.0050928131990738215,0.005752824151896978,-0.105,0.0,0.0085
0.0056027451932942835,0.006018029300540917,-0.105,0.0,0.0169999999999999
0.006087448538355169,0.00733197780274743,-0.105,0.0,0.0254999999999999
0.006344190820676178,0.008713942793832823,-0.105,0.0,0.034
0.007018185681788755,0.009176672322575645,-0.105,0.0,0.0425
0.007589253613744497,0.009590889678483504,-0.105,0.0,0.051
0.007806098121544644,0.009999331449166558,-0.105,0.0,0.0594999999999999
0.008108737086881892,0.009964252532551909,-0.105,0.0,0.068
0.008167756718456223,0.009838763291574577,-0.105,0.0,0.0764999999999999
0.008126155161547355,0.009570553778509645,-0.105,0.0,0.085
0.008154790394672921,0.00892280425551388,-0.105,0.0,0.0935
0.007766158993780638,0.008523781368297163,-0.105,0.0,0.102
0.007388276483860581,0.00816690691512202,-0.105,0.0,0.1105
0.007285377809235278,0.007965538946964322,-0.105,0.0,0.119
0.007310684672733425,0.008535150384203776,-0.105,0.0,0.1275
0.008467017296006045,0.010223370991758155,-0.105,0.0,0.136
0.013541383200941413,0.017306848411015787,-0.105,0.0,0.1445
0.038528548946167064,0.039043669718361325,-0.105,0.0,0.153
0.08375811590717575,0.09506276843503567,-0.105,0.0,0.1615
0.10617523299416819,0.3372911051251699,-0.105,0.0,0.17
-95.51468244975028,99.9951042894371,-0.09596449173246,-0.09596449173246,0.0
0.008396917002696748,0.008423062133984053,-0.09596449173246,-0.09596449173246,0.008095238095238
0.00996738062577964,0.01128972229187416,-0.09596449173246,-0.09596449173246,0.0161904761904762
0.011087171666525914,0.012707931533014086,-0.09596449173246,-0.09596449173246,0.0242857142857142
0.011726551327827961,0.01273338294506527,-0.09596449173246,-0.09596449173246,0.0323809523809523
0.011978121098264346,0.012512690034027055,-0.09596449173246,-0.09596449173246,0.0404761904761904
0.011929699303903528,0.012344423103414071,-0.09596449173246,-0.09596449173246,0.0485714285714285
0.011961285299825758,0.01200800048995816,-0.09596449173246,-0.09596449173246,0.0566666666666666
0.011684384859060842,0.012092169038184358,-0.09596449173246,-0.09596449173246,0.0647619047619047
0.011498346517179223,0.01224380322974001,-0.09596449173246,-0.09596449173246,0.0728571428571428
0.01148170352686984,0.012472779135945534,-0.09596449173246,-0.09596449173246,0.0809523809523809
0.011330758597266592,0.01324650948853178,-0.09596449173246,-0.09596449173246,0.089047619047619
0.011875578436769063,0.013646970298903934,-0.09596449173246,-0.09596449173246,0.0971428571428571
0.012902999375577836,0.014305047160802364,-0.09596449173246,-0.09596449173246,0.1052380952380952
0.01427766192564713,0.01508874911558347,-0.09596449173246,-0.09596449173246,0.1133333333333333
0.0166246298532401,0.0167531022729639,-0.09596449173246,-0.09596449173246,0.1214285714285714
0.018048374938332112,0.021270621226788286,-0.09596449173246,-0.09596449173246,0.1295238095238095
0.023232346436518603,0.028780627511249487,-0.09596449173246,-0.09596449173246,0.1376190476190476
0.031786196465008465,0.03583976908955473,-0.09596449173246,-0.09596449173246,0.1457142857142857
0.03959634395623507,0.04787305981542053,-0.09596449173246,-0.09596449173246,0.1538095238095238
0.04087490572159065,0.04768438886952395,-0.09596449173246,-0.09596449173246,0.1619047619047619
0.008432889211190274,0.023269660251086927,-0.09596449173246,-0.09596449173246,0.17
-11.530024674583727,15.611010107688832,-0.0949011732645103,0.0949011732645103,0.0
0.006332326927642885,0.007188110032675036,-0.0949011732645103,0.0949011732645103,0.0089473684210526
0.007823361537216723,0.008221266449114875,-0.0949011732645103,0.0949011732645103,0.0178947368421052
0.009347745344803298,0.010579118969218503,-0.0949011732645103,0.0949011732645103,0.0268421052631579
0.01027326121199797,0.012696537381888182,-0.0949011732645103,0.0949011732645103,0.0357894736842105
0.010906046846446249,0.013963005281259551,-0.0949011732645103,0.0949011732645103,0.0447368421052631
0.011348984786578135,0.014473999413413263,-0.0949011732645103,0.0949011732645103,0.0536842105263157
0.011616941127324372,0.014477564067681005,-0.0949011732645103,0.0949011732645103,0.0626315789473684
0.011810230644691494,0.01417111768888296,-0.0949011732645103,0.0949011732645103,0.071578947368421
0.012036941358486698,0.013823436927624437,-0.0949011732645103,0.0949011732645103,0.0805263157894736
0.012066788564457781,0.013860454312621819,-0.0949011732645103,0.0949011732645103,0.0894736842105263
0.01252875002140795,0.01371020187966025,-0.0949011732645103,0.0949011732645103,0.0984210526315789
0.012805715497453383,0.013975733005548416,-0.0949011732645103,0.0949011732645103,0.1073684210526315
0.013330907369223132,0.014555460807051468,-0.0949011732645103,0.0949011732645103,0.1163157894736842
0.014325256390759582,0.015948720879171017,-0.0949011732645103,0.0949011732645103,0.1252631578947368
0.016601796979309847,0.01998356327716384,-0.0949011732645103,0.0949011732645103,0.1342105263157895
0.023424679620626315,0.02856636700674788,-0.0949011732645103,0.0949011732645103,0.1431578947368421
0.034048357932268215,0.044601181970186775,-0.0949011732645103,0.0949011732645103,0.1521052631578947
0.045290660283993894,0.0580768825695617,-0.0949011732645103,0.0949011732645103,0.1610526315789473
0.01291313431127439,0.034238920225243066,-0.0949011732645103,0.0949011732645103,0.17
-112.22141556619832,116.06710542491308,-0.0899999999999999,0.0,0.0
0.005075162285375293,0.005961100759368307,-0.0899999999999999,0.0,0.0085
0.005039186491667274,0.005357802705530925,-0.0899999999999999,0.0,0.0169999999999999
0.00536803646041291,0.005886831042745291,-0.0899999999999999,0.0,0.0254999999999999
0.005721281200953058,0.006812321348936544,-0.0899999999999999,0.0,0.034
0.005866106835731365,0.007690812820419036,-0.0899999999999999,0.0,0.0425
0.006352151840787633,0.008197087972114566,-0.0899999999999999,0.0,0.051
0.006552212323473157,0.008736698987180243,-0.0899999999999999,0.0,0.0594999999999999
0.006861010983292365,0.008886940711150437,-0.0899999999999999,0.0,0.068
0.006985064651972195,0.008891469903327405,-0.0899999999999999,0.0,0.0764999999999999
0.007000227784075757,0.008736431773750244,-0.0899999999999999,0.0,0.085
0.006830603236579303,0.008480183579850496,-0.0899999999999999,0.0,0.0935
0.006517660353842842,0.008122582168240359,-0.0899999999999999,0.0,0.102
0.006574046323086085,0.007331371317423715,-0.0899999999999999,0.0,0.1105
0.006419842547230349,0.00692082085922665,-0.0899999999999999,0.0,0.119
0.006342519950272011,0.006993685164580789,-0.0899999999999999,0.0,0.1275
0.007096788166492253,0.007967436349556947,-0.0899999999999999,0.0,0.136
0.010582025671250911,0.012589454652280889,-0.0899999999999999,0.0,0.1445
0.03186232948387736,0.035574614569069844,-0.0899999999999999,0.0,0.153
0.11913054052496895,0.12230179170389664,-0.0899999999999999,0.0,0.1615
-8529.07908580781,8576.43046008742,-0.0899999999999999,0.0,0.17
-149.91680619223175,155.83077903653165,-0.0858629662869379,-0.0858629662869379,0.0
0.007573692514682534,0.007939063625864266,-0.0858629662869379,-0.0858629662869379,0.008095238095238
0.008031905312836336,0.008961141759280464,-0.0858629662869379,-0.0858629662869379,0.0161904761904762
0.008406294363196027,0.009270299776108774,-0.0858629662869379,-0.0858629662869379,0.0242857142857142
0.00863996996837408,0.00902358010938292,-0.0858629662869379,-0.0858629662869379,0.0323809523809523
0.008598294991889301,0.008722569119183699,-0.0858629662869379,-0.0858629662869379,0.0404761904761904
0.008257555154574965,0.008619261793188634,-0.0858629662869379,-0.0858629662869379,0.0485714285714285
0.007706854754366738,0.008484941951998663,-0.0858629662869379,-0.0858629662869379,0.0566666666666666
0.007151529470796968,0.008312241392160632,-0.0858629662869379,-0.0858629662869379,0.0647619047619047
0.006624514969419952,0.007906668605964843,-0.0858629662869379,-0.0858629662869379,0.0728571428571428
0.006333028343942089,0.0074710603153973106,-0.0858629662869379,-0.0858629662869379,0.0809523809523809
0.00589041717061315,0.007329273528562251,-0.0858629662869379,-0.0858629662869379,0.089047619047619
0.005948038536848009,0.007104533538716992,-0.0858629662869379,-0.0858629662869379,0.0971428571428571
0.0063305288752332515,0.0070723198432171485,-0.0858629662869379,-0.0858629662869379,0.1052380952380952
0.00716450457442751,0.007292387945861688,-0.0858629662869379,-0.0858629662869379,0.1133333333333333
0.007843101250042716,0.009661459770649283,-0.0858629662869379,-0.0858629662869379,0.1214285714285714
0.007720596375098563,0.015930459375726836,-0.0858629662869379,-0.0858629662869379,0.1295238095238095
0.0123540536111676,0.028286834979107,-0.0858629662869379,-0.0858629662869379,0.1376190476190476
0.026434786931734088,0.041894767028780706,-0.0858629662869379,-0.0858629662869379,0.1457142857142857
0.046366762675664704,0.06200600526786889,-0.0858629662869379,-0.0858629662869379,0.1538095238095238
0.06557612000038313,0.09259970889729707,-0.0858629662869379,-0.0858629662869379,0.1619047619047619
0.030846225130492493,0.04386555673217691,-0.0858629662869379,-0.0858629662869379,0.17
-53.19636562586118,58.24902176117363,-0.0837363293510385,0.0837363293510385,0.0
0.006587890570038131,0.0066138693778443934,-0.0837363293510385,0.0837363293510385,0.0089473684210526
0.006656340192365597,0.006903256524663803,-0.0837363293510385,0.0837363293510385,0.0178947368421052
0.007643908423445347,0.008296702346678652,-0.0837363293510385,0.0837363293510385,0.0268421052631579
0.008569761117268518,0.009282905486950882,-0.0837363293510385,0.0837363293510385,0.0357894736842105
0.008947560265792553,0.010101536827598645,-0.0837363293510385,0.0837363293510385,0.0447368421052631
0.0093464456968546,0.010370008621801999,-0.0837363293510385,0.0837363293510385,0.0536842105263157
0.009579184714565115,0.010444746561200686,-0.0837363293510385,0.0837363293510385,0.0626315789473684
0.009660412310660798,0.010341466854074404,-0.0837363293510385,0.0837363293510385,0.071578947368421
0.009683856334927856,0.010044345180217346,-0.0837363293510385,0.0837363293510385,0.0805263157894736
0.009548647080886557,0.009652325454168645,-0.0837363293510385,0.0837363293510385,0.0894736842105263
0.009155379159851096,0.009342083843211304,-0.0837363293510385,0.0837363293510385,0.0984210526315789
0.008714011643582785,0.009045824249016014,-0.0837363293510385,0.0837363293510385,0.1073684210526315
0.008475217252340066,0.008722703369347131,-0.0837363293510385,0.0837363293510385,0.1163157894736842
0.008654850106149442,0.008936343976931955,-0.0837363293510385,0.0837363293510385,0.1252631578947368
0.009526062554159996,0.010952442533730804,-0.0837363293510385,0.0837363293510385,0.1342105263157895
0.014958687074616528,0.01754460131316747,-0.0837363293510385,0.0837363293510385,0.1431578947368421
0.033261541727069854,0.037755203779409344,-0.0837363293510385,0.0837363293510385,0.1521052631578947
0.06575583567358387,0.06971183391962832,-0.0837363293510385,0.0837363293510385,0.1610526315789473
0.07039311522611662,0.07162386241628278,-0.0837363293510385,0.0837363293510385,0.17
-177.19636922947757,184.10514907532064,-0.0757614408414158,-0.0757614408414158,0.0
0.006854750038469516,0.007090567995141483,-0.0757614408414158,-0.0757614408414158,0.008095238095238
0.006842654702974577,0.007407768801471023,-0.0757614408414158,-0.0757614408414158,0.0161904761904762
0.007043721667702274,0.007598960490316526,-0.0757614408414158,-0.0757614408414158,0.0242857142857142
0.007240535393897235,0.007487200852664964,-0.0757614408414158,-0.0757614408414158,0.0323809523809523
0.007251101863878761,0.0073422573340372384,-0.0757614408414158,-0.0757614408414158,0.0404761904761904
0.006999555323859708,0.0072561835859418925,-0.0757614408414158,-0.0757614408414158,0.0485714285714285
0.0065162610231792595,0.0070660116271649386,-0.0757614408414158,-0.0757614408414158,0.0566666666666666
0.00596685168665131,0.006846846160862489,-0.0757614408414158,-0.0757614408414158,0.0647619047619047
0.00543134214514612,0.0064152213819018795,-0.0757614408414158,-0.0757614408414158,0.0728571428571428
0.0051122842357786335,0.005996562814593366,-0.0757614408414158,-0.0757614408414158,0.0809523809523809
0.00467678399402385,0.005769208852333351,-0.0757614408414158,-0.0757614408414158,0.089047619047619
0.004615619869645492,0.0054636152349601085,-0.0757614408414158,-0.0757614408414158,0.0971428571428571
0.004686353318071419,0.005217346005114781,-0.0757614408414158,-0.0757614408414158,0.1052380952380952
0.004966522010935111,0.00506734330991549,-0.0757614408414158,-0.0757614408414158,0.1133333333333333
0.005066075335160821,0.00576681504021318,-0.0757614408414158,-0.0757614408414158,0.1214285714285714
0.0055789886513312745,0.007424210150030325,-0.0757614408414158,-0.0757614408414158,0.1295238095238095
0.006523676836585999,0.0144423865202474,-0.0757614408414158,-0.0757614408414158,0.1376190476190476
0.014697077832555262,0.026948136646756736,-0.0757614408414158,-0.0757614408414158,0.1457142857142857
0.0478803063431613,0.0595006586973609,-0.0757614408414158,-0.0757614408414158,0.1538095238095238
0.08896132650355273,0.09523323971293587,-0.0757614408414158,-0.0757614408414158,0.1619047619047619
0.12453388426794464,0.30947186848195796,-0.0757614408414158,-0.0757614408414158,0.17
-163.83039139519687,167.79203496886944,-0.0749999999999999,0.0,0.0
0.005054001376208426,0.0060393532239001735,-0.0749999999999999,0.0,0.0085
0.004893354330710803,0.005285903653800796,-0.0749999999999999,0.0,0.0169999999999999
0.004976572481078831,0.0050275476635383695,-0.0749999999999999,0.0,0.0254999999999999
0.005053265427351171,0.005338015894275029,-0.0749999999999999,0.0,0.034
0.0051999113726712625,0.005823044678242338,-0.0749999999999999,0.0,0.0425
0.005156392624389966,0.006667219299064036,-0.0749999999999999,0.0,0.051
0.005267407991386053,0.007257763936924146,-0.0749999999999999,0.0,0.0594999999999999
0.005422297338857666,0.007613891450833933,-0.0749999999999999,0.0,0.068
0.0055163593638755965,0.007799765678774804,-0.0749999999999999,0.0,0.0764999999999999
0.005544522300380278,0.007822202830864522,-0.0749999999999999,0.0,0.085
0.005503658616060133,0.007706336879301867,-0.0749999999999999,0.0,0.0935
0.005402612001430355,0.007465360147596644,-0.0749999999999999,0.0,0.102
0.005320362820780972,0.007142990810527828,-0.0749999999999999,0.0,0.1105
0.00535975535531448,0.0069713720137023205,-0.0749999999999999,0.0,0.119
0.005931817235993167,0.0069331455721782335,-0.0749999999999999,0.0,0.1275
0.006817375386854045,0.008019058200214755,-0.0749999999999999,0.0,0.136
0.00963276983919043,0.011654327835428769,-0.0749999999999999,0.0,0.1445
0.03211992523859209,0.03552391334219351,-0.0749999999999999,0.0,0.153
0.1679542343125032,0.1720879958706292,-0.0749999999999999,0.0,0.1615
-73.20459439541986,133.40838206334362,-0.0749999999999999,0.0,0.17
-67.86172353449788,73.2222636573822,-0.0725714854375667,0.0725714854375667,0.0
0.00643841158567718,0.0064974551987156196,-0.0725714854375667,0.0725714854375667,0.0089473684210526
0.0056521688944060205,0.0058402248601941795,-0.0725714854375667,0.0725714854375667,0.0178947368421052
0.006319156540331394,0.006604998736484607,-0.0725714854375667,0.0725714854375667,0.0268421052631579
0.00711584846752234,0.007531184225774459,-0.0725714854375667,0.0725714854375667,0.0357894736842105
0.007551024157197138,0.008383419118595862,-0.0725714854375667,0.0725714854375667,0.0447368421052631
0.008096624018818372,0.008706509411187427,-0.0725714854375667,0.0725714854375667,0.0536842105263157
0.008433516965519807,0.008960586564843795,-0.0725714854375667,0.0725714854375667,0.0626315789473684
0.008561272963868497,0.009050497911784503,-0.0725714854375667,0.0725714854375667,0.071578947368421
0.008601502103683647,0.008961648685744552,-0.0725714854375667,0.0725714854375667,0.0805263157894736
0.00850576176962265,0.00874501966774255,-0.0725714854375667,0.0725714854375667,0.0894736842105263
0.008293583165898389,0.008420555246799213,-0.0725714854375667,0.0725714854375667,0.0984210526315789
0.008008106864299562,0.008034327540222838,-0.0725714854375667,0.0725714854375667,0.1073684210526315
0.00760754110156262,0.007688184025063379,-0.0725714854375667,0.0725714854375667,0.1163157894736842
0.007465785976081156,0.0074915688730592435,-0.0725714854375667,0.0725714854375667,0.1252631578947368
0.007684350873326481,0.007895650646296317,-0.0725714854375667,0.0725714854375667,0.1342105263157895
0.010257597112969736,0.010599590871829665,-0.0725714854375667,0.0725714854375667,0.1431578947368421
0.023386035574153596,0.026308152095622806,-0.0725714854375667,0.0725714854375667,0.1521052631578947
0.07255145701436787,0.08695641943354752,-0.0725714854375667,0.0725714854375667,0.1610526315789473
0.16415640279921836,0.3922545808765402,-0.0725714854375667,0.0725714854375667,0.17
-113.55394409950911,120.24617739606704,-0.0656599153958936,-0.0656599153958937,0.0
0.006096296895015798,0.006265297939350004,-0.0656599153958936,-0.0656599153958937,0.008095238095238
0.005964865601412468,0.006101251291130332,-0.0656599153958936,-0.0656599153958937,0.0161904761904762
0.006046050396104606,0.006320482995652994,-0.0656599153958936,-0.0656599153958937,0.0242857142857142
0.006228094938062817,0.006367255052627583,-0.0656599153958936,-0.0656599153958937,0.0323809523809523
0.006323091652661845,0.006371462684342555,-0.0656599153958936,-0.0656599153958937,0.0404761904761904
0.006209171336599093,0.006384122043431305,-0.0656599153958936,-0.0656599153958937,0.0485714285714285
0.0059485665779841395,0.00629218915833346,-0.0656599153958936,-0.0656599153958937,0.0566666666666666
0.005656424849902652,0.006110317598697948,-0.0656599153958936,-0.0656599153958937,0.0647619047619047
0.005256184176083855,0.005825692042699945,-0.0656599153958936,-0.0656599153958937,0.0728571428571428
0.00481697878646675,0.0056295893563564495,-0.0656599153958936,-0.0656599153958937,0.0809523809523809
0.004434898874912203,0.005286456286141595,-0.0656599153958936,-0.0656599153958937,0.089047619047619
0.004169777334137323,0.004989392592930278,-0.0656599153958936,-0.0656599153958937,0.0971428571428571
0.003980048637950863,0.004678786874786738,-0.0656599153958936,-0.0656599153958937,0.1052380952380952
0.004009359381609884,0.0044594028603353155,-0.0656599153958936,-0.0656599153958937,0.1133333333333333
0.004344718471986534,0.004384982149878666,-0.0656599153958936,-0.0656599153958937,0.1214285714285714
0.004590845964575936,0.005119250167774864,-0.0656599153958936,-0.0656599153958937,0.1295238095238095
0.005820638522093873,0.007169073344926526,-0.0656599153958936,-0.0656599153958937,0.1376190476190476
0.010879124671812831,0.012889024738348367,-0.0656599153958936,-0.0656599153958937,0.1457142857142857
0.03757129089905968,0.05381958427769272,-0.0656599153958936,-0.0656599153958937,0.1538095238095238
0.1170875665559553,0.1193150192592289,-0.0656599153958936,-0.0656599153958937,0.1619047619047619
-171997.4167710583,172089.75687440738,-0.0656599153958936,-0.0656599153958937,0.17
-60.025949929310094,64.51871048668409,-0.0614066415240949,0.0614066415240949,0.0
0.006072086996663957,0.007208783404626849,-0.0614066415240949,0.0614066415240949,0.0089473684210526
0.004380426630963836,0.006335245779384764,-0.0614066415240949,0.0614066415240949,0.0178947368421052
0.004812737797699665,0.0057327335953793355,-0.0614066415240949,0.0614066415240949,0.0268421052631579
0.005626935301903797,0.005982867463565203,-0.0614066415240949,0.0614066415240949,0.0357894736842105
0.0063592951565593124,0.006502804835623288,-0.0614066415240949,0.0614066415240949,0.0447368421052631
0.006754412043075793,0.007114436653279206,-0.0614066415240949,0.0614066415240949,0.0536842105263157
0.007060455116695599,0.007611558262367402,-0.0614066415240949,0.0614066415240949,0.0626315789473684
0.007220080912181515,0.007881487825083685,-0.0614066415240949,0.0614066415240949,0.071578947368421
0.007266377319741604,0.008015544048739196,-0.0614066415240949,0.0614066415240949,0.0805263157894736
0.007244315944423474,0.008012931860487927,-0.0614066415240949,0.0614066415240949,0.0894736842105263
0.007159257764404601,0.0079004432464932,-0.0614066415240949,0.0614066415240949,0.0984210526315789
0.0070227374855611376,0.007701519678738862,-0.0614066415240949,0.0614066415240949,0.1073684210526315
0.006859570312272739,0.0073880054818954615,-0.0614066415240949,0.0614066415240949,0.1163157894736842
0.006854300572463662,0.007084348528988737,-0.0614066415240949,0.0614066415240949,0.1252631578947368
0.0070706015333207054,0.007236262453945695,-0.0614066415240949,0.0614066415240949,0.1342105263157895
0.008788971831174415,0.008983254027885584,-0.0614066415240949,0.0614066415240949,0.1431578947368421
0.020944110409998808,0.02150105890150819,-0.0614066415240949,0.0614066415240949,0.1521052631578947
0.09862309518777061,0.11403207852041718,-0.0614066415240949,0.0614066415240949,0.1610526315789473
-36391.35110318167,36440.12252439856,-0.0614066415240949,0.0614066415240949,0.17
-99.36682015438447,103.29171452611885,-0.0599999999999999,0.0,0.0
0.004591877572080528,0.006119479540664672,-0.0599999999999999,0.0,0.0085
0.00461196820109508,0.004996979821458718,-0.0599999999999999,0.0,0.0169999999999999
0.004735513369740608,0.004849021338196391,-0.0599999999999999,0.0,0.0254999999999999
0.00477536252360848,0.004842977609365519,-0.0599999999999999,0.0,0.034
0.004762742410682638,0.004869824747330161,-0.0599999999999999,0.0,0.0425
0.004764577360760639,0.00494418933604316,-0.0599999999999999,0.0,0.051
0.004694918142464774,0.005185119493841426,-0.0599999999999999,0.0,0.0594999999999999
0.0047210310286535905,0.00539785023936341,-0.0599999999999999,0.0,0.068
0.004730458693247678,0.005680949518541522,-0.0599999999999999,0.0,0.0764999999999999
0.0047310405843049635,0.005977411778781636,-0.0599999999999999,0.0,0.085
0.00472944603982294,0.0063919238142808605,-0.0599999999999999,0.0,0.0935
0.004776978155952919,0.00694125891953088,-0.0599999999999999,0.0,0.102
0.0050428323372385744,0.007627488222578825,-0.0599999999999999,0.0,0.1105
0.005508282280310311,0.008490279627896889,-0.0599999999999999,0.0,0.119
0.006007181232594399,0.0093985915332234,-0.0599999999999999,0.0,0.1275
0.0077929215929688185,0.009829167528822583,-0.0599999999999999,0.0,0.136
0.009892482711637132,0.013032332921432667,-0.0599999999999999,0.0,0.1445
0.031089861469348376,0.03315380132727043,-0.0599999999999999,0.0,0.153
0.2362885742173464,0.2424204174209184,-0.0599999999999999,0.0,0.1615
-332.0921587390597,409.18262232785725,-0.0599999999999999,0.0,0.17
-138.80957314729085,144.89366796965152,-0.0555583899503715,-0.0555583899503716,0.0
0.005151910632357461,0.00572420609622374,-0.0555583899503715,-0.0555583899503716,0.008095238095238
0.005159280441252111,0.005282430905212889,-0.0555583899503715,-0.0555583899503716,0.0161904761904762
0.005305822160349943,0.0054096291207932565,-0.0555583899503715,-0.0555583899503716,0.0242857142857142
0.005432644448358956,0.005530462309969243,-0.0555583899503715,-0.0555583899503716,0.0323809523809523
0.0055556550912763455,0.005569852693724054,-0.0555583899503715,-0.0555583899503716,0.0404761904761904
0.00553789069456964,0.005590930880778361,-0.0555583899503715,-0.0555583899503716,0.0485714285714285
0.005396356424001753,0.005572577210282447,-0.0555583899503715,-0.0555583899503716,0.0566666666666666
0.005246464355761737,0.005451823444930464,-0.0555583899503715,-0.0555583899503716,0.0647619047619047
0.0049371866143010186,0.005312851069282982,-0.0555583899503715,-0.0555583899503716,0.0728571428571428
0.0047428256230332795,0.005029834997874321,-0.0555583899503715,-0.0555583899503716,0.0809523809523809
0.0043238974881366025,0.004804045670638997,-0.0555583899503715,-0.0555583899503716,0.089047619047619
0.004018371058832049,0.004525228610603349,-0.0555583899503715,-0.0555583899503716,0.0971428571428571
0.003769818655242299,0.004209258028320902,-0.0555583899503715,-0.0555583899503716,0.1052380952380952
0.003723845408720649,0.0040166149906059505,-0.0555583899503715,-0.0555583899503716,0.1133333333333333
0.003945866252826319,0.0039623794266354815,-0.0555583899503715,-0.0555583899503716,0.1214285714285714
0.004226090682899371,0.004565225554675629,-0.0555583899503715,-0.0555583899503716,0.1295238095238095
0.005295338000235156,0.006174638494535645,-0.0555583899503715,-0.0555583899503716,0.1376190476190476
0.009141075827333804,0.009543576628593394,-0.0555583899503715,-0.0555583899503716,0.1457142857142857
0.03938428247303139,0.054267815159151,-0.0555583899503715,-0.0555583899503716,0.1538095238095238
0.15657315188186063,0.16344245623054496,-0.0555583899503715,-0.0555583899503716,0.1619047619047619
-86795.29523164136,86851.94978339638,-0.0555583899503715,-0.0555583899503716,0.17
-60.596765671100144,64.77630715975991,-0.0502417976106231,0.0502417976106231,0.0
0.007554661786300491,0.00836287033076031,-0.0502417976106231,0.0502417976106231,0.0089473684210526
0.0067673689409969194,0.007302398098838681,-0.0502417976106231,0.0502417976106231,0.0178947368421052
0.006292841843352847,0.006755948514142352,-0.0502417976106231,0.0502417976106231,0.0268421052631579
0.006192747004424196,0.006479912718436405,-0.0502417976106231,0.0502417976106231,0.0357894736842105
0.0062342021206178945,0.006452287809326306,-0.0502417976106231,0.0502417976106231,0.0447368421052631
0.00633269512604863,0.006532227831436771,-0.0502417976106231,0.0502417976106231,0.0536842105263157
0.006447031883823926,0.0066900474413922745,-0.0502417976106231,0.0502417976106231,0.0626315789473684
0.006691287051892181,0.006719465245056217,-0.0502417976106231,0.0502417976106231,0.071578947368421
0.006725304420007629,0.006922301676647971,-0.0502417976106231,0.0502417976106231,0.0805263157894736
0.006769666510942369,0.007010575029415432,-0.0502417976106231,0.0502417976106231,0.0894736842105263
0.00668230513712201,0.00712346627124199,-0.0502417976106231,0.0502417976106231,0.0984210526315789
0.006564557804134524,0.007201503394435676,-0.0502417976106231,0.0502417976106231,0.1073684210526315
0.0064878286529004665,0.007307776754813333,-0.0502417976106231,0.0502417976106231,0.1163157894736842
0.0067566714256588325,0.007279223295936767,-0.0502417976106231,0.0502417976106231,0.1252631578947368
0.007091550824914758,0.007617771996988841,-0.0502417976106231,0.0502417976106231,0.1342105263157895
0.008654590518225943,0.008792260303827253,-0.0502417976106231,0.0502417976106231,0.1431578947368421
0.019683655975784878,0.020465958786230525,-0.0502417976106231,0.0502417976106231,0.1521052631578947
0.13729951686104355,0.15942348758758987,-0.0502417976106231,0.0502417976106231,0.1610526315789473
-191.69598555929437,255.0264118280044,-0.0502417976106231,0.0502417976106231,0.17
-165.0984170272742,170.60898637980932,-0.0454568645048494,-0.0454568645048494,0.0
0.004529217145495515,0.005338293324994053,-0.0454568645048494,-0.0454568645048494,0.008095238095238
0.004467623542380121,0.004833819672878078,-0.0454568645048494,-0.0454568645048494,0.0161904761904762
0.0047035278240446805,0.004804488057872319,-0.0454568645048494,-0.0454568645048494,0.0242857142857142
0.004827939201401244,0.004892646363309157,-0.0454568645048494,-0.0454568645048494,0.0323809523809523
0.004899871409768511,0.00496570666735649,-0.0454568645048494,-0.0454568645048494,0.0404761904761904
0.004904265539800892,0.004983424944715106,-0.0454568645048494,-0.0454568645048494,0.0485714285714285
0.004845785030377787,0.004953210669803813,-0.0454568645048494,-0.0454568645048494,0.0566666666666666
0.004751012148838103,0.004880905587950895,-0.0454568645048494,-0.0454568645048494,0.0647619047619047
0.004595500726961334,0.004744441859454867,-0.0454568645048494,-0.0454568645048494,0.0728571428571428
0.004448008191062217,0.004569083116834184,-0.0454568645048494,-0.0454568645048494,0.0809523809523809
0.004187557302901175,0.004404312035592225,-0.0454568645048494,-0.0454568645048494,0.089047619047619
0.004037416613276627,0.004219134664229774,-0.0454568645048494,-0.0454568645048494,0.0971428571428571
0.003941754672451884,0.004021017059348716,-0.0454568645048494,-0.0454568645048494,0.1052380952380952
0.003900318924752848,0.003988897316608752,-0.0454568645048494,-0.0454568645048494,0.1133333333333333
0.0038290786281614873,0.0045098989508647125,-0.0454568645048494,-0.0454568645048494,0.1214285714285714
0.004098649051409338,0.0055916272264974615,-0.0454568645048494,-0.0454568645048494,0.1295238095238095
0.005605194963625177,0.007077401370667024,-0.0454568645048494,-0.0454568645048494,0.1376190476190476
0.009053941852596876,0.010620381956032524,-0.0454568645048494,-0.0454568645048494,0.1457142857142857
0.04217211947379169,0.06168937294544067,-0.0454568645048494,-0.0454568645048494,0.1538095238095238
0.21675920773083912,0.22712550470940446,-0.0454568645048494,-0.0454568645048494,0.1619047619047619
-175501.51748327265,175572.6754617216,-0.0454568645048494,-0.0454568645048494,0.17
-17.847985393575794,21.837687013854076,-0.0449999999999999,0.0,0.0
0.004044771264301379,0.0066653156432956205,-0.0449999999999999,0.0,0.0085
0.0033101547319914896,0.005758305169178711,-0.0449999999999999,0.0,0.0169999999999999
0.0036043606924121294,0.00531458850573827,-0.0449999999999999,0.0,0.0254999999999999
0.003912405353780151,0.005127729924471248,-0.0449999999999999,0.0,0.034
0.004276222361655018,0.004938191299585382,-0.0449999999999999,0.0,0.0425
0.0046628758184062615,0.004825429947102538,-0.0449999999999999,0.0,0.051
0.004869695826284253,0.0051946557072731474,-0.0449999999999999,0.0,0.0594999999999999
0.004770516513620976,0.006454116792268623,-0.0449999999999999,0.0,0.068
0.00494566690753928,0.00846205256640192,-0.0449999999999999,0.0,0.0764999999999999
0.005148478407520863,0.010454921185693338,-0.0449999999999999,0.0,0.085
0.005288365320588965,0.011926361992338035,-0.0449999999999999,0.0,0.0935
0.005572475631048827,0.013043620954474172,-0.0449999999999999,0.0,0.102
0.00653412810984624,0.013318936621162361,-0.0449999999999999,0.0,0.1105
0.00909624898969119,0.01240742925884261,-0.0449999999999999,0.0,0.119
0.01012461099776325,0.013405311389080951,-0.0449999999999999,0.0,0.1275
0.011620673561063345,0.015311808585634456,-0.0449999999999999,0.0,0.136
0.014291429082838503,0.019467147510593696,-0.0449999999999999,0.0,0.1445
0.027752000311403825,0.03512707934466177,-0.0449999999999999,0.0,0.153
0.264497143990092,0.28146166336753736,-0.0449999999999999,0.0,0.1615
-928572.6382628983,928761.4144361565,-0.0449999999999999,0.0,0.17
-114.76433395972884,119.94220944156626,-0.0390769536971513,0.0390769536971513,0.0
0.009523473376018202,0.009761618296180599,-0.0390769536971513,0.0390769536971513,0.0089473684210526
0.008440162722107269,0.008526207267986531,-0.0390769536971513,0.0390769536971513,0.0178947368421052
0.007878651088571055,0.007976081530266346,-0.0390769536971513,0.0390769536971513,0.0268421052631579
0.0075522789132400235,0.007718350577645376,-0.0390769536971513,0.0390769536971513,0.0357894736842105
0.007444717675352438,0.007666966038286362,-0.0390769536971513,0.0390769536971513,0.0447368421052631
0.00743024181975452,0.007807090812349879,-0.0390769536971513,0.0390769536971513,0.0536842105263157
0.007473822739248001,0.007977544611947199,-0.0390769536971513,0.0390769536971513,0.0626315789473684
0.007509855796710058,0.008107459669808142,-0.0390769536971513,0.0390769536971513,0.071578947368421
0.007530290633233876,0.008250800353185926,-0.0390769536971513,0.0390769536971513,0.0805263157894736
0.007544517131671371,0.008328379051847029,-0.0390769536971513,0.0390769536971513,0.0894736842105263
0.007568847530300532,0.008384617022051066,-0.0390769536971513,0.0390769536971513,0.0984210526315789
0.007653561354812057,0.008501397789756341,-0.0390769536971513,0.0390769536971513,0.1073684210526315
0.007920151600840551,0.008705549997393449,-0.0390769536971513,0.0390769536971513,0.1163157894736842
0.008332863364884889,0.00894195584593951,-0.0390769536971513,0.0390769536971513,0.1252631578947368
0.008828732327732033,0.009474810976723766,-0.0390769536971513,0.0390769536971513,0.1342105263157895
0.010112474024400329,0.010445589271327271,-0.0390769536971513,0.0390769536971513,0.1431578947368421
0.017975975747713917,0.01862555286204428,-0.0390769536971513,0.0390769536971513,0.1521052631578947
0.145826485917506,0.2318670125923676,-0.0390769536971513,0.0390769536971513,0.1610526315789473
5.657407573918981,79.37091605827226,-0.0390769536971513,0.0390769536971513,0.17
-153.73864908018928,158.82297125078006,-0.0353553390593273,-0.0353553390593273,0.0
0.003917697142338392,0.005520801234866807,-0.0353553390593273,-0.0353553390593273,0.008095238095238
0.003971041658837895,0.004599301418979706,-0.0353553390593273,-0.0353553390593273,0.0161904761904762
0.004138670360103082,0.004488955660872719,-0.0353553390593273,-0.0353553390593273,0.0242857142857142
0.004266534834096127,0.004503594412257472,-0.0353553390593273,-0.0353553390593273,0.0323809523809523
0.00435232020176821,0.004539542483183591,-0.0353553390593273,-0.0353553390593273,0.0404761904761904
0.00438894538124412,0.00454969691311588,-0.0353553390593273,-0.0353553390593273,0.0485714285714285
0.004388316641528636,0.004534608161361964,-0.0353553390593273,-0.0353553390593273,0.0566666666666666
0.00431633196188669,0.00454795260174291,-0.0353553390593273,-0.0353553390593273,0.0647619047619047
0.004325269803064477,0.004441087262520524,-0.0353553390593273,-0.0353553390593273,0.0728571428571428
0.004313683178249489,0.0043522334081015105,-0.0353553390593273,-0.0353553390593273,0.0809523809523809
0.004280740628404488,0.004293840450405711,-0.0353553390593273,-0.0353553390593273,0.089047619047619
0.004199786838917731,0.004385554228329869,-0.0353553390593273,-0.0353553390593273,0.0971428571428571
0.0041031804225174565,0.004949463165561944,-0.0353553390593273,-0.0353553390593273,0.1052380952380952
0.0041786903494315545,0.006204484717574046,-0.0353553390593273,-0.0353553390593273,0.1133333333333333
0.004450715149294177,0.008656265122813223,-0.0353553390593273,-0.0353553390593273,0.1214285714285714
0.005151410290607969,0.010497710997017231,-0.0353553390593273,-0.0353553390593273,0.1295238095238095
0.007795626366480284,0.011173418512507914,-0.0353553390593273,-0.0353553390593273,0.1376190476190476
0.010711144184917192,0.01506392146932041,-0.0353553390593273,-0.0353553390593273,0.1457142857142857
0.03962442618112169,0.06235579727358792,-0.0353553390593273,-0.0353553390593273,0.1538095238095238
0.2952590603906227,0.3048609035938283,-0.0353553390593273,-0.0353553390593273,0.1619047619047619
-295962.1650431934,296126.7318678829,-0.0353553390593273,-0.0353553390593273,0.17
-98.13320830589748,101.34083448232607,-0.0299999999999999,0.0,0.0
0.004037619568778086,0.006189791882345971,-0.0299999999999999,0.0,0.0085
0.0030107037970649297,0.00556433822661047,-0.0299999999999999,0.0,0.0169999999999999
0.002691082586314798,0.005450085521490202,-0.0299999999999999,0.0,0.0254999999999999
0.002644811019839945,0.005380851604237854,-0.0299999999999999,0.0,0.034
0.002737029602111552,0.005359919160862448,-0.0299999999999999,0.0,0.0425
0.0030547634698472235,0.005342880841479176,-0.0299999999999999,0.0,0.051
0.0037679633538432082,0.005467932522179991,-0.0299999999999999,0.0,0.0594999999999999
0.005447291372082939,0.005902603536325461,-0.0299999999999999,0.0,0.068
0.006964261697201635,0.008953694385812566,-0.0299999999999999,0.0,0.0764999999999999
0.007735129429882362,0.012343819671274639,-0.0299999999999999,0.0,0.085
0.009117096225463963,0.015812071717822035,-0.0299999999999999,0.0,0.0935
0.011374335879494789,0.020245384379744207,-0.0299999999999999,0.0,0.102
0.01767339767504224,0.023610238451093158,-0.0299999999999999,0.0,0.1105
0.028548024206559806,0.030143794747325797,-0.0299999999999999,0.0,0.119
0.03980197881254885,0.046530078007535336,-0.0299999999999999,0.0,0.1275
0.06187593502915987,0.06869011945264633,-0.0299999999999999,0.0,0.136
0.08520968650851442,0.10181509157157075,-0.0299999999999999,0.0,0.1445
0.11887068926052098,0.13585683884786,-0.0299999999999999,0.0,0.153
0.3022617487847608,0.3188131934800144,-0.0299999999999999,0.0,0.1615
-2252285.0755251436,2252422.254961192,-0.0299999999999999,0.0,0.17
-13.204059803082838,22.482004582936202,-0.0279121097836795,0.0279121097836795,0.0
0.010736501827920773,0.013715795603153426,-0.0279121097836795,0.0279121097836795,0.0089473684210526
0.00976423673088296,0.01122790958626424,-0.0279121097836795,0.0279121097836795,0.0178947368421052
0.009224469116256961,0.010581002897764837,-0.0279121097836795,0.0279121097836795,0.0268421052631579
0.008994864821560573,0.010510395433130428,-0.0279121097836795,0.0279121097836795,0.0357894736842105
0.009062829781436504,0.010910116004951495,-0.0279121097836795,0.0279121097836795,0.0447368421052631
0.008375786394753759,0.012452441174948642,-0.0279121097836795,0.0279121097836795,0.0536842105263157
0.008539721767462052,0.013189352603143748,-0.0279121097836795,0.0279121097836795,0.0626315789473684
0.008728860082688458,0.013704135825177943,-0.0279121097836795,0.0279121097836795,0.071578947368421
0.008981181520231543,0.013972611570507856,-0.0279121097836795,0.0279121097836795,0.0805263157894736
0.0092327149617013,0.0141691539532417,-0.0279121097836795,0.0279121097836795,0.0894736842105263
0.009736057473942895,0.014270018329043507,-0.0279121097836795,0.0279121097836795,0.0984210526315789
0.011411936070610727,0.013596171631310675,-0.0279121097836795,0.0279121097836795,0.1073684210526315
0.012546557784276012,0.014300697796653987,-0.0279121097836795,0.0279121097836795,0.1163157894736842
0.014011075901838563,0.015528268016323638,-0.0279121097836795,0.0279121097836795,0.1252631578947368
0.015900518731082513,0.017896947284218288,-0.0279121097836795,0.0279121097836795,0.1342105263157895
0.019533985965976153,0.022590598343345644,-0.0279121097836795,0.0279121097836795,0.1431578947368421
0.028120104131934217,0.033907973398992985,-0.0279121097836795,0.0279121097836795,0.1521052631578947
0.2089041822465853,0.22588675444377682,-0.0279121097836795,0.0279121097836795,0.1610526315789473
-968783.9501895735,968888.035006844,-0.0279121097836795,0.0279121097836795,0.17
-64.26174324795336,69.22870205270898,-0.0252538136138052,-0.0252538136138052,0.0
0.0040097315893350225,0.005953144271447178,-0.0252538136138052,-0.0252538136138052,0.008095238095238
0.0036157577972831677,0.0049460972093152335,-0.0252538136138052,-0.0252538136138052,0.0161904761904762
0.003861703892847273,0.004645445311305526,-0.0252538136138052,-0.0252538136138052,0.0242857142857142
0.004040677748445069,0.00459960734557153,-0.0252538136138052,-0.0252538136138052,0.0323809523809523
0.0041876962206758035,0.004600611172391397,-0.0252538136138052,-0.0252538136138052,0.0404761904761904
0.004313451328210492,0.004594214051159308,-0.0252538136138052,-0.0252538136138052,0.0485714285714285
0.004408439156887941,0.004586194500581858,-0.0252538136138052,-0.0252538136138052,0.0566666666666666
0.004469122218173239,0.0045529026105191606,-0.0252538136138052,-0.0252538136138052,0.0647619047619047
0.004510557050076042,0.004524307671264957,-0.0252538136138052,-0.0252538136138052,0.0728571428571428
0.004453666203380924,0.004642822210712474,-0.0252538136138052,-0.0252538136138052,0.0809523809523809
0.0043295451251751825,0.005054775077904218,-0.0252538136138052,-0.0252538136138052,0.089047619047619
0.004301033491383516,0.005908677358697884,-0.0252538136138052,-0.0252538136138052,0.0971428571428571
0.004394687963743963,0.007868025032637435,-0.0252538136138052,-0.0252538136138052,0.1052380952380952
0.004685079414630035,0.010775185793321564,-0.0252538136138052,-0.0252538136138052,0.1133333333333333
0.0050542531294655085,0.01386297821617109,-0.0252538136138052,-0.0252538136138052,0.1214285714285714
0.0063124139517152945,0.016094709906180504,-0.0252538136138052,-0.0252538136138052,0.1295238095238095
0.010497853608254623,0.01619865033892998,-0.0252538136138052,-0.0252538136138052,0.1376190476190476
0.013888138986206569,0.02120934256249163,-0.0252538136138052,-0.0252538136138052,0.1457142857142857
0.035965210559928275,0.05644770143170431,-0.0252538136138052,-0.0252538136138052,0.1538095238095238
0.355820946595549,0.45130151583365213,-0.0252538136138052,-0.0252538136138052,0.1619047619047619
-1181551.564661046,1181768.7719077761,-0.0252538136138052,-0.0252538136138052,0.17
-11.322407530540493,20.11174802089925,-0.0167472658702077,0.0167472658702077,0.0
0.011784412129139275,0.013328678224333123,-0.0167472658702077,0.0167472658702077,0.0089473684210526
0.011037828529419154,0.014120110241536046,-0.0167472658702077,0.0167472658702077,0.0178947368421052
0.010020031647410903,0.016421329127323296,-0.0167472658702077,0.0167472658702077,0.0268421052631579
0.010724645625430398,0.018223050815318005,-0.0167472658702077,0.0167472658702077,0.0357894736842105
0.011719980365426826,0.021156381608634575,-0.0167472658702077,0.0167472658702077,0.0447368421052631
0.013466574432285836,0.025481107860787763,-0.0167472658702077,0.0167472658702077,0.0536842105263157
0.016396671379354577,0.03278897304204102,-0.0167472658702077,0.0167472658702077,0.0626315789473684
0.02060273725681014,0.04376581223086007,-0.0167472658702077,0.0167472658702077,0.071578947368421
0.02759909519380277,0.059877041009101045,-0.0167472658702077,0.0167472658702077,0.0805263157894736
0.03630319976033998,0.08466341266048104,-0.0167472658702077,0.0167472658702077,0.0894736842105263
0.0497548029972608,0.10667287903443919,-0.0167472658702077,0.0167472658702077,0.0984210526315789
0.06474391959826095,0.12657543799194665,-0.0167472658702077,0.0167472658702077,0.1073684210526315
0.08406359417261396,0.14180454497847567,-0.0167472658702077,0.0167472658702077,0.1163157894736842
0.10344163885037869,0.1521494024859705,-0.0167472658702077,0.0167472658702077,0.1252631578947368
0.11814387461013758,0.16641450383714826,-0.0167472658702077,0.0167472658702077,0.1342105263157895
0.13820326132778363,0.18146996258508455,-0.0167472658702077,0.0167472658702077,0.1431578947368421
0.1618162515199077,0.20877428140094317,-0.0167472658702077,0.0167472658702077,0.1521052631578947
0.29894028748536594,0.3153985598831437,-0.0167472658702077,0.0167472658702077,0.1610526315789473
-2004580.3020897885,2004740.6988034374,-0.0167472658702077,0.0167472658702077,0.17
-45.38780153833058,49.5388199840761,-0.0151522881682831,-0.0151522881682831,0.0
0.004221456871666793,0.005986112461713208,-0.0151522881682831,-0.0151522881682831,0.008095238095238
0.003661736893506205,0.0051533712440353955,-0.0151522881682831,-0.0151522881682831,0.0161904761904762
0.0036569592840356045,0.004885173232299796,-0.0151522881682831,-0.0151522881682831,0.0242857142857142
0.0035925933642938996,0.004890499522141102,-0.0151522881682831,-0.0151522881682831,0.0323809523809523
0.00360771796101979,0.00488671739960561,-0.0151522881682831,-0.0151522881682831,0.0404761904761904
0.0034802367979582063,0.005067028449961994,-0.0151522881682831,-0.0151522881682831,0.0485714285714285
0.0033714207811405368,0.0052866423081018655,-0.0151522881682831,-0.0151522881682831,0.0566666666666666
0.0034148068671887763,0.005466720610721024,-0.0151522881682831,-0.0151522881682831,0.0647619047619047
0.003517159928010249,0.005840031502685753,-0.0151522881682831,-0.0151522881682831,0.0728571428571428
0.004351891883261742,0.006001349047338877,-0.0151522881682831,-0.0151522881682831,0.0809523809523809
0.005058934619821912,0.006915129446612487,-0.0151522881682831,-0.0151522881682831,0.089047619047619
0.006959881843962839,0.008065694269695362,-0.0151522881682831,-0.0151522881682831,0.0971428571428571
0.011143541359688806,0.011316439887894394,-0.0151522881682831,-0.0151522881682831,0.1052380952380952
0.019030637978826127,0.025884508106185672,-0.0151522881682831,-0.0151522881682831,0.1133333333333333
0.029723437140041657,0.07791158045745894,-0.0151522881682831,-0.0151522881682831,0.1214285714285714
0.047937124636761724,0.15463066601774408,-0.0151522881682831,-0.0151522881682831,0.1295238095238095
0.07059765733909985,0.21147833624657136,-0.0151522881682831,-0.0151522881682831,0.1376190476190476
0.12379189851948497,0.22684503011283247,-0.0151522881682831,-0.0151522881682831,0.1457142857142857
0.1635986910282598,0.272915073905939,-0.0151522881682831,-0.0151522881682831,0.1538095238095238
0.40725437401989883,0.5883419769313911,-0.0151522881682831,-0.0151522881682831,0.1619047619047619
-3027212.392648747,3027388.592377322,-0.0151522881682831,-0.0151522881682831,0.17
-349.6181933351601,354.4658444040108,-0.0149999999999999,0.0,0.0
-0.00680186277879978,0.016356093453606613,-0.0149999999999999,0.0,0.0085
-0.004653354279620877,0.01761494543886328,-0.0149999999999999,0.0,0.0169999999999999
-0.025659921284179824,0.058697371339094626,-0.0149999999999999,0.0,0.0254999999999999
0.06818447676483291,0.1325936457047025,-0.0149999999999999,0.0,0.034
0.2389911279465666,0.286703169389212,-0.0149999999999999,0.0,0.0425
0.344260667041316,0.42516506575970175,-0.0149999999999999,0.0,0.051
0.4100635011034402,0.5061269009802436,-0.0149999999999999,0.0,0.0594999999999999
0.46205495124504464,0.5388809557898214,-0.0149999999999999,0.0,0.068
0.4935113132178968,0.5627667204309506,-0.0149999999999999,0.0,0.0764999999999999
0.5097710195203807,0.5737775426811454,-0.0149999999999999,0.0,0.085
0.5216195852531882,0.572350794016041,-0.0149999999999999,0.0,0.0935
0.5207671144926143,0.5688615658758744,-0.0149999999999999,0.0,0.102
0.5161689772890213,0.5605103710541458,-0.0149999999999999,0.0,0.1105
0.5083195486913908,0.5492275833919517,-0.0149999999999999,0.0,0.119
0.5013218405221164,0.5372029355613605,-0.0149999999999999,0.0,0.1275
0.4961577898026012,0.5226885553240446,-0.0149999999999999,0.0,0.136
0.4909466302729925,0.5085680611573777,-0.0149999999999999,0.0,0.1445
0.4848920961371179,0.49565389709317864,-0.0149999999999999,0.0,0.153
0.5318501878810815,0.5471344277298937,-0.0149999999999999,0.0,0.1615
-137856173.64052394,137857231.40085146,-0.0149999999999999,0.0,0.17
1.7473721855094166,1.9983114164107323,-0.0055824219567359,0.0055824219567359,0.0
-2.657813136058586,6.641657672828364,-0.0055824219567359,0.0055824219567359,0.0089473684210526
-1.6758744437963258,6.022392056969412,-0.0055824219567359,0.0055824219567359,0.0178947368421052
-8.133126266581549,12.435297035407018,-0.0055824219567359,0.0055824219567359,0.0268421052631579
-6.476738948179879,10.412633918424497,-0.0055824219567359,0.0055824219567359,0.0357894736842105
-4.15498662603889,7.728660464824274,-0.0055824219567359,0.0055824219567359,0.0447368421052631
-2.6919987035119197,5.957361785144394,-0.0055824219567359,0.0055824219567359,0.0536842105263157
-1.3991011040521903,4.38234094437272,-0.0055824219567359,0.0055824219567359,0.0626315789473684
-0.5206457934117383,3.278788399308481,-0.0055824219567359,0.0055824219567359,0.071578947368421
0.11856289019071209,2.4441841585518174,-0.0055824219567359,0.0055824219567359,0.0805263157894736
0.9367283943001629,1.438411919515187,-0.0055824219567359,0.0055824219567359,0.0894736842105263
0.9542630966386126,1.2632278071566354,-0.0055824219567359,0.0055824219567359,0.0984210526315789
0.952363584901628,1.1244241929985246,-0.0055824219567359,0.0055824219567359,0.1073684210526315
0.9266295990251441,1.0149622914396201,-0.0055824219567359,0.0055824219567359,0.1163157894736842
0.8907505694639705,0.9322147413573149,-0.0055824219567359,0.0055824219567359,0.1252631578947368
0.8460983314276054,0.8612159411888589,-0.0055824219567359,0.0055824219567359,0.1342105263157895
0.775685585340279,0.8095222976769639,-0.0055824219567359,0.0055824219567359,0.1431578947368421
0.7153118802990336,0.7537934513720564,-0.0055824219567359,0.0055824219567359,0.1521052631578947
0.6808718183156349,0.704290468593796,-0.0055824219567359,0.0055824219567359,0.1610526315789473
-143047061.91358352,143047683.64172274,-0.0055824219567359,0.0055824219567359,0.17
0.6571177014711393,1.1672014704930118,-0.005050762722761,-0.005050762722761,0.0
-3.4127018011781094,7.546907018997398,-0.005050762722761,-0.005050762722761,0.008095238095238
-1.7210527661866992,6.085296794726358,-0.005050762722761,-0.005050762722761,0.0161904761904762
-8.407162018941353,12.894225695547682,-0.005050762722761,-0.005050762722761,0.0242857142857142
-10.313690171665488,14.714558544257759,-0.005050762722761,-0.005050762722761,0.0323809523809523
-9.584728413826626,13.758170074708657,-0.005050762722761,-0.005050762722761,0.0404761904761904
-7.638162444849391,11.559217495500206,-0.005050762722761,-0.005050762722761,0.0485714285714285
-5.655966481721919,9.325399772132709,-0.005050762722761,-0.005050762722761,0.0566666666666666
-3.8514624995388758,7.274887742233162,-0.005050762722761,-0.005050762722761,0.0647619047619047
-2.414898395041596,5.602400506080076,-0.005050762722761,-0.005050762722761,0.0728571428571428
-1.330874831110392,4.291770467620905,-0.005050762722761,-0.005050762722761,0.0809523809523809
-0.5842153795781917,3.3268564690521654,-0.005050762722761,-0.005050762722761,0.089047619047619
-0.02028888698167175,2.5558212991892146,-0.005050762722761,-0.005050762722761,0.0971428571428571
0.8924291264997855,1.4485979513686094,-0.005050762722761,-0.005050762722761,0.1052380952380952
0.8756983824960883,1.2869204229610594,-0.005050762722761,-0.005050762722761,0.1133333333333333
0.8571569157101135,1.146589832262969,-0.005050762722761,-0.005050762722761,0.1214285714285714
0.8292922405960863,1.0365163538784385,-0.005050762722761,-0.005050762722761,0.1295238095238095
0.7969842298748565,0.9469765453602342,-0.005050762722761,-0.005050762722761,0.1376190476190476
0.7630061152128066,0.8643331912188236,-0.005050762722761,-0.005050762722761,0.1457142857142857
0.7236416945989045,0.7826760476512286,-0.005050762722761,-0.005050762722761,0.1538095238095238
0.7320561054043472,0.7978272211131129,-0.005050762722761,-0.005050762722761,0.1619047619047619
-156964.70996776092,157582.74805327566,-0.005050762722761,-0.005050762722761,0.17
-616.0190068567676,626.9259450950565,-4.163336342344337e-17,-0.15,0.0
0.6674521570639358,1.2283097495719775,-4.163336342344337e-17,-0.15,0.008095238095238
-1.7424527747393648,3.044286831020053,-4.163336342344337e-17,-0.15,0.0161904761904762
-2.0730690918074948,3.9905687794212326,-4.163336342344337e-17,-0.15,0.0242857142857142
-84.80841451035266,92.24662579881559,-4.163336342344337e-17,-0.15,0.0323809523809523
-129.87154916976144,139.51821434275203,-4.163336342344337e-17,-0.15,0.0404761904761904
-200.27563983466396,211.31394988971905,-4.163336342344337e-17,-0.15,0.0485714285714285
-132.17151861084753,144.44819640228067,-4.163336342344337e-17,-0.15,0.0566666666666666
-33.696068424562824,46.80357245854208,-4.163336342344337e-17,-0.15,0.0647619047619047
1.3764717795585435,12.546719075685385,-4.163336342344337e-17,-0.15,0.0728571428571428
-1.4878147509261845,15.974358945739091,-4.163336342344337e-17,-0.15,0.0809523809523809
-5.690350544544428,20.626120164533262,-4.163336342344337e-17,-0.15,0.089047619047619
-9.584741529683473,24.72193664683554,-4.163336342344337e-17,-0.15,0.0971428571428571
-13.964659132499197,29.285036951957036,-4.163336342344337e-17,-0.15,0.1052380952380952
-13.231239392234734,28.913742062894464,-4.163336342344337e-17,-0.15,0.1133333333333333
-13.016899558123557,29.691113906510083,-4.163336342344337e-17,-0.15,0.1214285714285714
-17.003363988254748,35.76451090166056,-4.163336342344337e-17,-0.15,0.1295238095238095
-99.15963971538413,120.79603030436992,-4.163336342344337e-17,-0.15,0.1376190476190476
-231.148092155673,254.68459680383188,-4.163336342344337e-17,-0.15,0.1457142857142857
-310.57738975970534,333.9175719677774,-4.163336342344337e-17,-0.15,0.1538095238095238
-683.4684260348657,703.2900288439838,-4.163336342344337e-17,-0.15,0.1619047619047619
-88.68482251953475,102.68262556832306,-4.163336342344337e-17,-0.15,0.17
-8.121899741852681,10.001524465421364,-3.766828119263922e-17,-0.1357142857142857,0.0
0.0028760228086321575,0.004476625785718442,-3.766828119263922e-17,-0.1357142857142857,0.008095238095238
0.004152408972511172,0.005924691709880858,-3.766828119263922e-17,-0.1357142857142857,0.0161904761904762
0.008471417817998601,0.009163962385268,-3.766828119263922e-17,-0.1357142857142857,0.0242857142857142
0.010484184058387299,0.011884600068255036,-3.766828119263922e-17,-0.1357142857142857,0.0323809523809523
0.011489368541161856,0.011685828097498607,-3.766828119263922e-17,-0.1357142857142857,0.0404761904761904
0.010577506722548766,0.011432164126916436,-3.766828119263922e-17,-0.1357142857142857,0.0485714285714285
0.008433718731210413,0.012283736016910617,-3.766828119263922e-17,-0.1357142857142857,0.0566666666666666
0.00792553528130634,0.01214233368855373,-3.766828119263922e-17,-0.1357142857142857,0.0647619047619047
0.007556686550012232,0.012196909851119568,-3.766828119263922e-17,-0.1357142857142857,0.0728571428571428
0.0073123215874953025,0.012445339267186297,-3.766828119263922e-17,-0.1357142857142857,0.0809523809523809
0.007302088857288156,0.012741910731542443,-3.766828119263922e-17,-0.1357142857142857,0.089047619047619
0.007445202412420316,0.013164912327531883,-3.766828119263922e-17,-0.1357142857142857,0.0971428571428571
0.007985869184534396,0.013895136909222004,-3.766828119263922e-17,-0.1357142857142857,0.1052380952380952
0.00912217833451406,0.014711280953786036,-3.766828119263922e-17,-0.1357142857142857,0.1133333333333333
0.011477091927325617,0.01630534553830254,-3.766828119263922e-17,-0.1357142857142857,0.1214285714285714
0.016264356325605227,0.01743682564251758,-3.766828119263922e-17,-0.1357142857142857,0.1295238095238095
0.02272097346848618,0.02274651396813302,-3.766828119263922e-17,-0.1357142857142857,0.1376190476190476
0.027932637912270308,0.030496630519540695,-3.766828119263922e-17,-0.1357142857142857,0.1457142857142857
0.035399901421892574,0.037451222457828226,-3.766828119263922e-17,-0.1357142857142857,0.1538095238095238
0.02793314401235862,0.03701349143059922,-3.766828119263922e-17,-0.1357142857142857,0.1619047619047619
0.0008348952033576124,0.026443343917759786,-3.766828119263922e-17,-0.1357142857142857,0.17
-7.932972098513173,10.47566071763805,-3.370319896183512e-17,-0.1214285714285714,0.0
0.003501153746673247,0.005023837614934753,-3.370319896183512e-17,-0.1214285714285714,0.008095238095238
0.0048884799083948145,0.005832258737986386,-3.370319896183512e-17,-0.1214285714285714,0.0161904761904762
0.006932780004302361,0.00755141938787124,-3.370319896183512e-17,-0.1214285714285714,0.0242857142857142
0.007747961342606707,0.008425769277907292,-3.370319896183512e-17,-0.1214285714285714,0.0323809523809523
0.0075098666280379815,0.00824103899779882,-3.370319896183512e-17,-0.1214285714285714,0.0404761904761904
0.006361047690027022,0.007809337363545378,-3.370319896183512e-17,-0.1214285714285714,0.0485714285714285
0.004771893409271625,0.007261099022838773,-3.370319896183512e-17,-0.1214285714285714,0.0566666666666666
0.002775474320482562,0.007600370092244634,-3.370319896183512e-17,-0.1214285714285714,0.0647619047619047
0.0028779960304578887,0.005894899933960904,-3.370319896183512e-17,-0.1214285714285714,0.0728571428571428
0.00239064857222376,0.005391207078129437,-3.370319896183512e-17,-0.1214285714285714,0.0809523809523809
0.001870301876642221,0.005295768103638176,-3.370319896183512e-17,-0.1214285714285714,0.089047619047619
0.001313297212579328,0.005778809783069474,-3.370319896183512e-17,-0.1214285714285714,0.0971428571428571
0.0023685129477194877,0.005264887491288112,-3.370319896183512e-17,-0.1214285714285714,0.1052380952380952
0.003684316504471995,0.005351004506758803,-3.370319896183512e-17,-0.1214285714285714,0.1133333333333333
0.006224357601742582,0.006907980998627218,-3.370319896183512e-17,-0.1214285714285714,0.1214285714285714
0.006733352285730623,0.014447401635482774,-3.370319896183512e-17,-0.1214285714285714,0.1295238095238095
0.01210234409662097,0.02804315546263863,-3.370319896183512e-17,-0.1214285714285714,0.1376190476190476
0.02755729142062055,0.037459326097962056,-3.370319896183512e-17,-0.1214285714285714,0.1457142857142857
0.0462145963697536,0.051888092762135005,-3.370319896183512e-17,-0.1214285714285714,0.1538095238095238
0.06121398879637619,0.07823552864574981,-3.370319896183512e-17,-0.1214285714285714,0.1619047619047619
0.014273709351249941,0.046442315944882656,-3.370319896183512e-17,-0.1214285714285714,0.17
-15.692809297555153,18.596747504648455,-2.973811673103097e-17,-0.1071428571428571,0.0
0.0036803580346691013,0.005116831352410499,-2.973811673103097e-17,-0.1071428571428571,0.008095238095238
0.004416176860176363,0.0052237629967236375,-2.973811673103097e-17,-0.1071428571428571,0.0161904761904762
0.005673180802017719,0.005689767455629282,-2.973811673103097e-17,-0.1071428571428571,0.0242857142857142
0.00615013283524367,0.006278098613523129,-2.973811673103097e-17,-0.1071428571428571,0.0323809523809523
0.006059620334686293,0.006409591671728107,-2.973811673103097e-17,-0.1071428571428571,0.0404761904761904
0.005320216933726576,0.006024825358762824,-2.973811673103097e-17,-0.1071428571428571,0.0485714285714285
0.0037688683565964,0.005120568773014601,-2.973811673103097e-17,-0.1071428571428571,0.0566666666666666
0.002510765066506089,0.00424690913621351,-2.973811673103097e-17,-0.1071428571428571,0.0647619047619047
0.0021899246121685713,0.0035694395954838287,-2.973811673103097e-17,-0.1071428571428571,0.0728571428571428
0.002268627978742447,0.003309324309755753,-2.973811673103097e-17,-0.1071428571428571,0.0809523809523809
0.002173844676888479,0.0032620044922441207,-2.973811673103097e-17,-0.1071428571428571,0.089047619047619
0.002257697290715775,0.0031007388586140245,-2.973811673103097e-17,-0.1071428571428571,0.0971428571428571
0.002378706306517458,0.002942150614996942,-2.973811673103097e-17,-0.1071428571428571,0.1052380952380952
0.0025201450146591312,0.0027679057228502685,-2.973811673103097e-17,-0.1071428571428571,0.1133333333333333
0.0026137951558238785,0.0027040948289195213,-2.973811673103097e-17,-0.1071428571428571,0.1214285714285714
0.003151342628956181,0.003343561177576819,-2.973811673103097e-17,-0.1071428571428571,0.1295238095238095
0.004855114377201611,0.01205450711636839,-2.973811673103097e-17,-0.1071428571428571,0.1376190476190476
0.013365318420300844,0.03201762514829336,-2.973811673103097e-17,-0.1071428571428571,0.1457142857142857
0.047657909600320895,0.06073466413741991,-2.973811673103097e-17,-0.1071428571428571,0.1538095238095238
0.08392819057072824,0.09108463667770055,-2.973811673103097e-17,-0.1071428571428571,0.1619047619047619
0.10384673926205826,0.2669652159980025,-2.973811673103097e-17,-0.1071428571428571,0.17
-63.61139073445829,66.72803912694239,-2.5773034500226852e-17,-0.0928571428571428,0.0
0.003789942347077198,0.004948655062419403,-2.5773034500226852e-17,-0.0928571428571428,0.008095238095238
0.0038598789008718218,0.004861750984392179,-2.5773034500226852e-17,-0.0928571428571428,0.0161904761904762
0.004434033470918877,0.004810780445343523,-2.5773034500226852e-17,-0.0928571428571428,0.0242857142857142
0.004742887251959566,0.005083926062529634,-2.5773034500226852e-17,-0.0928571428571428,0.0323809523809523
0.0047756267233177215,0.0052999109658308785,-2.5773034500226852e-17,-0.0928571428571428,0.0404761904761904
0.0045711147342365095,0.0050935299744462904,-2.5773034500226852e-17,-0.0928571428571428,0.0485714285714285
0.003835152140893005,0.004559600537029593,-2.5773034500226852e-17,-0.0928571428571428,0.0566666666666666
0.002998805753918331,0.0039028302704236686,-2.5773034500226852e-17,-0.0928571428571428,0.0647619047619047
0.002335846674972715,0.0032431308580486854,-2.5773034500226852e-17,-0.0928571428571428,0.0728571428571428
0.002252926993225683,0.0029537676330701175,-2.5773034500226852e-17,-0.0928571428571428,0.0809523809523809
0.002173215001087216,0.002896877631461184,-2.5773034500226852e-17,-0.0928571428571428,0.089047619047619
0.002216677383422818,0.002741800110774382,-2.5773034500226852e-17,-0.0928571428571428,0.0971428571428571
0.002327200762377013,0.002648436548874987,-2.5773034500226852e-17,-0.0928571428571428,0.1052380952380952
0.002551922981004512,0.0025920421806528877,-2.5773034500226852e-17,-0.0928571428571428,0.1133333333333333
0.0026387576002133324,0.0027020272046798677,-2.5773034500226852e-17,-0.0928571428571428,0.1214285714285714
0.0026885020612768496,0.0027630716188889503,-2.5773034500226852e-17,-0.0928571428571428,0.1295238095238095
0.003068883093613661,0.0031428748239605386,-2.5773034500226852e-17,-0.0928571428571428,0.1376190476190476
0.008850312381147332,0.009093635671401867,-2.5773034500226852e-17,-0.0928571428571428,0.1457142857142857
0.04255246050415897,0.05282433377630762,-2.5773034500226852e-17,-0.0928571428571428,0.1538095238095238
0.10141969411467436,0.12365869510415425,-2.5773034500226852e-17,-0.0928571428571428,0.1619047619047619
-70256.58655484849,70345.04903792277,-2.5773034500226852e-17,-0.0928571428571428,0.17
-149.16986424233096,152.61750010216144,-2.1807952269422717e-17,-0.0785714285714285,0.0
0.003762952783601974,0.005003765197062225,-2.1807952269422717e-17,-0.0785714285714285,0.008095238095238
0.0037398640090764404,0.0045420950458527586,-2.1807952269422717e-17,-0.0785714285714285,0.0161904761904762
0.003730011151843679,0.004388383074930921,-2.1807952269422717e-17,-0.0785714285714285,0.0242857142857142
0.0037852308659375934,0.004290449408979006,-2.1807952269422717e-17,-0.0785714285714285,0.0323809523809523
0.003511087858604952,0.0045411275866032485,-2.1807952269422717e-17,-0.0785714285714285,0.0404761904761904
0.0033946992479935768,0.004452069870383624,-2.1807952269422717e-17,-0.0785714285714285,0.0485714285714285
0.003188972267278169,0.004050753002095629,-2.1807952269422717e-17,-0.0785714285714285,0.0566666666666666
0.002698959250077194,0.0037215319802294056,-2.1807952269422717e-17,-0.0785714285714285,0.0647619047619047
0.0018868054264992952,0.003492857999224705,-2.1807952269422717e-17,-0.0785714285714285,0.0728571428571428
0.0016515441275153492,0.0030571189635086506,-2.1807952269422717e-17,-0.0785714285714285,0.0809523809523809
0.0014481843379452874,0.002947311612188113,-2.1807952269422717e-17,-0.0785714285714285,0.089047619047619
0.0016212754017360044,0.0027550365756335957,-2.1807952269422717e-17,-0.0785714285714285,0.0971428571428571
0.0019304298562735334,0.0026858543012324653,-2.1807952269422717e-17,-0.0785714285714285,0.1052380952380952
0.0023427544793651056,0.002689239473830092,-2.1807952269422717e-17,-0.0785714285714285,0.1133333333333333
0.0027307799950432514,0.002754701896503947,-2.1807952269422717e-17,-0.0785714285714285,0.1214285714285714
0.002855921370033262,0.0028753588964495385,-2.1807952269422717e-17,-0.0785714285714285,0.1295238095238095
0.0028233022769245156,0.003083938943851484,-2.1807952269422717e-17,-0.0785714285714285,0.1376190476190476
0.0031268216902703818,0.006139800141130219,-2.1807952269422717e-17,-0.0785714285714285,0.1457142857142857
0.04406433347754828,0.04904488181002572,-2.1807952269422717e-17,-0.0785714285714285,0.1538095238095238
0.12707437444400158,0.18323439394017285,-2.1807952269422717e-17,-0.0785714285714285,0.1619047619047619
-239855.4459175526,239910.48327765262,-2.1807952269422717e-17,-0.0785714285714285,0.17
-154.0692349348433,157.8362735991582,-1.7842870038618585e-17,-0.0642857142857143,0.0
0.003750847234869622,0.0050974574897641785,-1.7842870038618585e-17,-0.0642857142857143,0.008095238095238
0.003759190082832883,0.004451660085052316,-1.7842870038618585e-17,-0.0642857142857143,0.0161904761904762
0.0037406185419207516,0.004211325282679849,-1.7842870038618585e-17,-0.0642857142857143,0.0242857142857142
0.003682823308023951,0.004062280099325849,-1.7842870038618585e-17,-0.0642857142857143,0.0323809523809523
0.0034325922056689423,0.0040046673367688575,-1.7842870038618585e-17,-0.0642857142857143,0.0404761904761904
0.0031562917062641187,0.0039811440922062815,-1.7842870038618585e-17,-0.0642857142857143,0.0485714285714285
0.0027235034190828786,0.003988820578605921,-1.7842870038618585e-17,-0.0642857142857143,0.0566666666666666
0.0023546406161914974,0.003908158475430703,-1.7842870038618585e-17,-0.0642857142857143,0.0647619047619047
0.002113856002497279,0.003582886707037921,-1.7842870038618585e-17,-0.0642857142857143,0.0728571428571428
0.0020390781208890953,0.0032608003653771048,-1.7842870038618585e-17,-0.0642857142857143,0.0809523809523809
0.0019132275358357271,0.003175293245488273,-1.7842870038618585e-17,-0.0642857142857143,0.089047619047619
0.0021325197812760927,0.003016780021213107,-1.7842870038618585e-17,-0.0642857142857143,0.0971428571428571
0.0025113494111568104,0.0029331358660139896,-1.7842870038618585e-17,-0.0642857142857143,0.1052380952380952
0.002775778036922243,0.0029925862220121567,-1.7842870038618585e-17,-0.0642857142857143,0.1133333333333333
0.002986866742506789,0.003084144141352411,-1.7842870038618585e-17,-0.0642857142857143,0.1214285714285714
0.003102667563078675,0.003129832009138325,-1.7842870038618585e-17,-0.0642857142857143,0.1295238095238095
0.0031421157992422245,0.0032437167943073757,-1.7842870038618585e-17,-0.0642857142857143,0.1376190476190476
0.00447821033234272,0.00594529854131188,-1.7842870038618585e-17,-0.0642857142857143,0.1457142857142857
0.04338805137418683,0.06280659404889696,-1.7842870038618585e-17,-0.0642857142857143,0.1538095238095238
0.1922691510965988,0.23960344152102336,-1.7842870038618585e-17,-0.0642857142857143,0.1619047619047619
-342972.29257693887,343108.6818114652,-1.7842870038618585e-17,-0.0642857142857143,0.17
-147.96972676188366,151.92839968350827,-1.3877787807814457e-17,-0.0499999999999999,0.0
0.003483679456517822,0.005340534478181178,-1.3877787807814457e-17,-0.0499999999999999,0.008095238095238
0.0036804353142108224,0.004476444035127778,-1.3877787807814457e-17,-0.0499999999999999,0.0161904761904762
0.003851102261147211,0.004250256495694789,-1.3877787807814457e-17,-0.0499999999999999,0.0242857142857142
0.00392134558445506,0.00416220432061074,-1.3877787807814457e-17,-0.0499999999999999,0.0323809523809523
0.0038838734298621237,0.004111592416476476,-1.3877787807814457e-17,-0.0499999999999999,0.0404761904761904
0.003800105350599602,0.0040198012354117985,-1.3877787807814457e-17,-0.0499999999999999,0.0485714285714285
0.003681945453873137,0.003918005359961463,-1.3877787807814457e-17,-0.0499999999999999,0.0566666666666666
0.0034812633325254187,0.003886923077777781,-1.3877787807814457e-17,-0.0499999999999999,0.0647619047619047
0.003375422225143892,0.0037856047505439075,-1.3877787807814457e-17,-0.0499999999999999,0.0728571428571428
0.0033809663443205742,0.0036207512396934254,-1.3877787807814457e-17,-0.0499999999999999,0.0809523809523809
0.0033268279203041715,0.0035753748780074273,-1.3877787807814457e-17,-0.0499999999999999,0.089047619047619
0.0033980319670638063,0.003468911683828993,-1.3877787807814457e-17,-0.0499999999999999,0.0971428571428571
0.003398799302443601,0.003478685376550199,-1.3877787807814457e-17,-0.0499999999999999,0.1052380952380952
0.0034360756984575863,0.0034754625988404125,-1.3877787807814457e-17,-0.0499999999999999,0.1133333333333333
0.003447629305527505,0.0034953151470536953,-1.3877787807814457e-17,-0.0499999999999999,0.1214285714285714
0.0034522128741366303,0.0036735229441305704,-1.3877787807814457e-17,-0.0499999999999999,0.1295238095238095
0.0039399335506265665,0.006667261868982432,-1.3877787807814457e-17,-0.0499999999999999,0.1376190476190476
0.008407188019637473,0.011612258794493928,-1.3877787807814457e-17,-0.0499999999999999,0.1457142857142857
0.04313955223495958,0.056767880795675005,-1.3877787807814457e-17,-0.0499999999999999,0.1538095238095238
0.31010837960556625,0.3317884785374009,-1.3877787807814457e-17,-0.0499999999999999,0.1619047619047619
-637916.334463411,637997.33078436,-1.3877787807814457e-17,-0.0499999999999999,0.17
-95.29753378201202,99.68913163805111,-9.912705577010328e-18,-0.0357142857142857,0.0
0.00334716163569947,0.00544831386875093,-9.912705577010328e-18,-0.0357142857142857,0.008095238095238
0.0035355429829150506,0.004593780395747149,-9.912705577010328e-18,-0.0357142857142857,0.0161904761904762
0.003839593917668007,0.0043870891586825925,-9.912705577010328e-18,-0.0357142857142857,0.0242857142857142
0.004036816573710944,0.004359489221332056,-9.912705577010328e-18,-0.0357142857142857,0.0323809523809523
0.004155126748646232,0.004363339599906568,-9.912705577010328e-18,-0.0357142857142857,0.0404761904761904
0.004201806944995655,0.004355758635633545,-9.912705577010328e-18,-0.0357142857142857,0.0485714285714285
0.004193696921094728,0.004343562799533073,-9.912705577010328e-18,-0.0357142857142857,0.0566666666666666
0.004153161685837029,0.004308114106010571,-9.912705577010328e-18,-0.0357142857142857,0.0647619047619047
0.004098389328725622,0.0042470868107833785,-9.912705577010328e-18,-0.0357142857142857,0.0728571428571428
0.004044770964908921,0.004158633102464279,-9.912705577010328e-18,-0.0357142857142857,0.0809523809523809
0.003993207816754938,0.004063532018945862,-9.912705577010328e-18,-0.0357142857142857,0.089047619047619
0.003938497958233248,0.003949736422571151,-9.912705577010328e-18,-0.0357142857142857,0.0971428571428571
0.003818995566189954,0.0039027191624798462,-9.912705577010328e-18,-0.0357142857142857,0.1052380952380952
0.003775793385761829,0.0038042724811455705,-9.912705577010328e-18,-0.0357142857142857,0.1133333333333333
0.003721366601979954,0.0041290759929756456,-9.912705577010328e-18,-0.0357142857142857,0.1214285714285714
0.0042359006333552145,0.007925754707532985,-9.912705577010328e-18,-0.0357142857142857,0.1295238095238095
0.005582992077551837,0.012534157263355964,-9.912705577010328e-18,-0.0357142857142857,0.1376190476190476
0.008770863797252476,0.017827154427033722,-9.912705577010328e-18,-0.0357142857142857,0.1457142857142857
0.03712473631603136,0.05448678810296605,-9.912705577010328e-18,-0.0357142857142857,0.1538095238095238
0.3898747879408516,0.4733442750433777,-9.912705577010328e-18,-0.0357142857142857,0.1619047619047619
-4254.079943231067,4358.134149611806,-9.912705577010328e-18,-0.0357142857142857,0.17
-43.73776236950289,47.8821663037878,-5.947623346206193e-18,-0.0214285714285714,0.0
0.0019452433531550392,0.006666392758623761,-5.947623346206193e-18,-0.0214285714285714,0.008095238095238
0.0020361321847438413,0.005853073374700759,-5.947623346206193e-18,-0.0214285714285714,0.0161904761904762
0.002454654328876325,0.005527330337809275,-5.947623346206193e-18,-0.0214285714285714,0.0242857142857142
0.0029170438654485846,0.005215947137292815,-5.947623346206193e-18,-0.0214285714285714,0.0323809523809523
0.0028975391627262606,0.00534723874738954,-5.947623346206193e-18,-0.0214285714285714,0.0404761904761904
0.0028877053037266263,0.005416360279422773,-5.947623346206193e-18,-0.0214285714285714,0.0485714285714285
0.0027319501357419,0.005569438488684701,-5.947623346206193e-18,-0.0214285714285714,0.0566666666666666
0.002601093846389689,0.00564805715108991,-5.947623346206193e-18,-0.0214285714285714,0.0647619047619047
0.0023035612494172715,0.005857650344452529,-5.947623346206193e-18,-0.0214285714285714,0.0728571428571428
0.001932684538568501,0.006131001649730499,-5.947623346206193e-18,-0.0214285714285714,0.0809523809523809
0.0016934563650878166,0.006329494633386581,-5.947623346206193e-18,-0.0214285714285714,0.089047619047619
0.0012637581006156163,0.006809281087747981,-5.947623346206193e-18,-0.0214285714285714,0.0971428571428571
0.000905801096792625,0.007715764086281376,-5.947623346206193e-18,-0.0214285714285714,0.1052380952380952
0.002507585132683799,0.009172692446640603,-5.947623346206193e-18,-0.0214285714285714,0.1133333333333333
0.014710783724551028,0.01560006423782537,-5.947623346206193e-18,-0.0214285714285714,0.1214285714285714
0.02467277796222399,0.04485668464819996,-5.947623346206193e-18,-0.0214285714285714,0.1295238095238095
0.03944705457346065,0.07464997176275537,-5.947623346206193e-18,-0.0214285714285714,0.1376190476190476
0.06281936027262533,0.11015519795174908,-5.947623346206193e-18,-0.0214285714285714,0.1457142857142857
0.11500785303981617,0.17452735880741685,-5.947623346206193e-18,-0.0214285714285714,0.1538095238095238
0.4450516085626323,0.6095200397098961,-5.947623346206193e-18,-0.0214285714285714,0.1619047619047619
-2032890.8246351648,2033043.0226874482,-5.947623346206193e-18,-0.0214285714285714,0.17
1.006205252273249,1.6447039195948197,-1.9825411154020705e-18,-0.0071428571428571,0.0
-1.5608410022573787,4.741592974057999,-1.9825411154020705e-18,-0.0071428571428571,0.008095238095238
-6.639850685485346,10.428608590918735,-1.9825411154020705e-18,-0.0071428571428571,0.0161904761904762
-15.709740142940156,20.386396783811527,-1.9825411154020705e-18,-0.0071428571428571,0.0242857142857142
-30.173327631431032,35.07033322844864,-1.9825411154020705e-18,-0.0071428571428571,0.0323809523809523
-21.516142578819508,26.09041891376079,-1.9825411154020705e-18,-0.0071428571428571,0.0404761904761904
-11.559779092511121,15.732118758364269,-1.9825411154020705e-18,-0.0071428571428571,0.0485714285714285
-4.0834121721970424,7.88443908539585,-1.9825411154020705e-18,-0.0071428571428571,0.0566666666666666
-1.1037772832098218,4.57339524346605,-1.9825411154020705e-18,-0.0071428571428571,0.0647619047619047
-0.09297093186181948,3.268184706616706,-1.9825411154020705e-18,-0.0071428571428571,0.0728571428571428
0.26256097979957294,2.646828810840243,-1.9825411154020705e-18,-0.0071428571428571,0.0809523809523809
0.13761410616562908,2.530654278609201,-1.9825411154020705e-18,-0.0071428571428571,0.089047619047619
0.043293336312006936,2.4092147380214977,-1.9825411154020705e-18,-0.0071428571428571,0.0971428571428571
0.8253267864706213,1.4349663020393681,-1.9825411154020705e-18,-0.0071428571428571,0.1052380952380952
0.8008832945958826,1.290026709536606,-1.9825411154020705e-18,-0.0071428571428571,0.1133333333333333
0.7901974607431583,1.153510610998742,-1.9825411154020705e-18,-0.0071428571428571,0.1214285714285714
0.7129524003650385,1.1021258437052988,-1.9825411154020705e-18,-0.0071428571428571,0.1295238095238095
0.6842507392751789,1.0132366086074138,-1.9825411154020705e-18,-0.0071428571428571,0.1376190476190476
0.6271912444808718,0.9547201707869255,-1.9825411154020705e-18,-0.0071428571428571,0.1457142857142857
0.6115082515724907,0.8567186638217507,-1.9825411154020705e-18,-0.0071428571428571,0.1538095238095238
0.7268287457232422,0.8094422025832725,-1.9825411154020705e-18,-0.0071428571428571,0.1619047619047619
-68554665.19973697,68555272.15108795,-1.9825411154020705e-18,-0.0071428571428571,0.17
0.006724230072454591,0.008065726557491607,0.0,0.0,0.0
0.006502438024083623,0.007962411292432976,0.0,0.0,0.0085
0.00620094697799707,0.00795228204545933,0.0,0.0,0.0169999999999999
-0.030124686422290794,0.04400660335279427,0.0,0.0,0.0254999999999999
-0.030965608721763536,0.044592887289511086,0.0,0.0,0.034
-0.030618846708320994,0.044032580161133,0.0,0.0,0.0425
-0.031011025292840107,0.04422989213513811,0.0,0.0,0.051
-0.03180820124695027,0.04485984237667246,0.0,0.0,0.0594999999999999
-0.034772877630748114,0.04769107622755352,0.0,0.0,0.068
-0.04103305354467593,0.053833184970863535,0.0,0.0,0.0764999999999999
-0.047145578897391544,0.05984224025331414,0.0,0.0,0.085
-0.0660383337361473,0.0786215533185279,0.0,0.0,0.0935
-0.1035522832664938,0.11610667092847599,0.0,0.0,0.102
-0.23057479243845327,0.24495352563589265,0.0,0.0,0.1105
-0.4166456538619621,0.47011786044415277,0.0,0.0,0.119
-4.775949432668451,5.057714959373429,0.0,0.0,0.1275
-1.6176877562828336,2.60819792688218,0.0,0.0,0.136
0.11059070911082414,1.4503406774217589,0.0,0.0,0.1445
0.7070372746547491,0.9039413340737563,0.0,0.0,0.153
0.7216504954681779,0.8362216395147073,0.0,0.0,0.1615
-196548567.960485,196549213.88790134,0.0,0.0,0.17
1.0109799640581718,1.616696207199345,1.9825411154020705e-18,0.0071428571428571,0.0
-1.0151007895010964,4.035586231703887,1.9825411154020705e-18,0.0071428571428571,0.008095238095238
-4.534297155119508,8.098731948984804,1.9825411154020705e-18,0.0071428571428571,0.0161904761904762
-10.723763457617563,15.075644670072515,1.9825411154020705e-18,0.0071428571428571,0.0242857142857142
-22.18659595452982,26.793966472657658,1.9825411154020705e-18,0.0071428571428571,0.0323809523809523
-11.783738194701186,16.128221701155695,1.9825411154020705e-18,0.0071428571428571,0.0404761904761904
-4.7219152701681155,8.707456746735195,1.9825411154020705e-18,0.0071428571428571,0.0485714285714285
-0.6259868339933001,4.260326426206094,1.9825411154020705e-18,0.0071428571428571,0.0566666666666666
0.546724930626753,2.7793845921501177,1.9825411154020705e-18,0.0071428571428571,0.0647619047619047
1.2828962041780927,1.7661600057906148,1.9825411154020705e-18,0.0071428571428571,0.0728571428571428
1.1217525700486384,1.682391395783943,1.9825411154020705e-18,0.0071428571428571,0.0809523809523809
0.9806220387153022,1.6046352107244084,1.9825411154020705e-18,0.0071428571428571,0.089047619047619
0.2179705914531631,2.175565720521932,1.9825411154020705e-18,0.0071428571428571,0.0971428571428571
0.8642053831543175,1.3595298837035241,1.9825411154020705e-18,0.0071428571428571,0.1052380952380952
0.8357355138657867,1.2371199014566574,1.9825411154020705e-18,0.0071428571428571,0.1133333333333333
0.8143985540713039,1.1226951697136665,1.9825411154020705e-18,0.0071428571428571,0.1214285714285714
0.7376013089366589,1.0768084116236483,1.9825411154020705e-18,0.0071428571428571,0.1295238095238095
0.7235044224390247,0.97777366806821,1.9825411154020705e-18,0.0071428571428571,0.1376190476190476
0.677705518695354,0.9136499996562804,1.9825411154020705e-18,0.0071428571428571,0.1457142857142857
0.6134890933466478,0.8596124546026326,1.9825411154020705e-18,0.0071428571428571,0.1538095238095238
0.6344847978423563,0.8358733661201286,1.9825411154020705e-18,0.0071428571428571,0.1619047619047619
-191929655.44865894,191930270.20079893,1.9825411154020705e-18,0.0071428571428571,0.17
-13.127182819047745,21.41979348756424,5.947623346206199e-18,0.0214285714285714,0.0
0.010903679515262384,0.013046981147625304,5.947623346206199e-18,0.0214285714285714,0.008095238095238
0.007557982200921901,0.008529118054394099,5.947623346206199e-18,0.0214285714285714,0.0161904761904762
0.006578805803555332,0.007108998188725069,5.947623346206199e-18,0.0214285714285714,0.0242857142857142
0.006276798871537027,0.006326841173385575,5.947623346206199e-18,0.0214285714285714,0.0323809523809523
0.005656608246566808,0.006369162976484789,5.947623346206199e-18,0.0214285714285714,0.0404761904761904
0.005376386825751362,0.006350191931323837,5.947623346206199e-18,0.0214285714285714,0.0485714285714285
0.005165472150018747,0.006635906542537853,5.947623346206199e-18,0.0214285714285714,0.0566666666666666
0.005388148959668264,0.007067857294842135,5.947623346206199e-18,0.0214285714285714,0.0647619047619047
0.005834506133290784,0.007815223594416816,5.947623346206199e-18,0.0214285714285714,0.0728571428571428
0.006670566349382784,0.008647767541778217,5.947623346206199e-18,0.0214285714285714,0.0809523809523809
0.00830604585591299,0.01003758546604701,5.947623346206199e-18,0.0214285714285714,0.089047619047619
0.012204145919012675,0.012405958722618127,5.947623346206199e-18,0.0214285714285714,0.0971428571428571
0.018975033203227108,0.019608942039905892,5.947623346206199e-18,0.0214285714285714,0.1052380952380952
0.029320111108210818,0.03846871391605678,5.947623346206199e-18,0.0214285714285714,0.1133333333333333
0.04555045294833468,0.06826000071389475,5.947623346206199e-18,0.0214285714285714,0.1214285714285714
0.06367804272157275,0.10321289207050079,5.947623346206199e-18,0.0214285714285714,0.1295238095238095
0.08602947888580362,0.1345894479273084,5.947623346206199e-18,0.0214285714285714,0.1376190476190476
0.11145912579702055,0.17119753330928367,5.947623346206199e-18,0.0214285714285714,0.1457142857142857
0.15360472700553857,0.22658134573058825,5.947623346206199e-18,0.0214285714285714,0.1538095238095238
0.4597254339231671,0.5201172031408715,5.947623346206199e-18,0.0214285714285714,0.1619047619047619
-4563484.365321997,4563650.684172177,5.947623346206199e-18,0.0214285714285714,0.17
3.285764206963589,6.493980606004606,9.912705577010328e-18,0.0357142857142857,0.0
0.010153081138572068,0.011736552948933533,9.912705577010328e-18,0.0357142857142857,0.008095238095238
0.006752408883548515,0.0068815029630058845,9.912705577010328e-18,0.0357142857142857,0.0161904761904762
0.005775888383831729,0.006206241373884871,9.912705577010328e-18,0.0357142857142857,0.0242857142857142
0.005576157304756015,0.006098149375922985,9.912705577010328e-18,0.0357142857142857,0.0323809523809523
0.005639474876936661,0.006003892812530739,9.912705577010328e-18,0.0357142857142857,0.0404761904761904
0.005662668349969547,0.005899703078152251,9.912705577010328e-18,0.0357142857142857,0.0485714285714285
0.005649382867648442,0.005720953464840958,9.912705577010328e-18,0.0357142857142857,0.0566666666666666
0.005489113841858905,0.005580824235728495,9.912705577010328e-18,0.0357142857142857,0.0647619047619047
0.005283175142961027,0.005436995058832573,9.912705577010328e-18,0.0357142857142857,0.0728571428571428
0.005080940761338467,0.005359061813007333,9.912705577010328e-18,0.0357142857142857,0.0809523809523809
0.004950693914023764,0.005382262719953037,9.912705577010328e-18,0.0357142857142857,0.089047619047619
0.0050498267328345225,0.005443369491471475,9.912705577010328e-18,0.0357142857142857,0.0971428571428571
0.005356682434692462,0.00559528999137013,9.912705577010328e-18,0.0357142857142857,0.1052380952380952
0.005783740266824872,0.005825736314782727,9.912705577010328e-18,0.0357142857142857,0.1133333333333333
0.006081402806880743,0.006317211231428257,9.912705577010328e-18,0.0357142857142857,0.1214285714285714
0.006507188423390359,0.006904665821604642,9.912705577010328e-18,0.0357142857142857,0.1295238095238095
0.007315256665003947,0.0076340520492400536,9.912705577010328e-18,0.0357142857142857,0.1376190476190476
0.009297946115621616,0.009794421184121183,9.912705577010328e-18,0.0357142857142857,0.1457142857142857
0.031575749523834615,0.038154032076848185,9.912705577010328e-18,0.0357142857142857,0.1538095238095238
0.38377591774278946,0.4413997036733976,9.912705577010328e-18,0.0357142857142857,0.1619047619047619
-1121.4709353343949,1230.66885527823,9.912705577010328e-18,0.0357142857142857,0.17
3.4910796874514065,6.424404674693122,1.3877787807814457e-17,0.05,0.0
0.008850636285844826,0.009103612380174337,1.3877787807814457e-17,0.05,0.008095238095238
0.005475433256224474,0.006857309184081926,1.3877787807814457e-17,0.05,0.0161904761904762
0.005089625220187322,0.0065259808274700775,1.3877787807814457e-17,0.05,0.0242857142857142
0.005421723414818606,0.006323419633200593,1.3877787807814457e-17,0.05,0.0323809523809523
0.005902592988394828,0.0060538330098943716,1.3877787807814457e-17,0.05,0.0404761904761904
0.005926481737507652,0.006075032661954549,1.3877787807814457e-17,0.05,0.0485714285714285
0.005718485330183239,0.006094851603807161,1.3877787807814457e-17,0.05,0.0566666666666666
0.005523234658593879,0.0059729631796543205,1.3877787807814457e-17,0.05,0.0647619047619047
0.005164512173653496,0.005869129140733504,1.3877787807814457e-17,0.05,0.0728571428571428
0.005001651379614945,0.0056573405471716555,1.3877787807814457e-17,0.05,0.0809523809523809
0.004897635015929801,0.005404316910536998,1.3877787807814457e-17,0.05,0.089047619047619
0.0049316761847192445,0.005140735298993157,1.3877787807814457e-17,0.05,0.0971428571428571
0.004951646826124211,0.00499100455857779,1.3877787807814457e-17,0.05,0.1052380952380952
0.004992389741273289,0.0050315562151543106,1.3877787807814457e-17,0.05,0.1133333333333333
0.005133200943519321,0.0052714651535920795,1.3877787807814457e-17,0.05,0.1214285714285714
0.00543376518768735,0.0055038501954128485,1.3877787807814457e-17,0.05,0.1295238095238095
0.005702007085721458,0.005993929189074546,1.3877787807814457e-17,0.05,0.1376190476190476
0.006871906973058474,0.006959688148316326,1.3877787807814457e-17,0.05,0.1457142857142857
0.0377319147123817,0.0559349292430799,1.3877787807814457e-17,0.05,0.1538095238095238
0.3147871197795054,0.32066962898608714,1.3877787807814457e-17,0.05,0.1619047619047619
-619151.8367964381,619235.7474736543,1.3877787807814457e-17,0.05,0.17
2.76108510649782,7.17186455237575,1.784287003861859e-17,0.0642857142857142,0.0
0.007636682338899464,0.008361091793032339,1.784287003861859e-17,0.0642857142857142,0.008095238095238
0.00538204869309705,0.00691945802618795,1.784287003861859e-17,0.0642857142857142,0.0161904761904762
0.005322331926154907,0.006660411719453693,1.784287003861859e-17,0.0642857142857142,0.0242857142857142
0.0058150850454196535,0.006279903631157546,1.784287003861859e-17,0.0642857142857142,0.0323809523809523
0.0061037223308128465,0.006159715879178353,1.784287003861859e-17,0.0642857142857142,0.0404761904761904
0.005987667698839546,0.006302144084810654,1.784287003861859e-17,0.0642857142857142,0.0485714285714285
0.005646405795198503,0.006435369282453697,1.784287003861859e-17,0.0642857142857142,0.0566666666666666
0.005458095808903828,0.006234202311161968,1.784287003861859e-17,0.0642857142857142,0.0647619047619047
0.0051880438539680706,0.005857647037931527,1.784287003861859e-17,0.0642857142857142,0.0728571428571428
0.004969538381228994,0.005461112378756405,1.784287003861859e-17,0.0642857142857142,0.0809523809523809
0.004827903874651046,0.0049997369873137545,1.784287003861859e-17,0.0642857142857142,0.089047619047619
0.004670850514122581,0.004817411122716219,1.784287003861859e-17,0.0642857142857142,0.0971428571428571
0.004588796760051513,0.004667368799612887,1.784287003861859e-17,0.0642857142857142,0.1052380952380952
0.004553879761150341,0.00462893029810566,1.784287003861859e-17,0.0642857142857142,0.1133333333333333
0.004595842642108265,0.004696475352266933,1.784287003861859e-17,0.0642857142857142,0.1214285714285714
0.004756322452341965,0.004872500065196235,1.784287003861859e-17,0.0642857142857142,0.1295238095238095
0.0051404916868531235,0.0052312004783528765,1.784287003861859e-17,0.0642857142857142,0.1376190476190476
0.006440368161373124,0.0072578728620860756,1.784287003861859e-17,0.0642857142857142,0.1457142857142857
0.044698112095662546,0.06710811052092805,1.784287003861859e-17,0.0642857142857142,0.1538095238095238
0.23314921122340493,0.2533458453050273,1.784287003861859e-17,0.0642857142857142,0.1619047619047619
-234771.5171278621,234922.40149798608,1.784287003861859e-17,0.0642857142857142,0.17
-25.37657142627128,32.737104461004435,2.1807952269422717e-17,0.0785714285714285,0.0
0.006296573851578608,0.008052762604181193,2.1807952269422717e-17,0.0785714285714285,0.008095238095238
0.005677462622587491,0.007140470748822509,2.1807952269422717e-17,0.0785714285714285,0.0161904761904762
0.005972983745168489,0.006635422949190912,2.1807952269422717e-17,0.0785714285714285,0.0242857142857142
0.006160984633835574,0.006416762320325226,2.1807952269422717e-17,0.0785714285714285,0.0323809523809523
0.006222711012175911,0.006336451045362688,2.1807952269422717e-17,0.0785714285714285,0.0404761904761904
0.006121639311340776,0.006371919850461424,2.1807952269422717e-17,0.0785714285714285,0.0485714285714285
0.005948491090748983,0.006364449016863217,2.1807952269422717e-17,0.0785714285714285,0.0566666666666666
0.005709206131595009,0.0063372871025465915,2.1807952269422717e-17,0.0785714285714285,0.0647619047619047
0.005502902293905504,0.006117205147359296,2.1807952269422717e-17,0.0785714285714285,0.0728571428571428
0.005311599850509676,0.005867105210644124,2.1807952269422717e-17,0.0785714285714285,0.0809523809523809
0.005153523462541369,0.005486639181195431,2.1807952269422717e-17,0.0785714285714285,0.089047619047619
0.004965694527441034,0.005253171329231966,2.1807952269422717e-17,0.0785714285714285,0.0971428571428571
0.004791780642776051,0.005024855100864949,2.1807952269422717e-17,0.0785714285714285,0.1052380952380952
0.004716583356603494,0.004850371327824707,2.1807952269422717e-17,0.0785714285714285,0.1133333333333333
0.004705210868554864,0.004723945070552336,2.1807952269422717e-17,0.0785714285714285,0.1214285714285714
0.00466680630434255,0.00485096224438465,2.1807952269422717e-17,0.0785714285714285,0.1295238095238095
0.005062434749886461,0.005116789411429939,2.1807952269422717e-17,0.0785714285714285,0.1376190476190476
0.006231495285308201,0.008191071285969199,2.1807952269422717e-17,0.0785714285714285,0.1457142857142857
0.04827861395167886,0.05987908517987714,2.1807952269422717e-17,0.0785714285714285,0.1538095238095238
0.16932755073878902,0.193981475032178,2.1807952269422717e-17,0.0785714285714285,0.1619047619047619
-54.50472716238506,114.7838453662145,2.1807952269422717e-17,0.0785714285714285,0.17
-75.38368561965441,82.42521938437176,2.577303450022685e-17,0.0928571428571428,0.0
0.006136685691236046,0.008206303798076554,2.577303450022685e-17,0.0928571428571428,0.008095238095238
0.006737037496742607,0.0073647192090679926,2.577303450022685e-17,0.0928571428571428,0.0161904761904762
0.006922223591999863,0.0071519795184479375,2.577303450022685e-17,0.0928571428571428,0.0242857142857142
0.006968774131789719,0.007063983068102881,2.577303450022685e-17,0.0928571428571428,0.0323809523809523
0.006817370678825314,0.007066139138819086,2.577303450022685e-17,0.0928571428571428,0.0404761904761904
0.006711432284261357,0.0069379326654752434,2.577303450022685e-17,0.0928571428571428,0.0485714285714285
0.006537551415547648,0.0067324463365807516,2.577303450022685e-17,0.0928571428571428,0.0566666666666666
0.006420309453194061,0.006473559718043139,2.577303450022685e-17,0.0928571428571428,0.0647619047619047
0.006205236700212354,0.0062434210422256465,2.577303450022685e-17,0.0928571428571428,0.0728571428571428
0.005962655006339397,0.006110224618336404,2.577303450022685e-17,0.0928571428571428,0.0809523809523809
0.005754606765940848,0.005871789251567552,2.577303450022685e-17,0.0928571428571428,0.089047619047619
0.005545081322604505,0.005682731329097694,2.577303450022685e-17,0.0928571428571428,0.0971428571428571
0.005312476825736089,0.0054397146318535105,2.577303450022685e-17,0.0928571428571428,0.1052380952380952
0.00512081165112784,0.00524587946350796,2.577303450022685e-17,0.0928571428571428,0.1133333333333333
0.004963899029552194,0.005058561997620206,2.577303450022685e-17,0.0928571428571428,0.1214285714285714
0.004848369425541371,0.0050794827789900285,2.577303450022685e-17,0.0928571428571428,0.1295238095238095
0.005285922192951438,0.005407932538395763,2.577303450022685e-17,0.0928571428571428,0.1376190476190476
0.006469073640884008,0.009498665824854993,2.577303450022685e-17,0.0928571428571428,0.1457142857142857
0.04358165488776698,0.04904454608093642,2.577303450022685e-17,0.0928571428571428,0.1538095238095238
0.12671396811790892,0.13574250132737786,2.577303450022685e-17,0.0928571428571428,0.1619047619047619
-87523.10019944425,87571.65215686036,2.577303450022685e-17,0.0928571428571428,0.17
-31.17865842845454,38.350536718386024,2.973811673103098e-17,0.1071428571428571,0.0
0.007533403402139634,0.008556642616444496,2.973811673103098e-17,0.1071428571428571,0.008095238095238
0.008184281437987603,0.008233470508374197,2.973811673103098e-17,0.1071428571428571,0.0161904761904762
0.008132619577267826,0.008585763569990574,2.973811673103098e-17,0.1071428571428571,0.0242857142857142
0.008063237421805418,0.008794724109611983,2.973811673103098e-17,0.1071428571428571,0.0323809523809523
0.008012796576922694,0.008786730732838305,2.973811673103098e-17,0.1071428571428571,0.0404761904761904
0.007924428039971699,0.008587986384777693,2.973811673103098e-17,0.1071428571428571,0.0485714285714285
0.0077258416787656875,0.008179222582939105,2.973811673103098e-17,0.1071428571428571,0.0566666666666666
0.007571662319576054,0.007641318925020746,2.973811673103098e-17,0.1071428571428571,0.0647619047619047
0.006987096770068532,0.007338154390167466,2.973811673103098e-17,0.1071428571428571,0.0728571428571428
0.006551622712623278,0.007034884837785324,2.973811673103098e-17,0.1071428571428571,0.0809523809523809
0.0060681375322237194,0.006737517457620881,2.973811673103098e-17,0.1071428571428571,0.089047619047619
0.005732489319696775,0.006472849881934225,2.973811673103098e-17,0.1071428571428571,0.0971428571428571
0.005441662108502124,0.0061173548831162765,2.973811673103098e-17,0.1071428571428571,0.1052380952380952
0.0052667835747107665,0.005787374538570834,2.973811673103098e-17,0.1071428571428571,0.1133333333333333
0.005169781156870799,0.005449531567551999,2.973811673103098e-17,0.1071428571428571,0.1214285714285714
0.005266053146911205,0.005483275687889394,2.973811673103098e-17,0.1071428571428571,0.1295238095238095
0.00634291286190228,0.006381867816874118,2.973811673103098e-17,0.1071428571428571,0.1376190476190476
0.009836138762581298,0.012171546349933098,2.973811673103098e-17,0.1071428571428571,0.1457142857142857
0.04484623844272206,0.04544165416596293,2.973811673103098e-17,0.1071428571428571,0.1538095238095238
0.09970167389118421,0.10293825347716899,2.973811673103098e-17,0.1071428571428571,0.1619047619047619
0.1335865373810714,0.3834775410473822,2.973811673103098e-17,0.1071428571428571,0.17
1.3651142141032258,4.759635026097058,3.370319896183512e-17,0.1214285714285714,0.0
0.009006556415858678,0.009601330769733721,3.370319896183512e-17,0.1214285714285714,0.008095238095238
0.00975753439363076,0.010518725251348839,3.370319896183512e-17,0.1214285714285714,0.0161904761904762
0.009893971238919,0.011251181003692795,3.370319896183512e-17,0.1214285714285714,0.0242857142857142
0.009980519081988532,0.011468567847073669,3.370319896183512e-17,0.1214285714285714,0.0323809523809523
0.010150295826315749,0.011358836272700852,3.370319896183512e-17,0.1214285714285714,0.0404761904761904
0.010167237310909745,0.011168039277178056,3.370319896183512e-17,0.1214285714285714,0.0485714285714285
0.010132956445255262,0.010635271508241739,3.370319896183512e-17,0.1214285714285714,0.0566666666666666
0.009848617598322363,0.010076027737855838,3.370319896183512e-17,0.1214285714285714,0.0647619047619047
0.008858411945415378,0.009767732658546423,3.370319896183512e-17,0.1214285714285714,0.0728571428571428
0.008012802238893394,0.009391586838848606,3.370319896183512e-17,0.1214285714285714,0.0809523809523809
0.007122566621806875,0.008908853244351726,3.370319896183512e-17,0.1214285714285714,0.089047619047619
0.006533603722021814,0.008437278888021387,3.370319896183512e-17,0.1214285714285714,0.0971428571428571
0.006134314148607399,0.0077772139405912,3.370319896183512e-17,0.1214285714285714,0.1052380952380952
0.006048119589252254,0.007242179261821947,3.370319896183512e-17,0.1214285714285714,0.1133333333333333
0.006505671593419627,0.006944246048423169,3.370319896183512e-17,0.1214285714285714,0.1214285714285714
0.007538711658885149,0.008386364118306447,3.370319896183512e-17,0.1214285714285714,0.1295238095238095
0.009923562918200762,0.015811069418107237,3.370319896183512e-17,0.1214285714285714,0.1376190476190476
0.02395325194452513,0.024729453266587268,3.370319896183512e-17,0.1214285714285714,0.1457142857142857
0.04922055958023677,0.05982643892013903,3.370319896183512e-17,0.1214285714285714,0.1538095238095238
0.07558481724874802,0.09007657335230057,3.370319896183512e-17,0.1214285714285714,0.1619047619047619
0.07317162505456418,0.11811616531046301,3.370319896183512e-17,0.1214285714285714,0.17
-92.67850455511955,97.218349060959,3.766828119263924e-17,0.1357142857142857,0.0
0.010173894277969001,0.010727214619474398,3.766828119263924e-17,0.1357142857142857,0.008095238095238
0.012337863061261592,0.013649380190412562,3.766828119263924e-17,0.1357142857142857,0.0161904761904762
0.013175558548323418,0.01568424389910066,3.766828119263924e-17,0.1357142857142857,0.0242857142857142
0.013491659629941996,0.016187392327816828,3.766828119263924e-17,0.1357142857142857,0.0323809523809523
0.013794487185539571,0.01602942287406283,3.766828119263924e-17,0.1357142857142857,0.0404761904761904
0.013903583358650719,0.015891242020279576,3.766828119263924e-17,0.1357142857142857,0.0485714285714285
0.014234836557618213,0.015592094817986176,3.766828119263924e-17,0.1357142857142857,0.0566666666666666
0.014638688039492479,0.015348017500450721,3.766828119263924e-17,0.1357142857142857,0.0647619047619047
0.015165551413936345,0.01517796497995389,3.766828119263924e-17,0.1357142857142857,0.0728571428571428
0.015123963452614762,0.015659991915199036,3.766828119263924e-17,0.1357142857142857,0.0809523809523809
0.01539988542330736,0.01602599482484,3.766828119263924e-17,0.1357142857142857,0.089047619047619
0.015517384163498904,0.016565275656651897,3.766828119263924e-17,0.1357142857142857,0.0971428571428571
0.016077406209548898,0.0170068764539469,3.766828119263924e-17,0.1357142857142857,0.1052380952380952
0.016951206016066558,0.017500372715815445,3.766828119263924e-17,0.1357142857142857,0.1133333333333333
0.018382829318044525,0.019339554044103674,3.766828119263924e-17,0.1357142857142857,0.1214285714285714
0.0200552235241769,0.023476266758008305,3.766828119263924e-17,0.1357142857142857,0.1295238095238095
0.025058911066403997,0.0308121476296518,3.766828119263924e-17,0.1357142857142857,0.1376190476190476
0.03508153971483141,0.04057354665068719,3.766828119263924e-17,0.1357142857142857,0.1457142857142857
0.045468244157439545,0.06358871474112322,3.766828119263924e-17,0.1357142857142857,0.1538095238095238
0.0524663214182674,0.08052428933166561,3.766828119263924e-17,0.1357142857142857,0.1619047619047619
0.047638812556631986,0.06860319988901423,3.766828119263924e-17,0.1357142857142857,0.17
-31.434711538478187,35.71886809782731,4.163336342344337e-17,0.15,0.0
-72.31757476568728,75.22233192876831,4.163336342344337e-17,0.15,0.008095238095238
-49.985526060339424,57.9655420958654,4.163336342344337e-17,0.15,0.0161904761904762
-49.94350259230425,60.15606252514771,4.163336342344337e-17,0.15,0.0242857142857142
0.018628515309359273,11.81524469714704,4.163336342344337e-17,0.15,0.0323809523809523
-10.392286004412421,23.805190310299835,4.163336342344337e-17,0.15,0.0404761904761904
-24.820021099308104,39.326605367841395,4.163336342344337e-17,0.15,0.0485714285714285
-27.32253005297399,42.863747668084756,4.163336342344337e-17,0.15,0.0566666666666666
-14.579094202511966,30.84722995088935,4.163336342344337e-17,0.15,0.0647619047619047
-3.5265700943859386,20.50583548683722,4.163336342344337e-17,0.15,0.0728571428571428
3.736872300103327,13.752211891743306,4.163336342344337e-17,0.15,0.0809523809523809
1.0016580055980713,16.966472077098267,4.163336342344337e-17,0.15,0.089047619047619
6.641784268219954,11.639272579452427,4.163336342344337e-17,0.15,0.0971428571428571
8.960980218544753,9.625708184811232,4.163336342344337e-17,0.15,0.1052380952380952
9.297794884518089,9.630816231010323,4.163336342344337e-17,0.15,0.1133333333333333
9.708996800990771,10.10969680229643,4.163336342344337e-17,0.15,0.1214285714285714
4.60787994492963,16.89969901944408,4.163336342344337e-17,0.15,0.1295238095238095
-53.05536505531575,78.82998686054177,4.163336342344337e-17,0.15,0.1376190476190476
-138.19040507008864,168.87952829664985,4.163336342344337e-17,0.15,0.1457142857142857
-212.58168848550685,248.2734938312908,4.163336342344337e-17,0.15,0.1538095238095238
-168.84288084724216,205.70289081674395,4.163336342344337e-17,0.15,0.1619047619047619
8.867673116586321,21.927466682696235,4.163336342344337e-17,0.15,0.17
-4.259468933993369,7.1431048586097345,0.005050762722761,0.005050762722761,0.0
-5.573859892531939,9.54773670041283,0.005050762722761,0.005050762722761,0.008095238095238
-2.6196648730562155,7.081267966921931,0.005050762722761,0.005050762722761,0.0161904761904762
-11.458209166125787,16.14440386313719,0.005050762722761,0.005050762722761,0.0242857142857142
-13.003728372605602,17.471699743424427,0.005050762722761,0.005050762722761,0.0323809523809523
-9.053868973941576,13.152608314494248,0.005050762722761,0.005050762722761,0.0404761904761904
-5.852596518879613,9.59382950419145,0.005050762722761,0.005050762722761,0.0485714285714285
-3.7389021324602614,7.163120218870738,0.005050762722761,0.005050762722761,0.0566666666666666
-2.4580915474564806,5.597114090508465,0.005050762722761,0.005050762722761,0.0647619047619047
-1.5844533646085026,4.470679156918581,0.005050762722761,0.005050762722761,0.0728571428571428
-0.8979318073344895,3.559042103477913,0.005050762722761,0.005050762722761,0.0809523809523809
-0.3591913030998779,2.8180209981288167,0.005050762722761,0.005050762722761,0.089047619047619
0.0848473577422284,2.1937385196898624,0.005050762722761,0.005050762722761,0.0971428571428571
0.816677260265379,1.3003334065815566,0.005050762722761,0.005050762722761,0.1052380952380952
0.8017327258134554,1.1701551875176477,0.005050762722761,0.005050762722761,0.1133333333333333
0.7820524754523713,1.0568482675940962,0.005050762722761,0.005050762722761,0.1214285714285714
0.7553690904613565,0.9585796977421256,0.005050762722761,0.005050762722761,0.1295238095238095
0.7225049161215329,0.8720691847459978,0.005050762722761,0.005050762722761,0.1376190476190476
0.6874607186538196,0.791971165106783,0.005050762722761,0.005050762722761,0.1457142857142857
0.6507681188434037,0.7148656091821207,0.005050762722761,0.005050762722761,0.1538095238095238
0.6871954383241382,0.7121536611206577,0.005050762722761,0.005050762722761,0.1619047619047619
-150577643.423105,150578839.0323394,0.005050762722761,0.005050762722761,0.17
1.7424617252408807,1.9966214362130823,0.0055824219567358,-0.0055824219567359,0.0
-4.222768155018315,8.387096345209834,0.0055824219567358,-0.0055824219567359,0.0089473684210526
-3.314816329902559,7.8886907586406885,0.0055824219567358,-0.0055824219567359,0.0178947368421052
-13.503001497856314,18.183647453058768,0.0055824219567358,-0.0055824219567359,0.0268421052631579
-12.11187955307514,16.51701738768886,0.0055824219567358,-0.0055824219567359,0.0357894736842105
-8.495448639572663,12.54376249196232,0.0055824219567358,-0.0055824219567359,0.0447368421052631
-5.713398369821407,9.416974180860889,0.0055824219567358,-0.0055824219567359,0.0536842105263157
-3.3113596084290515,6.677986701054375,0.0055824219567358,-0.0055824219567359,0.0626315789473684
-1.8416503940696023,4.924570155540713,0.0055824219567358,-0.0055824219567359,0.071578947368421
-0.9213508298818818,3.74691535133224,0.0055824219567358,-0.0055824219567359,0.0805263157894736
-0.27013144500924446,2.8449533779827156,0.0055824219567358,-0.0055824219567359,0.0894736842105263
0.11037924935783039,2.256145047661077,0.0055824219567358,-0.0055824219567359,0.0984210526315789
0.8268859177244234,1.356086636831618,0.0055824219567358,-0.0055824219567359,0.1073684210526315
0.8084948761447003,1.1995126772644948,0.0055824219567358,-0.0055824219567359,0.1163157894736842
0.7897537347712962,1.0681746944863415,0.0055824219567358,-0.0055824219567359,0.1252631578947368
0.7594150819345509,0.9538643720248781,0.0055824219567358,-0.0055824219567359,0.1342105263157895
0.7259616346154341,0.8335401398567048,0.0055824219567358,-0.0055824219567359,0.1431578947368421
0.6835392234457789,0.7378219274541937,0.0055824219567358,-0.0055824219567359,0.1521052631578947
0.6640604620954443,0.6913914168464114,0.0055824219567358,-0.0055824219567359,0.1610526315789473
-229874.6718257443,230464.99096943354,0.0055824219567358,-0.0055824219567359,0.17
-141.42850164441717,146.0730708260258,0.015,0.0,0.0
0.004410685400501321,0.02091006492620448,0.015,0.0,0.0085
0.005245171767155034,0.02731496811771316,0.015,0.0,0.0169999999999999
-0.03171866703875767,0.09047691494661747,0.015,0.0,0.0254999999999999
0.07252491128996211,0.1464110035536663,0.015,0.0,0.034
0.21366435014498147,0.25442332875730994,0.015,0.0,0.0425
0.2896025169166439,0.36563824381359994,0.015,0.0,0.051
0.3611553708512471,0.4154899756864136,0.015,0.0,0.0594999999999999
0.40239570026564003,0.448008652672322,0.015,0.0,0.068
0.42440198718095107,0.4759246981325255,0.015,0.0,0.0764999999999999
0.4355920260934358,0.49241195731958737,0.015,0.0,0.085
0.4432417935590882,0.5002416993681326,0.015,0.0,0.0935
0.4521035447397377,0.49512659863925257,0.015,0.0,0.102
0.4581068452167988,0.48290993145767425,0.015,0.0,0.1105
0.453641048612877,0.47139298897706194,0.015,0.0,0.119
0.4412054265858023,0.4611898930323377,0.015,0.0,0.1275
0.42520415795946775,0.4469583257557347,0.015,0.0,0.136
0.4074983571094199,0.43206444579150133,0.015,0.0,0.1445
0.39376350229773727,0.4206634142733163,0.015,0.0,0.153
0.43632669761169274,0.5144329092026121,0.015,0.0,0.1615
-23722370.240683105,23722854.832264278,0.015,0.0,0.17
-26.396454648904214,34.27272739873747,0.0151522881682831,0.0151522881682831,0.0
0.010079471372104971,0.011179047426343229,0.0151522881682831,0.0151522881682831,0.008095238095238
0.007716631220970993,0.009033338702147207,0.0151522881682831,0.0151522881682831,0.0161904761904762
0.007735119280856177,0.010220105214817223,0.0151522881682831,0.0151522881682831,0.0242857142857142
0.007015235832868555,0.012908203350881645,0.0151522881682831,0.0151522881682831,0.0323809523809523
0.007512070117545349,0.01428644720535245,0.0151522881682831,0.0151522881682831,0.0404761904761904
0.008028406998549061,0.01607508672352154,0.0151522881682831,0.0151522881682831,0.0485714285714285
0.008744557519084102,0.017943568577500697,0.0151522881682831,0.0151522881682831,0.0566666666666666
0.009595412538135032,0.020643235010035163,0.0151522881682831,0.0151522881682831,0.0647619047619047
0.011037016972873577,0.025075773960521623,0.0151522881682831,0.0151522881682831,0.0728571428571428
0.013156675478412663,0.03239246395043079,0.0151522881682831,0.0151522881682831,0.0809523809523809
0.02299905982488349,0.038395164287319705,0.0151522881682831,0.0151522881682831,0.089047619047619
0.032921507523031794,0.05750054593301659,0.0151522881682831,0.0151522881682831,0.0971428571428571
0.04865928719872558,0.08798800416354022,0.0151522881682831,0.0151522881682831,0.1052380952380952
0.0649582554611714,0.1260461314777844,0.0151522881682831,0.0151522881682831,0.1133333333333333
0.08031151366418468,0.1621379541373431,0.0151522881682831,0.0151522881682831,0.1214285714285714
0.09362691438856925,0.19324737716736096,0.0151522881682831,0.0151522881682831,0.1295238095238095
0.10758709141379716,0.2171247062066561,0.0151522881682831,0.0151522881682831,0.1376190476190476
0.12312204951586467,0.23942183727412195,0.0151522881682831,0.0151522881682831,0.1457142857142857
0.15091725340855985,0.2663669972553373,0.0151522881682831,0.0151522881682831,0.1538095238095238
0.3922463279918887,0.4208367478051233,0.0151522881682831,0.0151522881682831,0.1619047619047619
-2594202.8821667763,2594519.2693464127,0.0151522881682831,0.0151522881682831,0.17
-6.578740989799314,10.28531984197544,0.0167472658702077,-0.0167472658702077,0.0
0.003073996730427462,0.007438282903986538,0.0167472658702077,-0.0167472658702077,0.0089473684210526
0.0025860141525522688,0.006960471263169732,0.0167472658702077,-0.0167472658702077,0.0178947368421052
0.0024184782865973413,0.006704403303430858,0.0167472658702077,-0.0167472658702077,0.0268421052631579
0.0021682714180518816,0.006616377014451718,0.0167472658702077,-0.0167472658702077,0.0357894736842105
0.001951320781383823,0.006578878364395777,0.0167472658702077,-0.0167472658702077,0.0447368421052631
0.0014704966718683665,0.006839417794697234,0.0167472658702077,-0.0167472658702077,0.0536842105263157
0.0018309876314139303,0.00622263827546587,0.0167472658702077,-0.0167472658702077,0.0626315789473684
0.0010823985518252119,0.006741209220227388,0.0167472658702077,-0.0167472658702077,0.071578947368421
-9.25513991766264e-06,0.007651301951128262,0.0167472658702077,-0.0167472658702077,0.0805263157894736
-0.0008577009536497281,0.008454322650487128,0.0167472658702077,-0.0167472658702077,0.0894736842105263
-0.002595671491004122,0.010737053703179922,0.0167472658702077,-0.0167472658702077,0.0984210526315789
-0.002294639567343608,0.014837041879039808,0.0167472658702077,-0.0167472658702077,0.1073684210526315
0.0054064655654941715,0.023151106325201627,0.0167472658702077,-0.0167472658702077,0.1163157894736842
0.012118558617976415,0.03326915275327418,0.0167472658702077,-0.0167472658702077,0.1252631578947368
0.02201358606848762,0.04294025002597858,0.0167472658702077,-0.0167472658702077,0.1342105263157895
0.04134149299847295,0.061408853627540255,0.0167472658702077,-0.0167472658702077,0.1431578947368421
0.09014983075653424,0.10261081156675575,0.0167472658702077,-0.0167472658702077,0.1521052631578947
0.33000680955634093,0.36231809355606087,0.0167472658702077,-0.0167472658702077,0.1610526315789473
-2961330.738260496,2961469.8315585577,0.0167472658702077,-0.0167472658702077,0.17
-123.28752091994534,132.51095569386587,0.0252538136138052,0.0252538136138052,0.0
0.009378879166690031,0.01132861080532017,0.0252538136138052,0.0252538136138052,0.008095238095238
0.005838889270889285,0.006320412074401715,0.0252538136138052,0.0252538136138052,0.0161904761904762
0.004899747232093267,0.005161237289651733,0.0252538136138052,0.0252538136138052,0.0242857142857142
0.004584925002399622,0.004895502264341978,0.0252538136138052,0.0252538136138052,0.0323809523809523
0.0046626529731685065,0.005240475486548094,0.0252538136138052,0.0252538136138052,0.0404761904761904
0.004920072678527904,0.006292919721407096,0.0252538136138052,0.0252538136138052,0.0485714285714285
0.005338394940945498,0.007426927539886302,0.0252538136138052,0.0252538136138052,0.0566666666666666
0.005680584425905368,0.008077679998078232,0.0252538136138052,0.0252538136138052,0.0647619047619047
0.00589919459753175,0.00795003140980205,0.0252538136138052,0.0252538136138052,0.0728571428571428
0.006346081258572437,0.007210626467502964,0.0252538136138052,0.0252538136138052,0.0809523809523809
0.006256458012253991,0.006846039819017609,0.0252538136138052,0.0252538136138052,0.089047619047619
0.006115144988273996,0.006438652987476004,0.0252538136138052,0.0252538136138052,0.0971428571428571
0.005932766263280678,0.005964332046398321,0.0252538136138052,0.0252538136138052,0.1052380952380952
0.005460060297898099,0.005803902609570301,0.0252538136138052,0.0252538136138052,0.1133333333333333
0.005187072079438897,0.005614754167905902,0.0252538136138052,0.0252538136138052,0.1214285714285714
0.00495614886716512,0.005774427523200881,0.0252538136138052,0.0252538136138052,0.1295238095238095
0.005129891648847561,0.006436811913283839,0.0252538136138052,0.0252538136138052,0.1376190476190476
0.007197098725109621,0.008370427446465779,0.0252538136138052,0.0252538136138052,0.1457142857142857
0.025831014029220258,0.027131286368510345,0.0252538136138052,0.0252538136138052,0.1538095238095238
0.31906332029284706,0.33016352780024333,0.0252538136138052,0.0252538136138052,0.1619047619047619
-304.35279989771607,409.03508726339726,0.0252538136138052,0.0252538136138052,0.17
-27.556525810750333,31.818172634492324,0.0279121097836795,-0.0279121097836795,0.0
0.003926535444971782,0.008284031450631018,0.0279121097836795,-0.0279121097836795,0.0089473684210526
0.003530685782562929,0.007399798861360471,0.0279121097836795,-0.0279121097836795,0.0178947368421052
0.003225609410648236,0.007034303034194563,0.0279121097836795,-0.0279121097836795,0.0268421052631579
0.0031308344494553296,0.006718550131415271,0.0279121097836795,-0.0279121097836795,0.0357894736842105
0.003071662701030536,0.0065433844836614635,0.0279121097836795,-0.0279121097836795,0.0447368421052631
0.003037812096827469,0.006362960982598332,0.0279121097836795,-0.0279121097836795,0.0536842105263157
0.0029648311534680926,0.006235989178698908,0.0279121097836795,-0.0279121097836795,0.0626315789473684
0.002853997860279376,0.006165543822968824,0.0279121097836795,-0.0279121097836795,0.071578947368421
0.0027098669408608003,0.006089225930043199,0.0279121097836795,-0.0279121097836795,0.0805263157894736
0.002565496608262857,0.006034697434810343,0.0279121097836795,-0.0279121097836795,0.0894736842105263
0.002488289030181944,0.006003844849906056,0.0279121097836795,-0.0279121097836795,0.0984210526315789
0.0026778602026974185,0.006074964516511782,0.0279121097836795,-0.0279121097836795,0.1073684210526315
0.004332529264765824,0.0064191128075487755,0.0279121097836795,-0.0279121097836795,0.1163157894736842
0.007269060423487385,0.007591240320011615,0.0279121097836795,-0.0279121097836795,0.1252631578947368
0.007871257719000446,0.010638217107877955,0.0279121097836795,-0.0279121097836795,0.1342105263157895
0.009424463093053153,0.014901772903095845,0.0279121097836795,-0.0279121097836795,0.1431578947368421
0.018695244383258477,0.03521843797100732,0.0279121097836795,-0.0279121097836795,0.1521052631578947
0.28499872219099187,0.30657228166642936,0.0279121097836795,-0.0279121097836795,0.1610526315789473
-460625.6198342522,460719.85342933744,0.0279121097836795,-0.0279121097836795,0.17
-277.86425314188284,288.1400160863352,0.0299999999999999,0.0,0.0
0.0107469732345904,0.01180258957693736,0.0299999999999999,0.0,0.0085
0.009362650379961505,0.011365202255091895,0.0299999999999999,0.0,0.0169999999999999
0.008823540416827754,0.011160381885429244,0.0299999999999999,0.0,0.0254999999999999
0.008591219984753855,0.010726155180635945,0.0299999999999999,0.0,0.034
0.008420613431958641,0.01033742696778416,0.0299999999999999,0.0,0.0425
0.008299123733853045,0.009958286189490956,0.0299999999999999,0.0,0.051
0.008223691920754075,0.009638363377907723,0.0299999999999999,0.0,0.0594999999999999
0.00825860222940435,0.00940258345403185,0.0299999999999999,0.0,0.068
0.008440960834008299,0.009368059146309901,0.0299999999999999,0.0,0.0764999999999999
0.00889548445570723,0.00974765454110177,0.0299999999999999,0.0,0.085
0.010027343816934224,0.010905527601806972,0.0299999999999999,0.0,0.0935
0.012064432508240217,0.013666016650677983,0.0299999999999999,0.0,0.102
0.015636285317878997,0.0177957529210352,0.0299999999999999,0.0,0.1105
0.021038787897666857,0.02534742715381454,0.0299999999999999,0.0,0.119
0.027886902988092935,0.03529108945613747,0.0299999999999999,0.0,0.1275
0.037800355253634794,0.0491978957571094,0.0299999999999999,0.0,0.136
0.04931730060036138,0.06776265239564681,0.0299999999999999,0.0,0.1445
0.06716956800968747,0.09117608234152853,0.0299999999999999,0.0,0.153
0.23657084753228935,0.3016042033519299,0.0299999999999999,0.0,0.1615
-1685.7743807951338,1807.8667272362077,0.0299999999999999,0.0,0.17
-9.178369152270953,18.537101675939955,0.0353553390593273,0.0353553390593273,0.0
0.0073979235442236555,0.007682350341007545,0.0353553390593273,0.0353553390593273,0.008095238095238
0.004752165013355823,0.004951150091612376,0.0353553390593273,0.0353553390593273,0.0161904761904762
0.004086948110470473,0.004585329353725926,0.0353553390593273,0.0353553390593273,0.0242857142857142
0.003998907694416426,0.004502221569411174,0.0353553390593273,0.0353553390593273,0.0323809523809523
0.0039059883815655595,0.0045063363189038405,0.0353553390593273,0.0353553390593273,0.0404761904761904
0.0038119766512492654,0.0045082269126759346,0.0353553390593273,0.0353553390593273,0.0485714285714285
0.003690035542657272,0.004516256992747128,0.0353553390593273,0.0353553390593273,0.0566666666666666
0.0036283489534966983,0.004535734179292301,0.0353553390593273,0.0353553390593273,0.0647619047619047
0.0038845189741043866,0.004366568799790614,0.0353553390593273,0.0353553390593273,0.0728571428571428
0.00406277609340828,0.00439833903970592,0.0353553390593273,0.0353553390593273,0.0809523809523809
0.004256583109453589,0.004456376522856011,0.0353553390593273,0.0353553390593273,0.089047619047619
0.004347818349926149,0.0044822634508406515,0.0353553390593273,0.0353553390593273,0.0971428571428571
0.004373287457865625,0.004521103346140975,0.0353553390593273,0.0353553390593273,0.1052380952380952
0.004297047096483873,0.0046086949858015255,0.0353553390593273,0.0353553390593273,0.1133333333333333
0.004279329531354357,0.004560856093686842,0.0353553390593273,0.0353553390593273,0.1214285714285714
0.004159273887554392,0.004546668471129208,0.0353553390593273,0.0353553390593273,0.1295238095238095
0.004049512990846641,0.004513226972074558,0.0353553390593273,0.0353553390593273,0.1376190476190476
0.003974423718634982,0.005041877269792818,0.0353553390593273,0.0353553390593273,0.1457142857142857
0.021904334263348826,0.023446166466931977,0.0353553390593273,0.0353553390593273,0.1538095238095238
0.2601697152362088,0.27884758513215024,0.0353553390593273,0.0353553390593273,0.1619047619047619
-178983.85249993915,179065.28637089912,0.0353553390593273,0.0353553390593273,0.17
-46.37331470630372,50.283026350387445,0.0390769536971513,-0.0390769536971513,0.0
0.0038922943494204736,0.005841361290513704,0.0390769536971513,-0.0390769536971513,0.0089473684210526
0.004174436877142876,0.005084569011661525,0.0390769536971513,-0.0390769536971513,0.0178947368421052
0.004295071691725487,0.0049699851255295135,0.0390769536971513,-0.0390769536971513,0.0268421052631579
0.004325022703190916,0.004916972801574884,0.0390769536971513,-0.0390769536971513,0.0357894736842105
0.004280693063489551,0.004881972044678447,0.0390769536971513,-0.0390769536971513,0.0447368421052631
0.004225633141149271,0.004857487300181529,0.0390769536971513,-0.0390769536971513,0.0536842105263157
0.004223327032665611,0.004849287814601789,0.0390769536971513,-0.0390769536971513,0.0626315789473684
0.004271122756511891,0.004862173416806709,0.0390769536971513,-0.0390769536971513,0.071578947368421
0.004329898840924787,0.004895580521968014,0.0390769536971513,-0.0390769536971513,0.0805263157894736
0.004379659929039854,0.004942916812346545,0.0390769536971513,-0.0390769536971513,0.0894736842105263
0.00439706275788585,0.005018127496169752,0.0390769536971513,-0.0390769536971513,0.0984210526315789
0.004396489076599453,0.005094932999093347,0.0390769536971513,-0.0390769536971513,0.1073684210526315
0.004422440095101539,0.005243629646097061,0.0390769536971513,-0.0390769536971513,0.1163157894736842
0.0047604937816054784,0.005524180510343721,0.0390769536971513,-0.0390769536971513,0.1252631578947368
0.005999164541531793,0.006080389216768607,0.0390769536971513,-0.0390769536971513,0.1342105263157895
0.007994233862581827,0.009201701386742972,0.0390769536971513,-0.0390769536971513,0.1431578947368421
0.02527221691856822,0.03134858201660098,0.0390769536971513,-0.0390769536971513,0.1521052631578947
0.18745749452223112,0.2459109976712259,0.0390769536971513,-0.0390769536971513,0.1610526315789473
-123.97433765670982,201.62224556173302,0.0390769536971513,-0.0390769536971513,0.17
-306.26409524542885,317.9961801475042,0.045,0.0,0.0
0.011692516488141862,0.018995178303116138,0.045,0.0,0.0085
0.00945711090920592,0.01716532643988148,0.045,0.0,0.0169999999999999
0.008467438458751773,0.016626201445573825,0.045,0.0,0.0254999999999999
0.008045386392538103,0.016104944902617095,0.045,0.0,0.034
0.007642530603511369,0.015808486639096828,0.045,0.0,0.0425
0.007408898328182964,0.015383649554278036,0.045,0.0,0.051
0.00733417291805336,0.014884733583206442,0.045,0.0,0.0594999999999999
0.007347127069465427,0.014435735098968174,0.045,0.0,0.068
0.007390460398450423,0.014070299099121778,0.045,0.0,0.0764999999999999
0.007469991246940264,0.013885870105402537,0.045,0.0,0.085
0.0075998417218495415,0.013801027084560658,0.045,0.0,0.0935
0.00894724983329593,0.01268293610810527,0.045,0.0,0.102
0.009129709451201293,0.012884601564461707,0.045,0.0,0.1105
0.009376265301975887,0.013315295491843713,0.045,0.0,0.119
0.009663368258202005,0.013886119112751795,0.045,0.0,0.1275
0.008623669136474402,0.016259089359820598,0.045,0.0,0.136
0.009228039359702178,0.01802938847543222,0.045,0.0,0.1445
0.01678717259585345,0.01823992026028794,0.045,0.0,0.153
0.21954655742030446,0.2549394429457565,0.045,0.0,0.1615
-699475.561143712,699561.6025956405,0.045,0.0,0.17
-193.4021517541847,199.67714884889992,0.0454568645048494,0.0454568645048494,0.0
0.00466863394085089,0.00615377728247451,0.0454568645048494,0.0454568645048494,0.008095238095238
0.004723956961083271,0.004975628794757529,0.0454568645048494,0.0454568645048494,0.0161904761904762
0.00467957892980471,0.00480354710084229,0.0454568645048494,0.0454568645048494,0.0242857142857142
0.0047151627737010895,0.004785974910791111,0.0454568645048494,0.0454568645048494,0.0323809523809523
0.004753100610467923,0.004781310395491476,0.0454568645048494,0.0454568645048494,0.0404761904761904
0.004728542101362008,0.004738700275953392,0.0454568645048494,0.0454568645048494,0.0485714285714285
0.0045842163890330995,0.004619510789878701,0.0454568645048494,0.0454568645048494,0.0566666666666666
0.004369045533067059,0.004455674445561141,0.0454568645048494,0.0454568645048494,0.0647619047619047
0.00410177556069819,0.004195769436701209,0.0454568645048494,0.0454568645048494,0.0728571428571428
0.003921207581462438,0.004039980731196161,0.0454568645048494,0.0454568645048494,0.0809523809523809
0.003942074702376863,0.004007437398017737,0.0454568645048494,0.0454568645048494,0.089047619047619
0.003931050532955336,0.004236452068789063,0.0454568645048494,0.0454568645048494,0.0971428571428571
0.003983221648098346,0.004460453838765454,0.0454568645048494,0.0454568645048494,0.1052380952380952
0.004031570525171062,0.004550190830422538,0.0454568645048494,0.0454568645048494,0.1133333333333333
0.004100341226824141,0.004528508230568659,0.0454568645048494,0.0454568645048494,0.1214285714285714
0.004166392158268889,0.00442709841180091,0.0454568645048494,0.0454568645048494,0.1295238095238095
0.004217306662497864,0.0042661702482049355,0.0454568645048494,0.0454568645048494,0.1376190476190476
0.0035665600183755653,0.005166438566888035,0.0454568645048494,0.0454568645048494,0.1457142857142857
0.02826434503844391,0.03392633643885549,0.0454568645048494,0.0454568645048494,0.1538095238095238
0.20287817962616983,0.2085820583519472,0.0454568645048494,0.0454568645048494,0.1619047619047619
-384553.30073133967,384620.0768304058,0.0454568645048494,0.0454568645048494,0.17
-127.44368434038671,131.76170183616807,0.050241797610623,-0.0502417976106231,0.0
0.004295796291367528,0.0051435651631970315,0.050241797610623,-0.0502417976106231,0.0089473684210526
0.004677183888365935,0.004739842124120464,0.050241797610623,-0.0502417976106231,0.0178947368421052
0.0047315094671432365,0.0049135412217719615,0.050241797610623,-0.0502417976106231,0.0268421052631579
0.004762331903601377,0.0049761970107300236,0.050241797610623,-0.0502417976106231,0.0357894736842105
0.004745106752372849,0.004944937347100352,0.050241797610623,-0.0502417976106231,0.0447368421052631
0.004690741528939965,0.004817890800929033,0.050241797610623,-0.0502417976106231,0.0536842105263157
0.004560365280260609,0.004596195868563591,0.050241797610623,-0.0502417976106231,0.0626315789473684
0.004351227234530093,0.004433914585835706,0.050241797610623,-0.0502417976106231,0.071578947368421
0.004241430130511152,0.004281052919439248,0.050241797610623,-0.0502417976106231,0.0805263157894736
0.004224419715645426,0.0042382647669515746,0.050241797610623,-0.0502417976106231,0.0894736842105263
0.00420524163596932,0.004356568009640478,0.050241797610623,-0.0502417976106231,0.0984210526315789
0.004264339518660813,0.004485699523590188,0.050241797610623,-0.0502417976106231,0.1073684210526315
0.004426331602243178,0.004583264593044422,0.050241797610623,-0.0502417976106231,0.1163157894736842
0.004630302081871074,0.0046621363840317264,0.050241797610623,-0.0502417976106231,0.1252631578947368
0.004971098379235214,0.0050621371433911865,0.050241797610623,-0.0502417976106231,0.1342105263157895
0.007101555730381499,0.007778264928786098,0.050241797610623,-0.0502417976106231,0.1431578947368421
0.025839854281062405,0.0318685797203388,0.050241797610623,-0.0502417976106231,0.1521052631578947
0.1496845025580217,0.1588803343460615,0.050241797610623,-0.0502417976106231,0.1610526315789473
-111561.86606909506,111620.43137648195,0.050241797610623,-0.0502417976106231,0.17
-166.91131293186356,173.26100045981497,0.0555583899503715,0.0555583899503716,0.0
0.005356446324213332,0.006338297121608067,0.0555583899503715,0.0555583899503716,0.008095238095238
0.00538250614738308,0.0056072940243669205,0.0555583899503715,0.0555583899503716,0.0161904761904762
0.0051714976779472155,0.005460684587943985,0.0555583899503715,0.0555583899503716,0.0242857142857142
0.0050604008637835565,0.005486430334681243,0.0555583899503715,0.0555583899503716,0.0323809523809523
0.004952818822683431,0.005593181230473369,0.0555583899503715,0.0555583899503716,0.0404761904761904
0.004851972420757282,0.0056550060037951185,0.0555583899503715,0.0555583899503716,0.0485714285714285
0.00421763613366829,0.00605461982352911,0.0555583899503715,0.0555583899503716,0.0566666666666666
0.004077376049010749,0.005729617059120852,0.0555583899503715,0.0555583899503716,0.0647619047619047
0.004021049241027727,0.0049273550290518725,0.0555583899503715,0.0555583899503716,0.0728571428571428
0.0037166019594250216,0.004359750547176379,0.0555583899503715,0.0555583899503716,0.0809523809523809
0.0034435440440300042,0.003724061373937196,0.0555583899503715,0.0555583899503716,0.089047619047619
0.003369376825633248,0.003503613527321152,0.0555583899503715,0.0555583899503716,0.0971428571428571
0.0034464947466080025,0.0036493790728177973,0.0555583899503715,0.0555583899503716,0.1052380952380952
0.003568530770274371,0.00391352686844843,0.0555583899503715,0.0555583899503716,0.1133333333333333
0.003712036308479709,0.00415852989812469,0.0555583899503715,0.0555583899503716,0.1214285714285714
0.0038225497918713603,0.00427559032288004,0.0555583899503715,0.0555583899503716,0.1295238095238095
0.003948464785712708,0.004277367625934693,0.0555583899503715,0.0555583899503716,0.1376190476190476
0.0035730761337240116,0.005050053861177988,0.0555583899503715,0.0555583899503716,0.1457142857142857
0.028023779520634375,0.03427519911039442,0.0555583899503715,0.0555583899503716,0.1538095238095238
0.145561339598526,0.14848231182392344,0.0555583899503715,0.0555583899503716,0.1619047619047619
-122241.07656535643,122293.21709790069,0.0555583899503715,0.0555583899503716,0.17
-74.41427379911393,79.48455691114096,0.0599999999999999,0.0,0.0
0.009392880837019125,0.009949078048808674,0.0599999999999999,0.0,0.0085
0.008255497587930094,0.008764074089497104,0.0599999999999999,0.0,0.0169999999999999
0.007375066529786807,0.008311386694517793,0.0599999999999999,0.0,0.0254999999999999
0.007086038998000186,0.008460841596598013,0.0599999999999999,0.0,0.034
0.006910256483117668,0.008993702048150733,0.0599999999999999,0.0,0.0425
0.00610401482437583,0.01040184148301537,0.0599999999999999,0.0,0.051
0.006147286391695234,0.010955055190910366,0.0599999999999999,0.0,0.0594999999999999
0.006241399464514621,0.011318313329918379,0.0599999999999999,0.0,0.068
0.006326884958103061,0.011499060054618537,0.0599999999999999,0.0,0.0764999999999999
0.006370945832642819,0.011521184215083576,0.0599999999999999,0.0,0.085
0.006435642997144756,0.011398101980963844,0.0599999999999999,0.0,0.0935
0.00649717820799855,0.011199507975336248,0.0599999999999999,0.0,0.102
0.0065880141172362724,0.010937896899935528,0.0599999999999999,0.0,0.1105
0.007477489060509967,0.009904071881045433,0.0599999999999999,0.0,0.119
0.007537187381553225,0.009780234156277575,0.0599999999999999,0.0,0.1275
0.007603918975036317,0.009745691776061684,0.0599999999999999,0.0,0.136
0.007968201302730349,0.009979283798613053,0.0599999999999999,0.0,0.1445
0.017346132303135794,0.02144457571958141,0.0599999999999999,0.0,0.153
0.19523970020058412,0.2057446478821921,0.0599999999999999,0.0,0.1615
-59968.10843176906,60037.83304120652,0.0599999999999999,0.0,0.17
-59.3179659996654,64.03599535204205,0.0614066415240949,-0.0614066415240949,0.0
0.005240665304769865,0.005379563126577335,0.0614066415240949,-0.0614066415240949,0.0089473684210526
0.0052470742459316475,0.005662337416863153,0.0614066415240949,-0.0614066415240949,0.0178947368421052
0.005409194262652484,0.005889408941381315,0.0614066415240949,-0.0614066415240949,0.0268421052631579
0.005536375209655453,0.006006278754350347,0.0614066415240949,-0.0614066415240949,0.0357894736842105
0.0055689764700470835,0.006015355240252716,0.0614066415240949,-0.0614066415240949,0.0447368421052631
0.00553625664075353,0.0058496082009998705,0.0614066415240949,-0.0614066415240949,0.0536842105263157
0.005421937336216426,0.005443847728978974,0.0614066415240949,-0.0614066415240949,0.0626315789473684
0.005046711847494802,0.005151231151338198,0.0614066415240949,-0.0614066415240949,0.071578947368421
0.004620403396937488,0.004772552660764313,0.0614066415240949,-0.0614066415240949,0.0805263157894736
0.004129952011129875,0.004503195376061925,0.0614066415240949,-0.0614066415240949,0.0894736842105263
0.004016853129961877,0.004187645706675522,0.0614066415240949,-0.0614066415240949,0.0984210526315789
0.004019557596375112,0.004126156051280488,0.0614066415240949,-0.0614066415240949,0.1073684210526315
0.003917250538036683,0.004336078781902915,0.0614066415240949,-0.0614066415240949,0.1163157894736842
0.00411639075976272,0.004291592643959878,0.0614066415240949,-0.0614066415240949,0.1252631578947368
0.004420929396409208,0.004640749262892992,0.0614066415240949,-0.0614066415240949,0.1342105263157895
0.007071639012529447,0.008211258451567553,0.0614066415240949,-0.0614066415240949,0.1431578947368421
0.024682895000408656,0.03265503562217795,0.0614066415240949,-0.0614066415240949,0.1521052631578947
0.10629814162738103,0.11093355651148616,0.0614066415240949,-0.0614066415240949,0.1610526315789473
-65958.59292535076,66051.34909032041,0.0614066415240949,-0.0614066415240949,0.17
-111.32284876294665,118.15952824238431,0.0656599153958937,0.0656599153958937,0.0
0.006366978631097992,0.006804013261333806,0.0656599153958937,0.0656599153958937,0.008095238095238
0.005969296390531644,0.006540276545505756,0.0656599153958937,0.0656599153958937,0.0161904761904762
0.005680038706113425,0.006283549347071775,0.0656599153958937,0.0656599153958937,0.0242857142857142
0.005465109571799234,0.006243976230105166,0.0656599153958937,0.0656599153958937,0.0323809523809523
0.004787416666622786,0.006543462196312815,0.0656599153958937,0.0656599153958937,0.0404761904761904
0.004493758709271353,0.006348169827763247,0.0656599153958937,0.0656599153958937,0.0485714285714285
0.003976922165532424,0.006022999872612176,0.0656599153958937,0.0656599153958937,0.0566666666666666
0.0040017976370556735,0.004914645894841927,0.0656599153958937,0.0656599153958937,0.0647619047619047
0.0034761276499969767,0.003865025111242823,0.0656599153958937,0.0656599153958937,0.0728571428571428
0.003191544318299704,0.0032455379699286957,0.0656599153958937,0.0656599153958937,0.0809523809523809
0.003111741812423326,0.0032496387934576737,0.0656599153958937,0.0656599153958937,0.089047619047619
0.003111075967837704,0.003204444734596496,0.0656599153958937,0.0656599153958937,0.0971428571428571
0.0031056896431308247,0.0031668115012111753,0.0656599153958937,0.0656599153958937,0.1052380952380952
0.0031578674071711405,0.0032409384590040592,0.0656599153958937,0.0656599153958937,0.1133333333333333
0.003318625950638968,0.0033498083272628315,0.0656599153958937,0.0656599153958937,0.1214285714285714
0.0034329308176101305,0.00350393354576107,0.0656599153958937,0.0656599153958937,0.1295238095238095
0.003572865843782201,0.003692728844374599,0.0656599153958937,0.0656599153958937,0.1376190476190476
0.0032172989385425626,0.005259714475058638,0.0656599153958937,0.0656599153958937,0.1457142857142857
0.025839239006265523,0.03039610813662088,0.0656599153958937,0.0656599153958937,0.1538095238095238
0.10250752862701194,0.10549449644020205,0.0656599153958937,0.0656599153958937,0.1619047619047619
-109261.25036858238,109343.83237791137,0.0656599153958937,0.0656599153958937,0.17
-10.831334706640819,16.220873363219994,0.0725714854375666,-0.0725714854375667,0.0
0.00619275088355588,0.00669720616847852,0.0725714854375666,-0.0725714854375667,0.0089473684210526
0.006316968298773352,0.007027290576141249,0.0725714854375666,-0.0725714854375667,0.0178947368421052
0.006551493788583379,0.007183556124544221,0.0725714854375666,-0.0725714854375667,0.0268421052631579
0.006753706770670725,0.007233054169744076,0.0725714854375666,-0.0725714854375667,0.0357894736842105
0.006935029655266058,0.007026210044385942,0.0725714854375666,-0.0725714854375667,0.0447368421052631
0.0067511978133257145,0.0068113587843532854,0.0725714854375666,-0.0725714854375667,0.0536842105263157
0.006126209096715033,0.006507483562488367,0.0725714854375666,-0.0725714854375667,0.0626315789473684
0.005479274535492094,0.006053443525266506,0.0725714854375666,-0.0725714854375667,0.071578947368421
0.004885193068279489,0.005487244214915711,0.0725714854375666,-0.0725714854375667,0.0805263157894736
0.004213175649497639,0.0051170474669839615,0.0725714854375666,-0.0725714854375667,0.0894736842105263
0.003901583097586858,0.004620341166949741,0.0725714854375666,-0.0725714854375667,0.0984210526315789
0.0038709381993282618,0.004193002652092538,0.0725714854375666,-0.0725714854375667,0.1073684210526315
0.003885652849030932,0.004069889219248068,0.0725714854375666,-0.0725714854375667,0.1163157894736842
0.0036646714062353084,0.00431690493022349,0.0725714854375666,-0.0725714854375667,0.1252631578947368
0.004144158523874777,0.004720720840967424,0.0725714854375666,-0.0725714854375667,0.1342105263157895
0.007808165919430581,0.011321203590530618,0.0725714854375666,-0.0725714854375667,0.1431578947368421
0.03057365688289816,0.034425295124724836,0.0725714854375666,-0.0725714854375667,0.1521052631578947
0.07447370156735812,0.08586468141899971,0.0725714854375666,-0.0725714854375667,0.1610526315789473
0.12398410228845567,0.3011466625397897,0.0725714854375666,-0.0725714854375667,0.17
-130.473772822999,133.4931954417908,0.0749999999999999,0.0,0.0
0.003799721191174139,0.005532668081928261,0.0749999999999999,0.0,0.0085
0.0043865409734640615,0.005025160740635338,0.0749999999999999,0.0,0.0169999999999999
0.004832765678634586,0.0049855181389390135,0.0749999999999999,0.0,0.0254999999999999
0.004905677364336999,0.005314482902384602,0.0749999999999999,0.0,0.034
0.004970832962612183,0.0055882620191610175,0.0749999999999999,0.0,0.0425
0.005157937701494027,0.005811895343633371,0.0749999999999999,0.0,0.051
0.005008169186571948,0.006266608540658052,0.0749999999999999,0.0,0.0594999999999999
0.005182339006088412,0.006383814725827188,0.0749999999999999,0.0,0.068
0.005220848444085749,0.006812038747375852,0.0749999999999999,0.0,0.0764999999999999
0.005213525215540428,0.007300536376941972,0.0749999999999999,0.0,0.085
0.005134603668884122,0.00787669453303608,0.0749999999999999,0.0,0.0935
0.005079218867368896,0.008346746248689104,0.0749999999999999,0.0,0.102
0.005117462569080723,0.008613918077163676,0.0749999999999999,0.0,0.1105
0.0052095099315092805,0.00875722897192772,0.0749999999999999,0.0,0.119
0.005319210555552574,0.008842311945811625,0.0749999999999999,0.0,0.1275
0.0055468626897122,0.008902207115898201,0.0749999999999999,0.0,0.136
0.007278507607324678,0.008858327549854923,0.0749999999999999,0.0,0.1445
0.01838982151257964,0.02581081137941376,0.0749999999999999,0.0,0.153
0.13281304148275783,0.13593455948616298,0.0749999999999999,0.0,0.1615
-53355.37084950153,53459.610747889805,0.0749999999999999,0.0,0.17
-91.05254035160183,98.24938859084438,0.0757614408414157,0.0757614408414158,0.0
0.007293066070618238,0.007446713250689362,0.0757614408414157,0.0757614408414158,0.008095238095238
0.006782299901069127,0.007536936232591073,0.0757614408414157,0.0757614408414158,0.0161904761904762
0.006461581620978139,0.007284973989558861,0.0757614408414157,0.0757614408414158,0.0242857142857142
0.006157370682289241,0.0069680784074227595,0.0757614408414157,0.0757614408414158,0.0323809523809523
0.005459427887298845,0.0066022618291833556,0.0757614408414157,0.0757614408414158,0.0404761904761904
0.005172659470213578,0.005480926862052822,0.0757614408414157,0.0757614408414158,0.0485714285714285
0.003951992029044821,0.004306326363349179,0.0757614408414157,0.0757614408414158,0.0566666666666666
0.0023987830250626445,0.0035996693169971557,0.0757614408414157,0.0757614408414158,0.0647619047619047
0.0014172643609940195,0.0030284853621745807,0.0757614408414157,0.0757614408414158,0.0728571428571428
0.0013825276834171275,0.002882518441812273,0.0757614408414157,0.0757614408414158,0.0809523809523809
0.002138463255627198,0.003027993931464802,0.0757614408414157,0.0757614408414158,0.089047619047619
0.002586348437531882,0.003350199709349919,0.0757614408414157,0.0757614408414158,0.0971428571428571
0.0027773592387598154,0.0033878660865163854,0.0757614408414157,0.0757614408414158,0.1052380952380952
0.0028234187372919383,0.003263040396536863,0.0757614408414157,0.0757614408414158,0.1133333333333333
0.0026914014360547005,0.0033000206184612994,0.0757614408414157,0.0757614408414158,0.1214285714285714
0.0027222492711670523,0.003332262093015148,0.0757614408414157,0.0757614408414158,0.1295238095238095
0.0030774867943188103,0.00354932642342079,0.0757614408414157,0.0757614408414158,0.1376190476190476
0.005448706778494393,0.008330883951383,0.0757614408414157,0.0757614408414158,0.1457142857142857
0.0327662219198146,0.03700706604459218,0.0757614408414157,0.0757614408414158,0.1538095238095238
0.07699447927021928,0.07921499606210873,0.0757614408414157,0.0757614408414158,0.1619047619047619
0.11074662557958226,0.21873823317636493,0.0757614408414157,0.0757614408414158,0.17
-12.83065514631784,18.17401459176176,0.0837363293510385,-0.0837363293510385,0.0
0.007251677286714444,0.007990236369782756,0.0837363293510385,-0.0837363293510385,0.0089473684210526
0.007608939573520598,0.008577618273768198,0.0837363293510385,-0.0837363293510385,0.0178947368421052
0.00795442399365558,0.008765310131439816,0.0837363293510385,-0.0837363293510385,0.0268421052631579
0.008255408527019474,0.008818968610856322,0.0837363293510385,-0.0837363293510385,0.0357894736842105
0.00852022361354107,0.00858010800112713,0.0837363293510385,-0.0837363293510385,0.0447368421052631
0.00820276048924285,0.008432110306374153,0.0837363293510385,-0.0837363293510385,0.0536842105263157
0.007264584527752174,0.008047361093234225,0.0837363293510385,-0.0837363293510385,0.0626315789473684
0.0061059884440688985,0.007359983937701501,0.0837363293510385,-0.0837363293510385,0.071578947368421
0.004855410624043017,0.006471426291994583,0.0837363293510385,-0.0837363293510385,0.0805263157894736
0.0036344077470879437,0.005854433866107852,0.0837363293510385,-0.0837363293510385,0.0894736842105263
0.003165279415315305,0.0051764063015964906,0.0837363293510385,-0.0837363293510385,0.0984210526315789
0.0032196042889565527,0.0046735960854216475,0.0837363293510385,-0.0837363293510385,0.1073684210526315
0.003498088336501366,0.004247506890030435,0.0837363293510385,-0.0837363293510385,0.1163157894736842
0.003934962053897231,0.00416556387894957,0.0837363293510385,-0.0837363293510385,0.1252631578947368
0.005490095120714758,0.006747999638438846,0.0837363293510385,-0.0837363293510385,0.1342105263157895
0.012740197146859776,0.01681497861456103,0.0837363293510385,-0.0837363293510385,0.1431578947368421
0.031925199767589695,0.040314570026303696,0.0837363293510385,-0.0837363293510385,0.1521052631578947
0.056781326530543345,0.06637635088431426,0.0837363293510385,-0.0837363293510385,0.1610526315789473
0.06631138745335738,0.09328776311700479,0.0837363293510385,-0.0837363293510385,0.17
-33.38926828761251,39.64839245137904,0.0858629662869379,0.0858629662869379,0.0
0.008191693703934737,0.008249019521982662,0.0858629662869379,0.0858629662869379,0.008095238095238
0.008025565548441096,0.008863261798345304,0.0858629662869379,0.0858629662869379,0.0161904761904762
0.0077992734276012,0.008778475393361001,0.0858629662869379,0.0858629662869379,0.0242857142857142
0.007628811931775046,0.008713834239400354,0.0858629662869379,0.0858629662869379,0.0323809523809523
0.007228704778264896,0.008926506742990906,0.0858629662869379,0.0858629662869379,0.0404761904761904
0.007035292426788171,0.008599175227761829,0.0858629662869379,0.0858629662869379,0.0485714285714285
0.006542656043229607,0.007499159746071192,0.0858629662869379,0.0858629662869379,0.0566666666666666
0.005745894698293232,0.0059686968283759675,0.0858629662869379,0.0858629662869379,0.0647619047619047
0.003651217091976268,0.0048361730216175325,0.0858629662869379,0.0858629662869379,0.0728571428571428
0.0021207603823150006,0.004027777809497999,0.0858629662869379,0.0858629662869379,0.0809523809523809
0.0010472041150382807,0.003526491118729112,0.0858629662869379,0.0858629662869379,0.089047619047619
0.0009211261047846558,0.0033835023878185442,0.0858629662869379,0.0858629662869379,0.0971428571428571
0.0011789226332471327,0.0034563384847770672,0.0858629662869379,0.0858629662869379,0.1052380952380952
0.001287760781239478,0.0035085660970213105,0.0858629662869379,0.0858629662869379,0.1133333333333333
0.0012583685556221372,0.003638029450637261,0.0858629662869379,0.0858629662869379,0.1214285714285714
0.002066644167320379,0.003965773270913825,0.0858629662869379,0.0858629662869379,0.1295238095238095
0.007353511686379323,0.009853631653357878,0.0858629662869379,0.0858629662869379,0.1376190476190476
0.01854237015214539,0.02392074984322861,0.0858629662869379,0.0858629662869379,0.1457142857142857
0.03846626890240022,0.05048246846396118,0.0858629662869379,0.0858629662869379,0.1538095238095238
0.05688334056471142,0.07332265028558499,0.0858629662869379,0.0858629662869379,0.1619047619047619
0.04699758514247341,0.0497881780712064,0.0858629662869379,0.0858629662869379,0.17
-144.17981856843605,147.16294154148918,0.0899999999999999,0.0,0.0
0.0038918849768534223,0.004762729333543578,0.0899999999999999,0.0,0.0085
0.0037562049555442552,0.004313066896696144,0.0899999999999999,0.0,0.0169999999999999
0.0038097770521364504,0.004195491984457347,0.0899999999999999,0.0,0.0254999999999999
0.004260773461633501,0.004482713527629299,0.0899999999999999,0.0,0.034
0.004163527553819694,0.0051756040378093055,0.0899999999999999,0.0,0.0425
0.00414844586257121,0.005612204230987389,0.0899999999999999,0.0,0.051
0.004257028481697368,0.005665878760164832,0.0899999999999999,0.0,0.0594999999999999
0.004318200900270154,0.005562456972387045,0.0899999999999999,0.0,0.068
0.004502423667333435,0.005288344888142364,0.0899999999999999,0.0,0.0764999999999999
0.0047000430154936655,0.005124040354576334,0.0899999999999999,0.0,0.085
0.005038419561858327,0.005069351099821672,0.0899999999999999,0.0,0.0935
0.0050074183503934595,0.00557917370221414,0.0899999999999999,0.0,0.102
0.004528802722377686,0.006477228005514915,0.0899999999999999,0.0,0.1105
0.0045155242057600496,0.0067718472143273485,0.0899999999999999,0.0,0.119
0.004493353935733572,0.007040406501525628,0.0899999999999999,0.0,0.1275
0.0046627188145848646,0.007502447903657936,0.0899999999999999,0.0,0.136
0.0067637053050370165,0.008449798998887384,0.0899999999999999,0.0,0.1445
0.0213837350493551,0.0215796594506189,0.0899999999999999,0.0,0.153
0.08486656413510521,0.0951927649531398,0.0899999999999999,0.0,0.1615
-9299.36925405957,9336.133298750385,0.0899999999999999,0.0,0.17
-2.8575352326252363,6.905038853826847,0.0949011732645103,-0.0949011732645103,0.0
0.008487775592117842,0.00972966822299927,0.0949011732645103,-0.0949011732645103,0.0089473684210526
0.009712077387774546,0.011636817206817052,0.0949011732645103,-0.0949011732645103,0.0178947368421052
0.010532971584407356,0.012568227892841044,0.0949011732645103,-0.0949011732645103,0.0268421052631579
0.010830614229477805,0.01348450056623013,0.0949011732645103,-0.0949011732645103,0.0357894736842105
0.011402771497740438,0.0134883299838694,0.0949011732645103,-0.0949011732645103,0.0447368421052631
0.011820822961515895,0.013049736773127705,0.0949011732645103,-0.0949011732645103,0.0536842105263157
0.01183173840451059,0.01249759561687041,0.0949011732645103,-0.0949011732645103,0.0626315789473684
0.011708080167085837,0.011893024988987668,0.0949011732645103,-0.0949011732645103,0.071578947368421
0.011248143878425884,0.011524913631022716,0.0949011732645103,-0.0949011732645103,0.0805263157894736
0.010646606414601623,0.011336415892363977,0.0949011732645103,-0.0949011732645103,0.0894736842105263
0.010301577034388333,0.011167997496906076,0.0949011732645103,-0.0949011732645103,0.0984210526315789
0.010447631581984161,0.011095906406460108,0.0949011732645103,-0.0949011732645103,0.1073684210526315
0.011250017277591604,0.011471876586115,0.0949011732645103,-0.0949011732645103,0.1163157894736842
0.011880714783450581,0.013592770000781419,0.0949011732645103,-0.0949011732645103,0.1252631578947368
0.01379717004296185,0.017900420041210948,0.0949011732645103,-0.0949011732645103,0.1342105263157895
0.019987640905482905,0.024757416976485494,0.0949011732645103,-0.0949011732645103,0.1431578947368421
0.0314457373271462,0.0347919590908318,0.0949011732645103,-0.0949011732645103,0.1521052631578947
0.04091625568357291,0.04466250473472449,0.0949011732645103,-0.0949011732645103,0.1610526315789473
0.03713872578418706,0.0383231719402026,0.0949011732645103,-0.0949011732645103,0.17
-1.6295715865768021,5.836005599380691,0.09596449173246,0.09596449173246,0.0
0.008315677889336143,0.009067305106185856,0.09596449173246,0.09596449173246,0.008095238095238
0.010501590680104365,0.011162853454966233,0.09596449173246,0.09596449173246,0.0161904761904762
0.010944491460598154,0.012480942220859246,0.09596449173246,0.09596449173246,0.0242857142857142
0.011064530460288165,0.013055980360963091,0.09596449173246,0.09596449173246,0.0323809523809523
0.011157146896241536,0.013350077552337528,0.09596449173246,0.09596449173246,0.0404761904761904
0.01114609019278324,0.013295467217081759,0.09596449173246,0.09596449173246,0.0485714285714285
0.011120806568149474,0.013013326069423526,0.09596449173246,0.09596449173246,0.0566666666666666
0.011104979715911937,0.012713187630158463,0.09596449173246,0.09596449173246,0.0647619047619047
0.011137347764698297,0.012219552933384104,0.09596449173246,0.09596449173246,0.0728571428571428
0.011193337670493925,0.011591278656675474,0.09596449173246,0.09596449173246,0.0809523809523809
0.010724420690587617,0.011122871227212582,0.09596449173246,0.09596449173246,0.089047619047619
0.009734260301415137,0.011184408906056063,0.09596449173246,0.09596449173246,0.0971428571428571
0.008312586090305062,0.01187374895944316,0.09596449173246,0.09596449173246,0.1052380952380952
0.00803432292537648,0.012492615339591829,0.09596449173246,0.09596449173246,0.1133333333333333
0.009232543949967786,0.013699699260567614,0.09596449173246,0.09596449173246,0.1214285714285714
0.013496991338185178,0.014265836990895422,0.09596449173246,0.09596449173246,0.1295238095238095
0.018554168830116076,0.02038273826134676,0.09596449173246,0.09596449173246,0.1376190476190476
0.026077051257060935,0.02966751482233283,0.09596449173246,0.09596449173246,0.1457142857142857
0.033485851989177105,0.04345287298413649,0.09596449173246,0.09596449173246,0.1538095238095238
0.037440911745673676,0.04974067712928452,0.09596449173246,0.09596449173246,0.1619047619047619
0.0174503331786807,0.029905845759584597,0.09596449173246,0.09596449173246,0.17
-4.732747804110653,8.172182742422809,0.105,0.0,0.0
0.004183221298744829,0.004619763817620995,0.105,0.0,0.0085
0.004118494646579757,0.004340227121863443,0.105,0.0,0.0169999999999999
0.004773944817577482,0.004785245651481317,0.105,0.0,0.0254999999999999
0.0053459486557526715,0.005473505843863931,0.105,0.0,0.034
0.005786414915153504,0.006042985775801697,0.105,0.0,0.0425
0.006258602971661363,0.006449780855948438,0.105,0.0,0.051
0.006465740250424003,0.006568959925934598,0.105,0.0,0.0594999999999999
0.006286045312534264,0.0063385818572669365,0.105,0.0,0.068
0.00560113842334156,0.00588564423217304,0.105,0.0,0.0764999999999999
0.004746651878534107,0.005410440961124695,0.105,0.0,0.085
0.0038612927065448154,0.004861941230194784,0.105,0.0,0.0935
0.0033930555864836766,0.004438201676278524,0.105,0.0,0.102
0.0033390936442373805,0.004089323332222219,0.105,0.0,0.1105
0.003502417376393496,0.003991215703131504,0.105,0.0,0.119
0.00405240258916776,0.00412848639268284,0.105,0.0,0.1275
0.004508126278377894,0.004850988674541906,0.105,0.0,0.136
0.006423774349451263,0.009604493193484533,0.105,0.0,0.1445
0.02313288732854034,0.02472363404188186,0.105,0.0,0.153
0.05715480495891396,0.07016470076394803,0.105,0.0,0.1615
0.06909152136952566,0.20370714181980554,0.105,0.0,0.17
-6.970298744245157,9.990722569987167,0.1060660171779821,-0.1060660171779821,0.0
-3.4990332618482456,6.931966899866902,0.1060660171779821,-0.1060660171779821,0.0089473684210526
-54.510357352720305,62.455580456445546,0.1060660171779821,-0.1060660171779821,0.0178947368421052
-56.61827005262722,66.23999543063212,0.1060660171779821,-0.1060660171779821,0.0268421052631579
0.21910613560156467,11.047442078591398,0.1060660171779821,-0.1060660171779821,0.0357894736842105
-2.565906420992828,15.395534711766498,0.1060660171779821,-0.1060660171779821,0.0447368421052631
-5.060479248771726,19.300041258970673,0.1060660171779821,-0.1060660171779821,0.0536842105263157
-8.82845201631653,24.40671762264985,0.1060660171779821,-0.1060660171779821,0.0626315789473684
-11.274172132252392,27.721080263883156,0.1060660171779821,-0.1060660171779821,0.071578947368421
-7.039081043897918,24.024992262044265,0.1060660171779821,-0.1060660171779821,0.0805263157894736
-6.635079525029154,23.914799266270485,0.1060660171779821,-0.1060660171779821,0.0894736842105263
-1.2480037934866637,18.697900884868947,0.1060660171779821,-0.1060660171779821,0.0984210526315789
3.191769661697747,14.422958440560322,0.1060660171779821,-0.1060660171779821,0.1073684210526315
4.630275881818301,13.272748794956966,0.1060660171779821,-0.1060660171779821,0.1163157894736842
3.879599577904979,14.779016543887085,0.1060660171779821,-0.1060660171779821,0.1252631578947368
4.953436087104506,16.083852605006676,0.1060660171779821,-0.1060660171779821,0.1342105263157895
10.941922754446582,13.517607038032418,0.1060660171779821,-0.1060660171779821,0.1431578947368421
1.2648616755711952,26.780098973948363,0.1060660171779821,-0.1060660171779821,0.1521052631578947
-19.209066619686205,48.470348352175456,0.1060660171779821,-0.1060660171779821,0.1610526315789473
-15.0560485815027,39.33154449550947,0.1060660171779821,-0.1060660171779821,0.17
-4.147962742248826,7.213490145487333,0.1060660171779821,0.1060660171779821,0.0
-6.710940673177762,9.151365492974302,0.1060660171779821,0.1060660171779821,0.008095238095238
-17.20031992356111,22.84318932553525,0.1060660171779821,0.1060660171779821,0.0161904761904762
-3.252500725981297,12.123072961356993,0.1060660171779821,0.1060660171779821,0.0242857142857142
0.36363445446171383,10.160609729690403,0.1060660171779821,0.1060660171779821,0.0323809523809523
-10.465290973972687,22.589253958040423,0.1060660171779821,0.1060660171779821,0.0404761904761904
-25.617817546675774,38.84344794637578,0.1060660171779821,0.1060660171779821,0.0485714285714285
-40.28136596082817,54.52159765156692,0.1060660171779821,0.1060660171779821,0.0566666666666666
-45.40297847066488,60.30715348556804,0.1060660171779821,0.1060660171779821,0.0647619047619047
-46.215489414562505,61.69312947753048,0.1060660171779821,0.1060660171779821,0.0728571428571428
-37.7837307474667,53.59235236014529,0.1060660171779821,0.1060660171779821,0.0809523809523809
-39.00252494205999,55.019127874421116,0.1060660171779821,0.1060660171779821,0.089047619047619
-22.422319671824063,38.493025548929026,0.1060660171779821,0.1060660171779821,0.0971428571428571
-7.244464340764717,23.299142113668495,0.1060660171779821,0.1060660171779821,0.1052380952380952
2.66669994487669,13.389785171628219,0.1060660171779821,0.1060660171779821,0.1133333333333333
4.685306899883299,11.738226795013981,0.1060660171779821,0.1060660171779821,0.1214285714285714
2.276815628456495,15.398589122450185,0.1060660171779821,0.1060660171779821,0.1295238095238095
-13.280447322430758,34.478730424324304,0.1060660171779821,0.1060660171779821,0.1376190476190476
-67.06116631349,91.65898503229029,0.1060660171779821,0.1060660171779821,0.1457142857142857
-131.15532249667237,158.3437780886799,0.1060660171779821,0.1060660171779821,0.1538095238095238
-203.47612651885376,229.4954556731818,0.1060660171779821,0.1060660171779821,0.1619047619047619
3.477208324433062,16.130555666783984,0.1060660171779821,0.1060660171779821,0.17
-18.590041910754206,22.1535624220455,0.12,0.0,0.0
0.004324417332574939,0.004386619073417862,0.12,0.0,0.0085
0.004576279425731804,0.004940249674076397,0.12,0.0,0.0169999999999999
0.005588832781149987,0.006368860368414213,0.12,0.0,0.0254999999999999
0.006588308505601925,0.007762786388497874,0.12,0.0,0.034
0.007666209593913224,0.008392596615382778,0.12,0.0,0.0425
0.008286241474794842,0.009060702248456759,0.12,0.0,0.051
0.008375936661360397,0.009350207998303807,0.12,0.0,0.0594999999999999
0.008105573228436812,0.009129133715941384,0.12,0.0,0.068
0.0078093676338825396,0.008127798162525858,0.12,0.0,0.0764999999999999
0.007042696681023335,0.0072665622072630625,0.12,0.0,0.085
0.005687885645196847,0.0065879513583313514,0.12,0.0,0.0935
0.004621216442585067,0.005923417977352331,0.12,0.0,0.102
0.003957938657198286,0.005231969589325911,0.12,0.0,0.1105
0.0033153066322116507,0.005078835782247745,0.12,0.0,0.119
0.00358062733271342,0.005165154210616179,0.12,0.0,0.1275
0.006124624395024464,0.006870377013660737,0.12,0.0,0.136
0.012129959925996685,0.015623011194524906,0.12,0.0,0.1445
0.025955179241019425,0.03317031688793118,0.12,0.0,0.153
0.037571912241696356,0.06487376276978385,0.12,0.0,0.1615
0.034056630904587666,0.054606479789065944,0.12,0.0,0.17
-4.371318935581163,7.5186150165907755,0.1349999999999999,0.0,0.0
0.00404330043826802,0.004080018223472791,0.1349999999999999,0.0,0.0085
0.0048352844296256576,0.005543913964918742,0.1349999999999999,0.0,0.0169999999999999
0.006572349108233359,0.00847667666775967,0.1349999999999999,0.0,0.0254999999999999
0.008166789936925115,0.011227622579904086,0.1349999999999999,0.0,0.034
0.009167232376499874,0.013205422625188725,0.1349999999999999,0.0,0.0425
0.010453993150728199,0.0139584643027734,0.1349999999999999,0.0,0.051
0.01060296747172125,0.01428340113992535,0.1349999999999999,0.0,0.0594999999999999
0.010478643458671812,0.014013863209369388,0.1349999999999999,0.0,0.068
0.010196698688681548,0.013803819263843253,0.1349999999999999,0.0,0.0764999999999999
0.010116689102394844,0.013678447965823955,0.1349999999999999,0.0,0.085
0.01011602547925193,0.01368221462846407,0.1349999999999999,0.0,0.0935
0.01016500168796869,0.013733521875190212,0.1349999999999999,0.0,0.102
0.010307525160975566,0.01368772647995463,0.1349999999999999,0.0,0.1105
0.010446775359008915,0.013912595333923285,0.1349999999999999,0.0,0.119
0.01129475859430402,0.014411325983356213,0.1349999999999999,0.0,0.1275
0.0137979096915044,0.016733742246649263,0.1349999999999999,0.0,0.136
0.017788378657086053,0.024235625133966154,0.1349999999999999,0.0,0.1445
0.024753229919631813,0.034840991520851114,0.1349999999999999,0.0,0.153
0.02565824355667206,0.04721589115305994,0.1349999999999999,0.0,0.1615
0.010190485656158217,0.016708864245082784,0.1349999999999999,0.0,0.17
-0.8066210309415238,2.596616101854984,0.1499999999999999,0.0,0.0
0.44472091330226093,0.917418276446798,0.1499999999999999,0.0,0.0085
0.629529249087569,0.9855052270866738,0.1499999999999999,0.0,0.0169999999999999
-5.049187382613562,8.148319647815924,0.1499999999999999,0.0,0.0254999999999999
-208.5064118242249,216.30712313236612,0.1499999999999999,0.0,0.034
-87.77928799866027,97.50965265000534,0.1499999999999999,0.0,0.0425
-179.3566402704806,190.53927682709164,0.1499999999999999,0.0,0.051
-293.0614052936194,305.7508212878182,0.1499999999999999,0.0,0.0594999999999999
-222.06494388615138,235.9698875568043,0.1499999999999999,0.0,0.068
-33.89815298083756,48.70422145472326,0.1499999999999999,0.0,0.0764999999999999
-33.86273980277844,49.29031175547858,0.1499999999999999,0.0,0.085
-28.217329562790702,43.96651229144404,0.1499999999999999,0.0,0.0935
-18.49766405210528,34.4231159748764,0.1499999999999999,0.0,0.102
-8.616640034696651,24.68829260485623,0.1499999999999999,0.0,0.1105
-15.28597063506624,31.81448735168921,0.1499999999999999,0.0,0.119
-13.611777242318475,31.140463403605153,0.1499999999999999,0.0,0.1275
-49.6498955641251,70.02322544388667,0.1499999999999999,0.0,0.136
-84.58686780143766,108.14358195216569,0.1499999999999999,0.0,0.1445
-229.3075164169415,254.6806886201923,0.1499999999999999,0.0,0.153
-791.6938288791896,814.4526856031855,0.1499999999999999,0.0,0.1615
-192.79573548624194,209.2776068038259,0.1499999999999999,0.0,0.17
