"Integral length scale","Temperature (K)","Pressure (Pa)","Velocity[i] (m/s)","Velocity[j] (m/s)","Velocity[k] (m/s)","Turbulent Viscosity (Pa-s)","Turbulent Kinetic Energy (J/kg)","Turbulent Dissipation Rate (m^2/s^3)","X (m)","Y (m)","Z (m)"
0.025293135306398037,529.13096563522151,51032.623225171039,-0.023039374760350055,-0.0014615539148613668,0.0042315313611813515,0.15547558842589532,0.00026716025650937658,0.00041341724943402109,-0.13500000000000001,0,0.17000000000000001
0.053727532312750452,529.10378127746424,51032.612079209692,-0.040368663631827284,-0.00080887940428954941,-0.013865664534284608,0.18417688747297245,0.00051334832400522766,0.0012173149852756661,-0.12,0,0.17000000000000001
0.15609985135969734,526.73229643511354,51037.776739892353,-0.076733653199491797,0.0027576768799557902,-0.0095819876852230087,0.17689632731938434,0.00088791352380039926,0.0046514443017444274,-0.105,0,0.17000000000000001
22.660546912569949,525.50586014158557,50907.260482844569,-0.0031879351928677242,0.00015409634704668148,1.4788419904462834e-06,4.902094311992977e-05,2.2583069466625941e-06,0.034053509212247361,-0.089999999999999997,0,0.17000000000000001
29.174632261726902,524.72440370647337,50907.699522539267,-0.0039768519959470349,9.7701347048648844e-05,6.2909506217316263e-06,8.0638629329938215e-05,3.7222541423897311e-06,0.056287038805200411,-0.074999999999999997,0,0.17000000000000001
37.973104686017535,523.54575360699005,50911.583967980027,-0.0053658005164811673,-0.00033111971150739759,7.2299216602814134e-06,0.00014434678036183172,6.682693211608403e-06,0.098163914517995249,-0.059999999999999998,0,0.17000000000000001
341.36044721626797,516.31573714248611,52019.630244255961,0.001082097829676294,-0.0094437556198456486,0.024506029020124366,1.9308495451458293e-06,0.00044792000467433734,7.2245937044311166,0,0,0.17000000000000001
256.05658527994905,518.28026726461621,51281.360161459736,0.023440962177214794,-0.0039155025555137309,0.0014974973352235338,1.1270249393160567e-06,0.00025988816119234181,4.127900284205781,0.015000000000000013,0,0.17000000000000001
62.160823941307214,520.81992477099232,50963.352518541171,0.011697654929972037,-0.0015204995631256321,4.7929383547908916e-05,7.215235414843998e-08,1.6493379858488102e-05,0.25244780159539881,0.029999999999999999,0,0.17000000000000001
43.821331902759532,522.69363272895976,50919.29214232404,0.0070052725292508375,-0.00067302592140972939,1.2702570112657443e-05,3.6589454255046064e-08,8.3226562904214264e-06,0.12642022329562683,0.045000000000000012,0,0.17000000000000001
0.11901647463260416,526.81281628010788,51037.071980397734,0.071760625500514652,-0.0039615854095837993,-0.0097983892772582088,0.185265546544013,0.00079189430761881488,0.003349196992273274,0.10500000000000001,0,0.17000000000000001
0.044748333625382601,528.67707356995834,51029.930045380104,0.04402936176702562,0.0017250599581109382,-0.013735788008200214,0.20274369406534418,0.0004836767875742596,0.00098413457537480597,0.12000000000000002,0,0.17000000000000001
0.026186860791126292,528.80759683526583,51030.165591050958,0.031369807175008167,0.0040351495740843287,7.5470070073628629e-05,0.18076548419978122,0.00030980515388727322,0.0004609223407042819,0.13499999999999998,0,0.17000000000000001
0.045341415862359784,527.64819865783875,51781.8738382909,-0.055794133891264322,0.0027621680616478407,-0.010330068616902931,0.2491093405722111,0.00045621598019982473,0.00096845695935971344,-0.13500000000000001,0,0.1615
0.06360698808994053,526.73618598674739,51772.819438549064,-0.081529961593658509,0.0050305613867325204,-0.022310859486106518,0.44097243637327804,0.00058657175240618329,0.0015405131285104534,-0.12,0,0.1615
0.080393850650081436,526.53765948165483,51771.803449423795,-0.080812503982098632,0.0071493090356442067,-0.0094435302395725982,0.46949818650290909,0.00087313920326510135,0.0023755521824717959,-0.105,0,0.1615
0.10923452880477545,526.51922951529264,51770.435722443479,-0.080683012529510226,0.0075035882667166091,0.0035269908781525232,0.55185765287143329,0.0013278593767641182,0.0039804849114156368,-0.089999999999999997,0,0.1615
0.15788270314271802,526.16900188996522,51771.939660465076,-0.082334509033831785,0.0060301265436886091,0.0067025198651640685,0.65949724987157321,0.0020246650301602919,0.0071041339955222388,-0.074999999999999997,0,0.1615
0.24147069826727735,525.67780733852453,51774.713839131429,-0.08221873979704869,0.0029759951032532956,0.0089931153485792361,0.77422691138481992,0.0032273576833028871,0.013717911228456158,-0.059999999999999998,0,0.1615
0.35067869673779195,524.93196349499567,51713.883299469569,-0.091989863164301661,-0.0011133483726832654,0.013061864508400517,0.85274642063349748,0.004815627322299721,0.024335250370366469,-0.044999999999999998,0,0.1615
0.38671578155389891,524.01969388065186,51720.992240978412,-0.10549643858482317,-0.0071237913676243797,0.034555635210545818,0.9396178261496948,0.0055551387350038211,0.028823011194593393,-0.029999999999999999,0,0.1615
0.60196180361020102,520.41803427968819,51883.499820195815,-0.11388290659649855,-0.025097641564453634,0.13678429076860996,1.5655165585404862,0.010296415359177016,0.06108181898594868,-0.014999999999999986,0,0.1615
0.86642001109661693,515.42474946976745,52227.423154004035,-0.0059048648336148821,-0.033247403071549227,0.30820664053610053,1.9997022591794495,0.015721931432228602,0.10863791532724615,0,0,0.1615
0.51840028759868173,521.21907511672975,51877.922006362045,0.10196397510829716,-0.0088298918651093586,0.13411080882005452,1.4013364525142356,0.0089239364607162624,0.048971506970330612,0.015000000000000013,0,0.1615
0.31746758121998758,525.11532620372145,51725.683784030851,0.095691290009462748,-7.550031965354199e-05,0.039331240959453735,0.87315543685576069,0.0045204040665121781,0.021344599562423527,0.029999999999999999,0,0.1615
0.28140507943811233,525.90341768761448,51715.115535158468,0.083245049396493284,-0.0049294595041232602,0.014564593856071581,0.72437591820400971,0.003810659386520586,0.017371287097234817,0.045000000000000012,0,0.1615
0.19905232609553056,526.42683092473897,51775.741746895626,0.07362706728660981,-0.0061496916366477845,0.0093999613580965247,0.66368842060209998,0.00263683284221756,0.01022135699018995,0.059999999999999998,0,0.1615
0.1336674547447044,526.69656330012026,51772.880840642632,0.074385231171750138,-0.0063442579573660196,0.0067858306571996754,0.58324633380707203,0.0017155759939225562,0.0055364407774410431,0.074999999999999983,0,0.1615
0.093517153330542724,526.91190932570703,51771.027122680243,0.073277448562280328,-0.0066144665205940586,0.0037356931299132655,0.50184552303413421,0.0011517436751724238,0.0031737242948993052,0.089999999999999997,0,0.1615
0.069478726505364782,526.85952594522837,51771.566491975573,0.074432789740487629,-0.0061530445063771883,-0.0087165448536235118,0.42986689295471525,0.00076859383879228067,0.0019261952116990863,0.10500000000000001,0,0.1615
0.054020210919368934,526.97154856923248,51771.311275014341,0.076856591596310683,-0.0044752827997449071,-0.018952597237628686,0.43955299990573854,0.00052903674952993419,0.001242508007295078,0.12000000000000002,0,0.1615
0.040411063910196991,527.47607565630187,51777.852286927329,0.060678051085994333,-0.0022521611347398238,-0.011823487597651602,0.30380646968373509,0.00042760986342810497,0.00083564946887828141,0.13499999999999998,0,0.1615
0.038326077842778444,527.1801077432558,52525.198714978702,-0.053111386891678755,0.0061654678142606311,-0.026901051662735157,0.2904851410405806,0.00041269232294368973,0.00077858776067327672,-0.13500000000000001,0,0.15300000000000002
0.037015080669154141,527.67471065964753,52511.600529690331,-0.057019364741786253,0.01038426912941102,-0.015527030622525828,0.26200517965281628,0.00042815767189609928,0.00076591498295220436,-0.12,0,0.15300000000000002
0.024012699016538699,528.56360524767354,52509.785611540618,-0.04496747745116253,0.013584339084695729,-4.166128320914035e-05,0.2423609883560944,0.00028630608549501309,0.00040630883585100188,-0.105,0,0.15300000000000002
0.020703285903986065,528.88580361004279,52510.462463426804,-0.039567599697457927,0.014786639272673608,0.010182524876465661,0.26087908740568894,0.00025387850651667612,0.00032987716005039721,-0.089999999999999997,0,0.15300000000000002
0.022716385572035952,528.95346628799746,52512.931154896556,-0.032184827043308536,0.015323417624215614,0.015569854419469321,0.26445515130924974,0.00027204884215645194,0.000374681864255862,-0.074999999999999997,0,0.15300000000000002
0.023492273341845893,528.93333741938227,52515.630522144915,-0.018856643963887761,0.015525750297487109,0.019709686558920761,0.24012284909860326,0.00025406546706143324,0.00037445347472430057,-0.059999999999999998,0,0.15300000000000002
0.0079715803997930882,528.93426257318379,52577.689809751202,-0.0091462796416524206,0.015822062142490316,0.023418215501376891,0.30470806838348924,0.00014311202396903824,9.5363568188993862e-05,-0.044999999999999998,0,0.15300000000000002
0.034879962440832073,528.4700071679149,52578.410737027341,-0.0063525135640191775,0.019832527954685718,0.027151456168946018,0.29516445330926272,0.00040042047183534881,0.00069796580355883692,-0.029999999999999999,0,0.15300000000000002
0.48129462229470876,522.88671084713678,52620.640872148855,-0.035406560071496264,0.013559317103539871,0.17204438080082582,1.4427729061275916,0.0077877817842333151,0.042473484931919485,-0.014999999999999986,0,0.15300000000000002
0.8818577120418829,514.05834256797812,52745.044233396606,-0.0073843712162413805,-0.00074560450457322183,0.46924444798086379,1.3182305471329241,0.010637011638879083,0.090951179269930502,0,0,0.15300000000000002
0.40884358301989615,523.36437138738745,52624.657302475047,0.030292250012843344,0.012039952325052356,0.17871373239594085,1.3742032686093242,0.0063414238667203852,0.032557464606270327,0.015000000000000013,0,0.15300000000000002
0.014658472400417406,529.27334808244427,52580.382714326202,-5.6658734936959284e-05,-0.0035872309020008801,0.02913504959957992,0.1123419562219739,0.00013340448762944515,0.0001693066175020002,0.029999999999999999,0,0.15300000000000002
0.0066145481166847873,529.29551834873337,52578.661943981017,0.0075354546313765062,-0.0017585297220018615,0.02409908126954342,0.34913851338709473,0.00014386462444110045,7.9337258287648705e-05,0.045000000000000012,0,0.15300000000000002
0.017056219666575684,529.06170219963838,52516.254119950347,0.016188824483488708,-0.0041237711916144041,0.019561050088621197,0.2772008216975651,0.00022868184579832911,0.00025792807990091487,0.059999999999999998,0,0.15300000000000002
0.018214111277106062,528.85607983849468,52513.565444754888,0.028553507671599657,-0.0086692967460822428,0.015285460330043497,0.33118739042037149,0.00027132461399679035,0.00030002164120057319,0.074999999999999983,0,0.15300000000000002
0.017556082304488591,528.72014274391688,52511.064574327844,0.035097071646524973,-0.010160673266044109,0.010122669044459508,0.32925397188253736,0.00026709097945216482,0.00028691761924927364,0.089999999999999997,0,0.15300000000000002
0.020303875221315201,528.45989915665848,52510.074769014704,0.039999224756734619,-0.0096891696774015334,0.00076492424244875828,0.28326527910844129,0.0002865723492107801,0.00034371309439651962,0.10500000000000001,0,0.15300000000000002
0.030843841716829107,527.8328333708007,52511.055355091674,0.05059107481569515,-0.0072570390482945999,-0.012081377380997084,0.2642233951046164,0.00039356217134632214,0.00061189251365953597,0.12000000000000002,0,0.15300000000000002
0.033069373595223071,527.4008397281026,52519.213916843008,0.050889129502919038,-0.0045161599865711326,-0.022061066416065121,0.30255314307696435,0.00038495691784565543,0.00064883165922342747,0.13499999999999998,0,0.15300000000000002
0.021375184487743438,527.86651736231931,53505.384609274741,-0.025896950005045521,0.010319147103521824,-0.035816421959164041,0.21294973825886521,0.00024520608190789608,0.00033471524304830481,-0.13500000000000001,0,0.14450000000000002
0.0050935802062707786,529.13814161900029,53497.443120384582,-0.030336607499505709,0.014366814664990389,-0.0086737993635510931,0.19539844582987262,9.9369696433495322e-05,5.07750232250267e-05,-0.12,0,0.14450000000000002
0.0030310778710249259,529.30750745629359,53495.614126564869,-0.03392171651058639,0.014931947042157719,0.0053172782966545533,0.25239783109489089,8.7143979196422529e-05,2.8295396718690386e-05,-0.105,0,0.14450000000000002
0.0030165683465007737,529.33728191697719,53496.498362172315,-0.032199573796872341,0.014926859932818648,0.017166263694460435,0.31195373909169005,9.198917162530883e-05,2.8932204330189836e-05,-0.089999999999999997,0,0.14450000000000002
0.0032149573031471698,529.3419517909814,53498.959620744994,-0.026141663060784793,0.01454101063472709,0.025157256115247249,0.32543730491572398,0.00010209223936559493,3.2484155038132048e-05,-0.074999999999999997,0,0.14450000000000002
0.0033758923487376491,529.23888467172014,53501.863956919726,-0.015337707926190811,0.013567805907763622,0.029499147376524138,0.34313809987168636,0.00011532580836969083,3.6253658794114943e-05,-0.059999999999999998,0,0.14450000000000002
0.0031554543315388504,528.99893939173785,53441.357677481581,-0.0059159277844905572,0.013235100162634727,0.029075104694248618,0.32732235967991136,0.0001094712003064722,3.301504085668519e-05,-0.044999999999999998,0,0.14450000000000002
0.0044045387403550493,529.03540009998505,53441.464259729328,0.0038694283790324719,0.01738786883228087,0.030431477058474231,0.25443234194739467,0.00011757281029099772,4.7758852529030307e-05,-0.029999999999999999,0,0.14450000000000002
0.4676828683733012,523.91787517971147,53449.868874050873,-0.011815834734392778,0.021385939486615747,0.17041729487767873,1.1834610533164918,0.0074174939712889632,0.040279128245750251,-0.014999999999999986,0,0.14450000000000002
0.85992420022858318,512.47374118585196,53496.189804261187,-0.0068796803477392757,0.004399347660121438,0.55364861042407687,0.64266179425740411,0.0078731677889726567,0.076301824833565263,0,0,0.14450000000000002
0.40612763025795906,524.28947809810552,53452.640395125432,0.0081662677837634479,0.0054300957093840509,0.1749206537774245,0.97113228015154018,0.006015343977097307,0.031498710173550014,0.015000000000000013,0,0.14450000000000002
0.0037662898493956952,529.37618844701092,53443.52640747527,-0.0047383725361127144,-0.004137746762709193,0.034228582301626273,0.27999823253009665,0.00010459555426745233,3.8518587473796666e-05,0.029999999999999999,0,0.14450000000000002
0.0034070988422673747,529.35247286723234,53442.197043818545,0.0042756508851362375,-0.0020833346781671197,0.030794734315134083,0.35333878756644099,0.00011046566461965038,3.5809510781345174e-05,0.045000000000000012,0,0.14450000000000002
0.0036640242259677147,529.19045788673657,53502.332608253673,0.013434497128649404,-0.00880152749690917,0.029424777947962645,0.35890050211978847,0.00013262745293748658,4.2196366047096457e-05,0.059999999999999998,0,0.14450000000000002
0.0034309671838916203,529.06946771699984,53499.572124770792,0.022840715720717279,-0.01351792762348596,0.024084703885347659,0.5128970662817196,0.00013744156266686024,4.0223106265793458e-05,0.074999999999999983,0,0.14450000000000002
0.003360138729983109,529.00508168861927,53497.308639984294,0.027672532114656003,-0.014475198144261892,0.016570240466943782,0.45643032059297495,0.00012986872360533336,3.829212734548733e-05,0.089999999999999997,0,0.14450000000000002
0.003493976345542887,528.94454942633706,53496.289753934216,0.028990901301151183,-0.013806279175280522,0.0059086514699688364,0.3469918426085758,0.00012182617410253863,3.8564727170186687e-05,0.10500000000000001,0,0.14450000000000002
0.005279266542272544,528.80223159842649,53497.442091516154,0.026036101303303982,-0.011505265240091158,-0.0066229135340853621,0.24944274116629728,0.00012974778017382541,6.0134479688033548e-05,0.12000000000000002,0,0.14450000000000002
0.014524073557974164,528.19125929480856,53501.763593568379,0.02177877086089439,-0.0072008873179825973,-0.024500814110339272,0.21803925299624541,0.00020231522767067878,0.00020658687480153804,0.13499999999999998,0,0.14450000000000002
0.013032698433602793,528.36734016993887,54241.802933106817,-0.014052520660501736,0.012270230833551474,-0.038205499638944894,0.14423698293625015,0.00016220101813125003,0.00016598205381081261,-0.13500000000000001,0,0.13600000000000001
0.002755978820783685,529.26191336152476,54236.734547593551,-0.025141889445553359,0.014598737536505462,-0.010494157664683397,0.2469684953712174,8.5114387272654482e-05,2.5425960285613361e-05,-0.12,0,0.13600000000000001
0.002649688346479019,529.27682813669935,54234.81582086769,-0.030729411110414693,0.015161494657080608,0.0072261504261461286,0.2363034546484675,7.6892956329337452e-05,2.3234753803304178e-05,-0.105,0,0.13600000000000001
0.0028647490190528728,529.297306719326,54235.773201243028,-0.029462452418030111,0.014839575763971543,0.021537526767089123,0.26660627380204321,7.8749740799794257e-05,2.5422083795286775e-05,-0.089999999999999997,0,0.13600000000000001
0.0031297826887071831,529.31507491042873,54238.345263067364,-0.023708602622996212,0.013837075784042818,0.030991270512238683,0.27002629610663659,8.5977749549213137e-05,2.9020655698659394e-05,-0.074999999999999997,0,0.13600000000000001
0.0033576231585796109,529.24354256756817,54241.540982228827,-0.013652945065396915,0.012366023906121416,0.036004595206369235,0.29582642875111975,0.00010131715122613755,3.379663307778222e-05,-0.059999999999999998,0,0.13600000000000001
0.0032016442667047191,528.95939582568292,54304.730996215309,-0.0033502135234715889,0.010756602857277109,0.035432374562953069,0.28663087681089994,0.00010096473210215236,3.2170508428662106e-05,-0.044999999999999998,0,0.13600000000000001
0.0033461125598380236,528.99170324685247,54304.810544216314,0.0069280217186796752,0.01497792839832375,0.036739079599196166,0.25517300786823699,0.00010368618144696642,3.4072263552334872e-05,-0.029999999999999999,0,0.13600000000000001
0.45830432264294657,524.51179747449851,54305.596637998911,-0.0026163462067032915,0.021964422662880172,0.16129489050954565,1.0381654793773936,0.0068717668168624766,0.037991650418816768,-0.014999999999999986,0,0.13600000000000001
0.62662989544907977,510.8838799870677,54327.195060094491,-0.00577342092187244,0.0059365865174900861,0.61393947204378641,0.26533051252902329,0.0038812468146827927,0.039038825301196116,0,0,0.13600000000000001
0.39346372325897089,524.82948123643143,54307.692571744294,-0.00238742175254879,-0.0034861105145572997,0.1554358587076865,0.83127563600470455,0.00559019499849874,0.02941834087675102,0.015000000000000013,0,0.13600000000000001
0.0035457990640456126,529.39316080599644,54306.545198033797,-0.0064512388667481279,-0.0030417058245437584,0.040195188380151084,0.27180307758411792,9.6517005845700251e-05,3.4835018171271956e-05,0.029999999999999999,0,0.13600000000000001
0.0035482977816195162,529.33847445685251,54305.258781423552,0.0026828216852096075,-0.0026008817751741993,0.037399989975627143,0.29962225868144143,0.00010326637723764935,3.6057825318316398e-05,0.045000000000000012,0,0.13600000000000001
0.0035094250609110722,529.15795326485068,54241.845871482496,0.011877742843740529,-0.012528859451854125,0.035732105430690553,0.34377583627161967,0.00011836687176976021,3.8181330500031672e-05,0.059999999999999998,0,0.13600000000000001
0.0032620442634144205,529.04823526844484,54239.163533482519,0.020309209577489759,-0.016584248601785576,0.029510929852774936,0.42291092634931066,0.00011622892651162966,3.5167942699169876e-05,0.074999999999999983,0,0.13600000000000001
0.0031413458853090095,528.98472720037205,54236.925502489976,0.02485991297120899,-0.016923055883264464,0.020504232231766541,0.38747402030051636,0.00011083624018870586,3.3071709966998307e-05,0.089999999999999997,0,0.13600000000000001
0.0030157229744662045,528.9363680624574,54235.908845233804,0.02543405870490326,-0.01559343825084533,0.0075085153788465274,0.33222106409017382,0.00010768445033969844,3.1294494613529898e-05,0.10500000000000001,0,0.13600000000000001
0.0031589637432212479,528.89134364487143,54237.159879266139,0.020442039673874125,-0.013024472159273147,-0.0082784676030062329,0.33709682016110315,0.00011523998150318653,3.3911439956837727e-05,0.12000000000000002,0,0.13600000000000001
0.0081458845039011438,528.51042240323125,54240.123814307211,0.012502265255342487,-0.0087462876384997636,-0.026814978034510467,0.19386562691924814,0.00014884887900479477,9.938275513894369e-05,0.13499999999999998,0,0.13600000000000001
0.0091488425512669079,528.67880655645308,55225.484914013185,-0.0084946415947332564,0.013180625709937898,-0.043642897980389651,0.1416522602541096,0.00014521753490655495,0.00011024926014659793,-0.13500000000000001,0,0.1275
0.0027051332780857382,529.22415663847357,55221.920518958788,-0.020201779852742553,0.014715999132554083,-0.014122954702928559,0.217882109747353,9.1586212208240563e-05,2.5888310930291209e-05,-0.12,0,0.1275
0.0027674522186024201,529.19189688499705,55220.181196703321,-0.025519176726381522,0.015663172068997717,0.0087141080431842668,0.26311740688063073,8.2968014086360153e-05,2.5207831014865331e-05,-0.105,0,0.1275
0.0029202613263149962,529.22979280521895,55221.268018732815,-0.024952550029079062,0.01516005273179028,0.026350598110221893,0.25210032588528414,7.6748555082579135e-05,2.5583315163854848e-05,-0.089999999999999997,0,0.1275
0.0032020849107929515,529.2673339782425,55224.073041768039,-0.019907689478522957,0.013333484620429078,0.037440122819187634,0.23847077268738492,7.9035860883962564e-05,2.8467212164402841e-05,-0.074999999999999997,0,0.1275
0.0034451494386346991,529.23375988072758,55227.64589232899,-0.010663854375419037,0.011201452172370441,0.043252777302949831,0.26407766980317948,9.1920136257899062e-05,3.3030366650952994e-05,-0.059999999999999998,0,0.1275
0.0032736412931989741,528.93740706179369,55167.929502915031,-0.0010469631456125823,0.0087715433137706047,0.04143432484834951,0.26828517123218487,9.5493427163945223e-05,3.1990264447760216e-05,-0.044999999999999998,0,0.1275
0.0032484187953313042,528.94123207369103,55168.24244266811,0.0088325405941836414,0.01294043138360319,0.042413757753422668,0.25813262952399524,9.800222773018779e-05,3.2158070917825438e-05,-0.029999999999999999,0,0.1275
0.44787993495587541,524.95274005579995,55167.574343727458,0.0019770219777566649,0.021616755725860779,0.15050607303639135,0.90893650413015592,0.0062339959832560729,0.035362655119883193,-0.014999999999999986,0,0.1275
0.29401668572862394,509.63610775413031,55181.722342747256,-0.0034753479444352346,0.0062103872810320001,0.64831405149843879,0.073566450470512607,0.00090417182890038632,0.0088409200580504138,0,0,0.1275
0.37361594027414979,525.15951155204505,55169.666271139744,-0.0067547144783735276,-0.0070133731947451018,0.14005222376588924,0.7673164525916385,0.0050550778488681518,0.026563746137654748,0.015000000000000013,0,0.1275
0.0035027664928119471,529.40769681499114,55169.481631786213,-0.0074951165633554469,-0.0018513421368406371,0.045594106882250435,0.27523746853017172,9.0728042282445167e-05,3.336429531225184e-05,0.029999999999999999,0,0.1275
0.0036866888992608065,529.32603756123615,55168.093069549534,0.0011116440597886542,-0.0043701508550883852,0.04359234870373465,0.25441808339675398,0.00010059652390056849,3.6976685397739018e-05,0.045000000000000012,0,0.1275
0.0034745135830178018,529.14472272948649,55227.863334013149,0.0090438194367705883,-0.016165123527432216,0.042557462908839022,0.32652630968722718,0.00010766150832314588,3.6051575092289902e-05,0.059999999999999998,0,0.1275
0.003339095460827357,529.04722519367738,55225.238506839472,0.016622708253307569,-0.019194348368364245,0.035549194568711258,0.34407940995545067,0.00010385227563442896,3.402803288734984e-05,0.074999999999999983,0,0.1275
0.0033017534703427701,528.97560785069118,55223.010082697176,0.020293881271025042,-0.018390608365709105,0.024622775553961994,0.31152079925879339,0.00010633317782333703,3.4047014804842669e-05,0.089999999999999997,0,0.1275
0.0032121800170324842,528.91355783476524,55222.041227197253,0.02001541154357216,-0.016067316762116771,0.0082811462352943895,0.33820430274609842,0.00011240095159013744,3.40553125152526e-05,0.10500000000000001,0,0.1275
0.0030864703818998256,528.88651920811935,55223.185027768028,0.015188453609884904,-0.013820775758778612,-0.011632186287421941,0.31275540197530399,0.00012247704806574869,3.4157766785159373e-05,0.12000000000000002,0,0.1275
0.0061469388148509673,528.64986042908436,55225.335156528497,0.0077350686382560725,-0.0098109232457775832,-0.032166300671277605,0.2181037658796621,0.00015439309608909386,7.6378799582310809e-05,0.13499999999999998,0,0.1275
0.0085298597204718409,528.776536404848,55963.829998424873,-0.0065090202527390449,0.013258514078563726,-0.048160218900387582,0.1575157325742203,0.00015523016814988024,0.00010627471596199992,-0.13500000000000001,0,0.11900000000000001
0.0029410404918382431,529.17638924876837,55960.809309595417,-0.016565317231768691,0.014813781790923068,-0.016458942822569881,0.21929151955880449,0.0001032301273103285,2.9881626655787409e-05,-0.12,0,0.11900000000000001
0.0030049794232275,529.13628706969916,55959.307305830254,-0.021035381063834933,0.01611181685849929,0.0093311776954397609,0.25765662933012268,9.5692916121296531e-05,2.9395536922125181e-05,-0.105,0,0.11900000000000001
0.0030409186162680848,529.18508060940587,55960.534164920733,-0.020896032271160606,0.015626243160329106,0.02905914126855107,0.25256448762150857,8.1611293564786915e-05,2.7471345322081051e-05,-0.089999999999999997,0,0.11900000000000001
0.0032824221201133534,529.23507066543527,55963.527140479724,-0.016571956785769774,0.013234048954311302,0.041301983793898107,0.23023970893319187,7.8778213510161682e-05,2.913382415563128e-05,-0.074999999999999997,0,0.11900000000000001
0.0035545189410441298,529.21925642263864,55967.373355918055,-0.0079967632949052882,0.010494444846935144,0.04752436822226639,0.25429393311468268,8.9641694233384787e-05,3.3653935719412603e-05,-0.059999999999999998,0,0.11900000000000001
0.00337321190202121,528.92862429605952,55907.900358571911,0.0010054370383832552,0.007421016918607898,0.04582995056693398,0.26446102587490955,9.3560644652727242e-05,3.2627982956982022e-05,-0.044999999999999998,0,0.11900000000000001
0.0032730990461898798,528.91110336182999,55908.491892490289,0.01025096935675651,0.01153254831912018,0.046472048741149845,0.26517294481604853,9.5796569898909614e-05,3.2035693287294951e-05,-0.029999999999999999,0,0.11900000000000001
0.43450758259782357,525.28896747759234,55907.747416349237,0.0045527341165063229,0.021417331907430628,0.1406849184715161,0.80152405918633007,0.0056341631090563119,0.032614600829808015,-0.014999999999999986,0,0.11900000000000001
0.12450854553682122,509.05900595649109,55919.734382974813,-0.0029759573069371471,0.0057810838808571782,0.65710294286920756,0.023385053828293013,0.00018250741379491337,0.00168205199097257,0,0,0.11900000000000001
0.36043797367138908,525.37449923688609,55909.732203374013,-0.0081798652699995276,-0.0071468498967463719,0.13151365848692154,0.7243668691682924,0.0046418859203967017,0.024557139142086577,0.015000000000000013,0,0.11900000000000001
0.0035235516608392646,529.41751610527729,55909.297818687191,-0.008478018791434427,-0.0011552849496148767,0.049346099048865999,0.28915787058708126,8.8407260143381482e-05,3.3130242063803948e-05,0.029999999999999999,0,0.11900000000000001
0.0037581147058395373,529.3202581460821,55907.771432319947,-0.00048668318254494879,-0.0063132703471481342,0.048248320779946625,0.23171665836410005,9.8999793996917143e-05,3.7392730290969208e-05,0.045000000000000012,0,0.11900000000000001
0.0035097424259041003,529.15475317141738,55967.586696845225,0.0066439899165352699,-0.018034249139477047,0.046672046849800038,0.31180851389296826,0.00010331146976914007,3.5673811694866582e-05,0.059999999999999998,0,0.11900000000000001
0.0034141951802620207,529.06603710034813,55964.960069932393,0.013440750349913565,-0.02026881733645379,0.039130890201666588,0.31177235547666277,0.00010129948556992569,3.4363070637942364e-05,0.074999999999999983,0,0.11900000000000001
0.0034656194114309142,528.98272587774056,55962.743662497203,0.016295257573493347,-0.018412109011316201,0.026763950115170774,0.29895123535760226,0.00011283864638708658,3.6813728183862182e-05,0.089999999999999997,0,0.11900000000000001
0.0034258300897066995,528.90790428972377,55961.803203692201,0.015780275485800351,-0.015420104439597369,0.0084367327905333703,0.32641389553222394,0.00012454243533301359,3.8231778062763985e-05,0.10500000000000001,0,0.11900000000000001
0.0032963227319757742,528.87303280234153,55962.83829512028,0.011736233574961114,-0.013784766559985945,-0.013935146872071199,0.30563694488288939,0.00013242788676868318,3.7933197293917752e-05,0.12000000000000002,0,0.11900000000000001
0.0062110680657982862,528.68432002259703,55964.649037319381,0.0055622852469105477,-0.010178684137686527,-0.035969948347898434,0.23971483749458194,0.00017051628431283394,8.1105296973873122e-05,0.13499999999999998,0,0.11900000000000001
0.0086460648603394318,528.82576473432925,56702.691800889515,-0.0048588070675087136,0.013115494456463688,-0.052200855734977382,0.17413249346713405,0.00016989971170118192,0.00011269763702664958,-0.13500000000000001,0,0.11050000000000001
0.0032732952503851092,529.13456226704943,56700.014122394226,-0.012929271883765551,0.014935129620445221,-0.018226615496153262,0.23118820700836532,0.00011946561974748613,3.577722486083913e-05,-0.12,0,0.11050000000000001
0.0033186597877214144,529.09019391497714,56698.774001390651,-0.016467697005276626,0.01654625977797762,0.0096391128780457247,0.26569239463692851,0.00011267122175283884,3.5226478886612092e-05,-0.105,0,0.11050000000000001
0.0032278190714620258,529.14596272540552,56700.119343346465,-0.016500274770603996,0.016119983367207418,0.030998441889444214,0.2444267977583604,8.97120828961555e-05,3.0572760439847666e-05,-0.089999999999999997,0,0.11050000000000001
0.00339360082906924,529.20731260445382,56703.294951250427,-0.01285340160101405,0.013238995335267434,0.044309622998729606,0.22625773191735743,8.093133409330966e-05,3.0529458901392118e-05,-0.074999999999999997,0,0.11050000000000001
0.0036860217908065802,529.20206759032601,56707.406349697056,-0.0050298815598523259,0.0098616130861303216,0.05082261687301548,0.25204387623298941,8.9846648753363754e-05,3.4938868781605464e-05,-0.059999999999999998,0,0.11050000000000001
0.0035185155608420888,528.92577320374096,56771.538527917364,0.0036251429416702579,0.0062013370109232514,0.049857101411203218,0.26906792275578661,9.3811038917620781e-05,3.4078969109916239e-05,-0.044999999999999998,0,0.11050000000000001
0.0033562684140740159,528.89059516315763,56772.464799215675,0.011949954789161535,0.010249106984043552,0.050138724978606823,0.27828058432358516,9.5603004585987012e-05,3.2816514840350553e-05,-0.029999999999999999,0,0.11050000000000001
0.41124408998980638,525.6747357381978,56771.840139553984,0.0069743110090732061,0.021326834462745973,0.12849848696029989,0.67805898022486311,0.0048694877339564924,0.028697317840716306,-0.014999999999999986,0,0.11050000000000001
0.038464300798262942,508.75299647221874,56782.676933156392,-0.0035448069114478314,0.0057369865478771841,0.65930888591904191,0.012334326361057111,3.9296515289619979e-05,0.00024112090347654414,0,0,0.11050000000000001
0.34948442615030073,525.63386095326189,56773.541858776676,-0.0088519844339371694,-0.0054268610684213856,0.12390098008052476,0.65755394737516693,0.0041779906351975251,0.022589756959494858,0.015000000000000013,0,0.11050000000000001
0.0035837828147577788,529.42749040793274,56772.782748159814,-0.0098290079614458403,-0.00068325092226605405,0.052701829516456022,0.31189160393880561,8.7762435338956281e-05,3.3573453406314445e-05,0.029999999999999999,0,0.11050000000000001
0.0038137397155296945,529.3229644852521,56771.119668679872,-0.0027033804782170688,-0.0084013599449650495,0.052443108233057471,0.2227021938966951,9.786906369501566e-05,3.7728867236818845e-05,0.045000000000000012,0,0.11050000000000001
0.0035641248097990634,529.178949791028,56707.620995469886,0.0040487100551716291,-0.019298139617738443,0.049960533752002372,0.29962936521399774,0.00010057406778110243,3.574340415760134e-05,0.059999999999999998,0,0.11050000000000001
0.0035055057754178357,529.09394158983503,56704.97898254465,0.0099787049041957492,-0.020859420925047775,0.041897073354731584,0.2926909449296386,0.00010179360159328584,3.5368034638779669e-05,0.074999999999999983,0,0.11050000000000001
0.0036448707187198746,528.9919711819208,56702.800978120744,0.012149453226356622,-0.018022708750654072,0.028213844378041416,0.31057703129698044,0.00012253890891371184,4.0347732541780726e-05,0.089999999999999997,0,0.11050000000000001
0.0036324993942937595,528.90472144412377,56701.881804023615,0.011638954888256392,-0.014428176415136589,0.0084856624070647358,0.3359894567041658,0.00013923465037509158,4.2862669433348853e-05,0.10500000000000001,0,0.11050000000000001
0.0035583454518625796,528.86185826673,56702.799305788387,0.0085369844416268211,-0.013389186347378613,-0.015772225156157435,0.30951267080883027,0.00014501536095633524,4.2850422858415605e-05,0.12000000000000002,0,0.11050000000000001
0.0067106057929698492,528.70550986214892,56704.402975583202,0.003709498730042682,-0.010304169929838021,-0.039179028901734338,0.25784926396664326,0.00018877625707341676,9.220095361533945e-05,0.13499999999999998,0,0.11050000000000001
0.0093478197406201089,528.8620742497618,57688.843246342578,-0.0026085538656400015,0.012748086724859288,-0.056515026520961395,0.19342492303560122,0.00019158772360338997,0.00012938805000082992,-0.13500000000000001,0,0.10200000000000001
0.0038023458098376066,529.09395568839955,57686.418955563051,-0.0081656376500036081,0.015067248459061898,-0.019806026872037041,0.2548488792521742,0.00014465089295284637,4.5731155121361773e-05,-0.12,0,0.10200000000000001
0.0037587459839588332,529.04835095149781,57685.46977746937,-0.010445594477927801,0.016936836752634455,0.0097111407199610318,0.28544726346530147,0.00013672260419206978,4.3950430969919512e-05,-0.105,0,0.10200000000000001
0.0035419106991364416,529.1046134524704,57686.955661743261,-0.010337323097504595,0.016563814629768706,0.032546453581727613,0.23894970978619515,0.000102782298526309,3.5908459179894102e-05,-0.089999999999999997,0,0.10200000000000001
0.0036000294038774309,529.17582747713504,57690.343087563822,-0.0073862752551193201,0.013159161043738496,0.046995866641157423,0.22336322327591598,8.6151416362805584e-05,3.3414676342490493e-05,-0.074999999999999997,0,0.10200000000000001
0.0038971019379905871,529.17878988853101,57694.797918075026,-0.00063793122379007469,0.0090430885448548725,0.053731422404807674,0.25786283063105997,9.2563903369739746e-05,3.7494070883381491e-05,-0.059999999999999998,0,0.10200000000000001
0.0036844420942226826,528.92915016599682,57635.735597646599,0.0065275127028487697,0.0052743387243216573,0.052588949664954067,0.28054756584543311,9.5926038968809383e-05,3.6086103571720163e-05,-0.044999999999999998,0,0.10200000000000001
0.0034587670903077528,528.88108637229948,57636.961549079278,0.013775913978709102,0.0093413282402654372,0.052531977371655394,0.29617995831785066,9.7261873561380895e-05,3.4110857228077006e-05,-0.029999999999999999,0,0.10200000000000001
0.37955557069021956,526.06882367893172,57636.678625797504,0.0090236802110254203,0.021398943644404915,0.11559681632238726,0.55957832569895294,0.0040535734185377119,0.024165422443905255,-0.014999999999999986,0,0.10200000000000001
0.012761391169538462,508.63783651332244,57646.564615084018,-0.0029135892130351185,0.0063428127038523902,0.65996832637641523,0.014462780663032091,2.1899478798260081e-05,5.9719327784426516e-05,0,0,0.10200000000000001
0.33708377495631764,525.94912150307277,57637.782564070614,-0.0095460004656527722,-0.003101401486644412,0.11601371337823675,0.5679180397519179,0.0036660378002852838,0.020409685764442284,0.015000000000000013,0,0.10200000000000001
0.0036642263056007388,529.43651985694066,57636.823156431885,-0.011345847253474256,-0.00048576264808879096,0.054971985022752634,0.33115262973470017,8.8412565944894877e-05,3.4453971149233029e-05,0.029999999999999999,0,0.10200000000000001
0.0038675070278614073,529.33583110910831,57635.048740068269,-0.0051838193606700451,-0.010048931042362704,0.055261876688100259,0.22329494820304008,9.7631154368786878e-05,3.8214248527316772e-05,0.045000000000000012,0,0.10200000000000001
0.0036592430913133665,529.22779230354627,57694.963190200433,0.00032197397265308029,-0.020238706879532938,0.053080243269963856,0.28906730192490659,9.8324028244309807e-05,3.6284495831735676e-05,0.059999999999999998,0,0.10200000000000001
0.0036526246561108394,529.13770691783861,57692.295918047326,0.0051119183123790862,-0.02119227276934911,0.044397957649672373,0.28446046056649071,0.0001045254670757018,3.7343593319821189e-05,0.074999999999999983,0,0.10200000000000001
0.0038723876730502628,529.00394514585491,57690.189605342224,0.0067570023619968212,-0.017423014152581968,0.029400599267729834,0.33320587607625424,0.00013542558008961572,4.5063942204873257e-05,0.089999999999999997,0,0.10200000000000001
0.0038973466693415283,528.90063016356487,57689.290788485836,0.0065062954190191107,-0.013235687894404706,0.0084920973970905832,0.36204439090200236,0.0001590342943487091,4.9148971161495851e-05,0.10500000000000001,0,0.10200000000000001
0.0039785220878007293,528.84988336969411,57690.067184979489,0.0045563591697101984,-0.01266874090299862,-0.017407943483053367,0.32760395066543335,0.00016523201103987048,5.1140959017966726e-05,0.12000000000000002,0,0.10200000000000001
0.0076298165803994709,528.74009357198554,57691.529080518871,0.0013742554868952344,-0.010204027771385002,-0.042465294125727297,0.27904326820475966,0.00021312911496310384,0.00011138725167304381,0.13499999999999998,0,0.10200000000000001
0.01008464654011137,528.88421397453908,58429.294263912634,-0.00072077288870037236,0.012330601132680665,-0.058932388184952868,0.20699832532905543,0.00020801435955720524,0.00014544786111473713,-0.13500000000000001,0,0.0935
0.004204195849869031,529.07354839296318,58426.921958665574,-0.0046351517820325842,0.015107153181799324,-0.020573252174704806,0.2737553136120055,0.00016299095876995328,5.367409078097663e-05,-0.12,0,0.0935
0.004057823728430195,529.03028513188463,58426.130241128209,-0.006016058800143189,0.017074039525532519,0.0096152330171042338,0.29900840610592772,0.00015237260060792205,5.0089490866574385e-05,-0.105,0,0.0935
0.0037865945312168061,529.08282976443013,58427.713810447487,-0.0055731957132981102,0.016640750803531539,0.033083763410258843,0.23763027239151077,0.00011217825677151182,4.0105427199398953e-05,-0.089999999999999997,0,0.0935
0.0038023635687182656,529.15627628066534,58431.254774682384,-0.0029448496177931598,0.012878636250591921,0.048062498000917095,0.22840630620317035,9.0982720882847737e-05,3.626879280535879e-05,-0.074999999999999997,0,0.0935
0.0040833636292778057,529.16268659774755,58435.958333659015,0.0029823087071840651,0.008387166529868503,0.054785993930833422,0.26794326432260168,9.5820131583591097e-05,3.9971131060381881e-05,-0.059999999999999998,0,0.0935
0.0038667751533262226,528.93650529674551,58500.620200217156,0.0097001283116209362,0.0045660649680464432,0.053947381838305768,0.29705379381514196,9.9229085825728138e-05,3.851841557467683e-05,-0.044999999999999998,0,0.0935
0.0035752469263132919,528.88049780873314,58502.108002274457,0.015771139161666892,0.0087414937477310883,0.053587756922872216,0.32057532029660118,0.00010017312921622956,3.5783404864191332e-05,-0.029999999999999999,0,0.0935
0.33888203746498424,526.48217728218924,58502.216119078446,0.010863201451553142,0.021708756555618311,0.10221975613488767,0.45074308708407895,0.0032146147991574297,0.019213789102587798,-0.014999999999999986,0,0.0935
0.0080226403904506936,508.59299885107509,58510.925209278248,-0.0016806520342753976,0.0066822407496836423,0.6604353007151561,0.019415231434522801,2.0031679972576555e-05,3.5906742920023329e-05,0,0,0.0935
0.31707961332877099,526.32590074274265,58502.671254498615,-0.010467418213422289,-0.00092279007151304477,0.10638682942993608,0.46561145721369329,0.0030738626235399264,0.01757966306321344,0.015000000000000013,0,0.0935
0.0037477726108286341,529.44546819034861,58501.540301080764,-0.012936751494962019,-0.00048660811223885111,0.056150735127643292,0.3326362356841544,8.973816432286639e-05,3.5502736054970012e-05,0.029999999999999999,0,0.0935
0.0039276878013560137,529.35716088911272,58499.671643242524,-0.0078317193773770524,-0.011262371431064089,0.056726233383924914,0.23294021141893198,9.7940927226135134e-05,3.887040498557921e-05,0.045000000000000012,0,0.0935
0.0037467267340057587,529.27302749942316,58436.030483864466,-0.0026496109690941627,-0.020491425048968021,0.05445549285375343,0.2889655659970809,9.7241712907402816e-05,3.6946926728670326e-05,0.059999999999999998,0,0.0935
0.003780632458542179,529.17362544481716,58433.323287268468,0.0013694948368201834,-0.021259229353643962,0.045519483092336492,0.28718420435700703,0.00010679994614767402,3.9070590539252736e-05,0.074999999999999983,0,0.0935
0.0040382582499112821,529.01459296475775,58431.253043802761,0.0028511935454395604,-0.0171305555227768,0.029912371481532543,0.34552497601667564,0.00014333546123208309,4.8347153898638967e-05,0.089999999999999997,0,0.0935
0.0041114521557682332,528.89803179514217,58430.360917306294,0.0029158480202156772,-0.012695228392247014,0.0084986066434164544,0.38147641630438339,0.000172636662676298,5.4020892710308685e-05,0.10500000000000001,0,0.0935
0.0043528335468223144,528.84284649584993,58431.070317164551,0.0017186901163079723,-0.012209354659341533,-0.018105061766554222,0.34592207158089788,0.00018180916921247396,5.8692140852687437e-05,0.12000000000000002,0,0.0935
0.0083435314081789173,528.78140491416229,58432.512289599108,-0.0003750666873378421,-0.010002864428077797,-0.044170228704860613,0.2943187820254583,0.00022938148722152326,0.00012636566501505054,0.13499999999999998,0,0.0935
0.011180593126588308,528.92490744838005,59417.854450795676,0.0022434849605032312,0.011535765088611677,-0.061047772164913319,0.22535418899096304,0.00022681620773342393,0.00016838441243259325,-0.13500000000000001,0,0.085000000000000006
0.0046867570441976236,529.0545070223402,59415.291339862808,0.00025735751935080465,0.014999773978215558,-0.021162912440152514,0.29354447925206106,0.00018245829463762632,6.3307366303544987e-05,-0.12,0,0.085000000000000006
0.0044056139213315597,529.01917719252936,59414.587578706232,9.8808483133183613e-06,0.016931116343876979,0.0093855792970362738,0.30631867464591861,0.00016721454724411377,5.6969638603025254e-05,-0.105,0,0.085000000000000006
0.0040905696937601869,529.0650336478609,59416.311672450909,0.0010819500041920746,0.01623657222573292,0.033121583551865709,0.23564598845920046,0.00012171245355673636,4.5128542248066502e-05,-0.089999999999999997,0,0.085000000000000006
0.0041434126518825627,529.13679562630841,59420.09309732305,0.0034535123221867141,0.012087291438904016,0.048302040892207555,0.26222464673252005,9.7878775471731602e-05,4.0992315582580423e-05,-0.074999999999999997,0,0.085000000000000006
0.0043638895977442501,529.14499483977875,59425.086404310758,0.0082396468339839268,0.0074237169802989604,0.05466093558902263,0.28351974681711861,0.00010117066573507661,4.3893585556553523e-05,-0.059999999999999998,0,0.085000000000000006
0.0040521312009550196,528.94557428101211,59366.24311370444,0.013110630629370651,0.0040192522783223999,0.053869313757844026,0.31458245342414776,0.00010304957779779185,4.1134536398093338e-05,-0.044999999999999998,0,0.085000000000000006
0.0036952209598606011,528.88760710911993,59367.934303398317,0.017898678484031875,0.0083970793240365944,0.053278549794070096,0.34643501158815332,0.00010360629767872326,3.7612611654337448e-05,-0.029999999999999999,0,0.085000000000000006
0.29056325598559068,526.91996299329332,59368.456143240561,0.012629056135936989,0.022212988090841858,0.088670145382705789,0.35243015206272071,0.0023886529295079769,0.014200944143402514,-0.014999999999999986,0,0.085000000000000006
0.0071570702126459067,508.57399579412089,59376.274092797074,-0.0012763567407380167,0.0062096601631186606,0.66071296249725409,0.021041716334078513,2.0076788056464928e-05,3.2068776799447241e-05,0,0,0.085000000000000006
0.28586610600724732,526.75940049946905,59368.37522455935,-0.011540430827407603,0.00080583752955385335,0.094657741420394778,0.3619217491935402,0.0024018449513021562,0.01400990370141145,0.015000000000000013,0,0.085000000000000006
0.0038267029198455738,529.45351138196031,59367.006283411545,-0.01459752924409711,-0.00072432447924871866,0.056113488536428002,0.32827158322953204,9.1326579342029305e-05,3.6569863847665548e-05,0.029999999999999999,0,0.085000000000000006
0.0039958666065656552,529.38494243452601,59365.033555615344,-0.010596373904700172,-0.011975961762426761,0.056856697262025899,0.25079635781711868,9.8349615682971338e-05,3.9627558466035676e-05,0.045000000000000012,0,0.085000000000000006
0.0038829653818768617,529.33889507778667,59424.931611651489,-0.0067942179851343673,-0.020334934578189776,0.054996646752918682,0.30642155837916912,9.6156603309389336e-05,3.8076154072484953e-05,0.059999999999999998,0,0.085000000000000006
0.0039622000007018569,529.22698851926236,59422.115680487397,-0.0036961051884254457,-0.021110049999741878,0.046094104521077442,0.29551083978411141,0.00010890695505360521,4.1348922946902136e-05,0.074999999999999983,0,0.085000000000000006
0.0042631618449577293,529.03599294177309,59420.034330293573,-0.0023107813628675516,-0.017023419565852783,0.030210322329676669,0.35286800328952045,0.00015036504406500673,5.2276350758842949e-05,0.089999999999999997,0,0.085000000000000006
0.0044336725546728264,528.89928314198391,59419.140447418067,-0.0017736147681393817,-0.012550150349116504,0.0085109723558350441,0.39856507232520849,0.00018763310561650145,6.0732107057933123e-05,0.10500000000000001,0,0.085000000000000006
0.0049374305678038608,528.83971078845298,59419.846272531417,-0.0020546917746980171,-0.011842381200029214,-0.018477759880479741,0.37070445110699107,0.00020346296814975257,7.0427729793763665e-05,0.12000000000000002,0,0.085000000000000006
0.0091649148627908159,528.86413716431878,59421.383183235346,-0.0028054072875294093,-0.0096604872624128056,-0.045380097418233678,0.31342344417002627,0.00024504964025215788,0.00014346814055497847,0.13499999999999998,0,0.085000000000000006
0.011952962377797126,528.97054031321647,60160.366308988268,0.0049405814620741822,0.01070937061022572,-0.061643695048677345,0.23993727035890719,0.00023456805591561791,0.0001830669671903779,-0.13500000000000001,0,0.076499999999999999
0.0050170685564562617,529.04240311305489,60157.408699140804,0.0042913888131482208,0.014712288824126523,-0.021296246085315513,0.30031037747376088,0.00019156892653163248,6.9440456684273093e-05,-0.12,0,0.076499999999999999
0.004621132995779079,529.01712078347418,60156.663379723555,0.0048884704600443496,0.016446290961528436,0.0091278478050462655,0.3016508868685428,0.0001727296806709572,6.0734009453638113e-05,-0.105,0,0.076499999999999999
0.0043322466729132179,529.05944832785349,60158.501565987601,0.006451103619611335,0.01549294784395071,0.032749015697451908,0.23404637814819018,0.00012610369282008388,4.8649354157180038e-05,-0.089999999999999997,0,0.076499999999999999
0.0044664022096216468,529.12787541354987,60162.489455597795,0.0086723585644296452,0.011200612814302175,0.047657099288692065,0.30150784949851306,0.00010315980477852071,4.5364182140463195e-05,-0.074999999999999997,0,0.076499999999999999
0.0045889197540753069,529.13447995776437,60167.617533437544,0.012451475188935832,0.006626558977654004,0.053374402214979806,0.28782770010717929,0.00010550672643804184,4.7135762562082491e-05,-0.059999999999999998,0,0.076499999999999999
0.004203810302629102,528.95371463443337,60108.772053930887,0.016172791703252847,0.0036336353281038927,0.052644758997518581,0.32286052985616615,0.00010621420697072735,4.332458542802227e-05,-0.044999999999999998,0,0.076499999999999999
0.0037968012620449992,528.89798891416081,60110.59115675067,0.019773679570576644,0.0082733271968711553,0.051937284031187948,0.36105894836787028,0.00010639489348665859,3.9163207826394424e-05,-0.029999999999999999,0,0.076499999999999999
0.24440787763839197,527.31094239481251,60111.402876996079,0.014040674722999774,0.022673072054033669,0.077218649464096178,0.27665168249662225,0.0017324268460169965,0.010172850268508379,-0.014999999999999986,0,0.076499999999999999
0.0070204993307639565,508.56620616106306,60118.863163724563,-0.0016264209502281838,0.0056269813496874939,0.66082188237096251,0.020857385932642993,2.0308734125380138e-05,3.163802969129359e-05,0,0,0.076499999999999999
0.24956936141454678,527.1644581204971,60111.033748654947,-0.012490627122132685,0.0018747182055176136,0.083428441297070999,0.27928583661999606,0.0018000543702741379,0.010588491182770282,0.015000000000000013,0,0.076499999999999999
0.0038735895382686304,529.45998098642053,60109.418983318734,-0.016073786777069596,-0.0010523380836541059,0.05499534370783115,0.31524040230091388,9.2317753245672071e-05,3.721827259071251e-05,0.029999999999999999,0,0.076499999999999999
0.0040533135264890271,529.41143300880924,60107.349240788091,-0.013017051000710274,-0.012197561446390859,0.055907041997695944,0.26552393536804958,9.8443348804816891e-05,4.0216418117995816e-05,0.045000000000000012,0,0.076499999999999999
0.0039933695609651789,529.38994653529323,60167.220877666754,-0.010011161178637103,-0.019900042973995131,0.054422825482180109,0.31768732544525369,9.5310431421388882e-05,3.8986093582312481e-05,0.059999999999999998,0,0.076499999999999999
0.0041122179777736334,529.27223733710969,60164.293520546751,-0.0076110012079351249,-0.020796097589966027,0.045869793147346571,0.30448107461421103,0.00010964333239469968,4.3059327297872068e-05,0.074999999999999983,0,0.076499999999999999
0.0044423971687789516,529.06188143478551,60162.149055869799,-0.0062989559302174701,-0.017093045722989961,0.030150128587314279,0.35142916277504471,0.0001528401350082796,5.4920703292555204e-05,0.089999999999999997,0,0.076499999999999999
0.0046912766763809299,528.90841260756486,60161.245027905432,-0.0054108315494403878,-0.012791824590293559,0.0084890544613341386,0.40228866843313332,0.00019540553208844574,6.5578197352235778e-05,0.10500000000000001,0,0.076499999999999999
0.0054276012081969768,528.84858023435459,60162.019676760479,-0.0050228753239638102,-0.011754077012890562,-0.018418242997076312,0.38522557251998507,0.00021745513934054558,8.0037362473435835e-05,0.12000000000000002,0,0.076499999999999999
0.0096401740163402274,528.94738671176378,60163.719589629196,-0.004757232684781872,-0.0093950873047279424,-0.045423449516779804,0.3246209372163561,0.00025012307393173811,0.00015246204901711851,0.13499999999999998,0,0.076499999999999999
0.012668446565682634,529.02909369706379,60903.927717568928,0.008106332547580199,0.0096528009777041429,-0.061011484935243394,0.25288288354843452,0.00023420558434448924,0.00019387507864404574,-0.13500000000000001,0,0.068000000000000005
0.0054206358107731301,529.03013001321938,60900.313601673086,0.0088731323302826733,0.014175586341947329,-0.021211328698414258,0.29618922699870603,0.00019604332088979295,7.5897287557693703e-05,-0.12,0,0.068000000000000005
0.004835509934775808,529.01802502193937,60899.430794498818,0.010303754585487221,0.015627813554028275,0.0088120981928854307,0.28879115626611773,0.0001732453508316988,6.3646287216725359e-05,-0.105,0,0.068000000000000005
0.004651090402160515,529.05996612863987,60901.372938837092,0.012305673358599551,0.01438487541603185,0.032053733823329988,0.23557566364598218,0.00012857569382967361,5.2739282753930402e-05,-0.089999999999999997,0,0.068000000000000005
0.0048462024800751133,529.12435195640171,60905.532984023936,0.014249494999304932,0.01000865627511875,0.046173369138076063,0.27638259117461267,0.00010828377764519447,5.0429336562619545e-05,-0.074999999999999997,0,0.068000000000000005
0.0048106438886301971,529.12564666634933,60910.675407280003,0.016802709423455693,0.0057493001163588676,0.051032962981304129,0.28307719688710115,0.00010966817850771983,5.0378301855233217e-05,-0.059999999999999998,0,0.068000000000000005
0.0043655436789138274,528.96263314088708,60975.6247564265,0.019810715794224453,0.0032536764739839138,0.049882340476786212,0.31709788549576551,0.00010928166323785029,4.5636463883108048e-05,-0.044999999999999998,0,0.068000000000000005
0.0039002070484350868,528.91136410424565,60977.530028676068,0.021929658700202369,0.0083294600020418878,0.049114229993227551,0.34880684531522327,0.00010873609054203567,4.0670032556876237e-05,-0.029999999999999999,0,0.068000000000000005
0.18741013353196509,527.76985636566008,60978.642292436707,0.015589289062789934,0.023282084874046365,0.06438837543456058,0.19962873678986306,0.0010832016345001031,0.0061680476973198671,-0.014999999999999986,0,0.068000000000000005
0.0070185968771251167,508.56175845158265,60985.869599923593,-0.0022902188212838674,0.0051029154399697962,0.6608555291071061,0.021308303094230843,2.0633693801215637e-05,3.1881503164861253e-05,0,0,0.068000000000000005
0.19912408765190917,527.65198783173901,60978.085783721195,-0.013415666390054943,0.0027499243003424965,0.070021563839876316,0.19541374324088115,0.001152706745930274,0.0067605684813260916,0.015000000000000013,0,0.068000000000000005
0.0039081756453322831,529.46689704246216,60976.130275014228,-0.017799034218336909,-0.0012859463872936466,0.052401212310013059,0.28133374593250904,9.2481616238211323e-05,3.7583894427498763e-05,0.029999999999999999,0,0.068000000000000005
0.0041040697908719375,529.44251879507829,60973.982376037166,-0.015809272205091238,-0.012037109126846676,0.05356636495811401,0.26582767619187148,9.7911018618225903e-05,4.0609769257219167e-05,0.045000000000000012,0,0.068000000000000005
0.0041048651331453906,529.44030291701824,60909.992294839729,-0.013250144748532044,-0.019138324771331174,0.052955571494512806,0.29953547311987549,9.4279341223257152e-05,3.9857234552871627e-05,0.059999999999999998,0,0.068000000000000005
0.004278096224827087,529.32304072227544,60906.956584751082,-0.011658183024178013,-0.02024013615512012,0.045056796676246028,0.3135691767219928,0.00010964969133963732,4.4797549233005896e-05,0.074999999999999983,0,0.068000000000000005
0.0046418004148659868,529.10050255474823,60904.721790966985,-0.010529286596431427,-0.017177124283457062,0.029830125392657222,0.3441658530353599,0.00015296407586539885,5.7409159237982662e-05,0.089999999999999997,0,0.068000000000000005
0.004986922293954396,528.9303348143186,60903.807345561567,-0.0093283243959949233,-0.013207890435608253,0.0084388800127915692,0.39781411215724827,0.00019969022524829442,7.0471092533371492e-05,0.10500000000000001,0,0.068000000000000005
0.0059459028792311916,528.87476572155663,60904.707149654569,-0.0082459237313088265,-0.011766288484241359,-0.01811871353988203,0.3924769494647532,0.00022768049554839416,8.9718235800715024e-05,0.12000000000000002,0,0.068000000000000005
0.010023356920114301,529.04892670935533,60906.650644534559,-0.0068866516254012747,-0.0091351609668757546,-0.044665093363524914,0.33065772810639255,0.00024860854160897706,0.00015804152740702274,0.13499999999999998,0,0.068000000000000005
0.013532382245743534,529.12746080959027,61897.072960400372,0.012780645753792832,0.0079001280162528942,-0.057531684967344315,0.2616032875380826,0.00022389489766235328,0.00020248663117961851,-0.13500000000000001,0,0.059499999999999997
0.0063766008149924829,529.01819004419121,61892.25178556444,0.016486713959173217,0.012853366076048625,-0.021090486725120955,0.26853996668109414,0.00019632007452992969,8.9345274086249308e-05,-0.12,0,0.059499999999999997
0.0053332400583033226,529.02293149751495,61890.976249924912,0.018739038625842711,0.014017956214164745,0.0082959747097578491,0.25926280573731986,0.00016777638146086516,6.9080670499388049e-05,-0.105,0,0.059499999999999997
0.0052586012943777096,529.0699658665568,61892.990760225934,0.020954367946605754,0.012066349744340815,0.030284209817225349,0.25733426041204893,0.00013042502266435974,6.0055212000904929e-05,-0.089999999999999997,0,0.059499999999999997
0.0053893230223726833,529.12631515678902,61897.17587797092,0.021929138613672211,0.0078865719735862847,0.042547465536094717,0.25035603790860944,0.00011498698341759528,5.7790779882891191e-05,-0.074999999999999997,0,0.059499999999999997
0.0050651163432217797,529.11531540993758,61902.060778437975,0.022582622856502355,0.0044638668294645235,0.046258778673478725,0.27013874694234324,0.00011401360293275896,5.4083870014562777e-05,-0.059999999999999998,0,0.059499999999999997
0.0044905715518990625,528.96827544836219,61842.92737394022,0.023368590439693131,0.0028920977699788092,0.045733372440595652,0.29900516728126669,0.00011100008457725811,4.7311125047736883e-05,-0.044999999999999998,0,0.059499999999999997
0.0039719382846217207,528.92248757304219,61844.852170377912,0.023959349584546197,0.0085858029659689958,0.044968974441480465,0.31785096589014683,0.00010950250158662716,4.1563729740602284e-05,-0.029999999999999999,0,0.059499999999999997
0.13128661362556446,528.19377734154648,61846.145433141515,0.016994547421708139,0.024033932867769801,0.05272796367688095,0.13994352842630692,0.00061342675623506278,0.0032516351070499918,-0.014999999999999986,0,0.059499999999999997
0.0070652491628047818,508.55978207778469,61852.957709595226,-0.0026362315592497461,0.0048269268810624344,0.66086935681408676,0.022670790241884783,2.0986434637697546e-05,3.236658011092003e-05,0,0,0.059499999999999997
0.1436332402375097,528.13852690213571,61845.631534073116,-0.014138285572927489,0.0033568018489758796,0.057169718221977361,0.1255304893527662,0.00063337522084228721,0.003614810143187232,0.015000000000000013,0,0.059499999999999997
0.0039115756296708472,529.47135096291242,61843.331362400881,-0.019428768545541826,-0.0013073485366582841,0.048468604599321306,0.24925904279907668,9.1325879856412186e-05,3.7380806243973843e-05,0.029999999999999999,0,0.059499999999999997
0.0041196722862157139,529.47048685688583,61841.13217395814,-0.018426534834567236,-0.011403210848206556,0.049930322661413742,0.24874544960786621,9.6412414041335096e-05,4.0450989393074461e-05,0.045000000000000012,0,0.059499999999999997
0.0042360434130824989,529.50044548850178,61900.993892421175,-0.017437865234612049,-0.01755656053305174,0.049522185912969557,0.25946188597003178,9.2806842284823721e-05,4.0808478271129135e-05,0.059999999999999998,0,0.059499999999999997
0.0045307059696397577,529.40089602414537,61897.884420760231,-0.017253981832014584,-0.019039986897442161,0.042961788547220832,0.29711720738589842,0.00010849822778634663,4.7192958166827827e-05,0.074999999999999983,0,0.059499999999999997
0.0049272158988322816,529.17862537780115,61895.526275866039,-0.016611046002739566,-0.017038141804518792,0.02886663910982527,0.32770011899626922,0.00014921881456208137,6.0188481302967201e-05,0.089999999999999997,0,0.059499999999999997
0.0054527631829916837,528.9915227746809,61894.619931848545,-0.015165318883709563,-0.013740046805160803,0.0082968858626279052,0.37784505389364542,0.00019867263563962318,7.6857395463464384e-05,0.10500000000000001,0,0.059499999999999997
0.0066867602820647881,528.95075188557621,61895.769507291196,-0.013116923317482196,-0.011763351601507654,-0.017374218383483173,0.38451304823479743,0.00023176934726827923,0.00010179905653417704,0.12000000000000002,0,0.059499999999999997
0.01040678743565737,529.20856586491959,61898.141717658174,-0.010100274417520221,-0.0087683194665564203,-0.042298297377328341,0.32615868359995442,0.000236239130169181,0.00015995307789066788,0.13499999999999998,0,0.059499999999999997
0.014257262792902651,529.21225932081279,62642.956412965534,0.016022808049238876,0.0064496455067165658,-0.052673038853362671,0.25779617620727013,0.00021408164343232088,0.00020860555525954499,-0.13500000000000001,0,0.051000000000000018
0.0076357197287406755,529.02805374336526,62637.421069560682,0.023450823267556816,0.010997764502937567,-0.021175309463369905,0.24205467211433357,0.00019271488412399249,0.00010600042541041467,-0.12,0,0.051000000000000018
0.0060567951340531195,529.03601905742096,62635.634752709055,0.02613482536876156,0.012007269074052444,0.0075518710304352211,0.24044001118105124,0.00016200368485922166,7.7091293153878096e-05,-0.105,0,0.051000000000000018
0.0058827184753098985,529.08683663221768,62637.53384656064,0.027794056235270297,0.0096476518066023823,0.027921326334449281,0.25150029111813299,0.00013203431702607488,6.7596074642078957e-05,-0.089999999999999997,0,0.051000000000000018
0.0057591135817446886,529.13238135872257,62641.4492701161,0.027505158150206377,0.0060287521098184851,0.038453320680555486,0.2429244022676042,0.00011930699700866379,6.2905497452361443e-05,-0.074999999999999997,0,0.051000000000000018
0.0052001441926490411,529.1076649867249,62645.901422002185,0.026669769478631929,0.0034547645039902999,0.041494625789879225,0.25842591108550278,0.00011556356365120471,5.590180733269384e-05,-0.059999999999999998,0,0.051000000000000018
0.0045605999052495466,528.9692388278005,62710.467806157845,0.026648128070100075,0.0025338499125081844,0.040322995207081457,0.27743991420516539,0.00011069908908102319,4.798372920388688e-05,-0.044999999999999998,0,0.051000000000000018
0.0040075679092802215,528.92973803790915,62712.356324222535,0.025722992276051022,0.0089529853607978136,0.039647776160675365,0.28763146859353184,0.00010818299595149771,4.1683136686291003e-05,-0.029999999999999999,0,0.051000000000000018
0.081437908085511962,528.54276404811287,62713.595597979496,0.018321043948316892,0.024920857280836557,0.042612218606710585,0.10526992009310557,0.00033267522086474755,0.0014853774834849779,-0.014999999999999986,0,0.051000000000000018
0.0071335011471560569,508.55899286133729,62719.786058235681,-0.0025977751115172781,0.0044580810452187983,0.66094498715929895,0.024083628430768285,2.1373732275448605e-05,3.2979412743900314e-05,0,0,0.051000000000000018
0.089484469658942994,528.57969903200262,62713.407720973075,-0.014776790720865161,0.0037576003920933589,0.045800607175895909,0.075190723096908926,0.00029496332001310903,0.0015368506848701892,0.015000000000000013,0,0.051000000000000018
0.0038824906583600992,529.47204082616418,62710.83063842258,-0.020841954731255295,-0.0011651143582982104,0.04331481887747797,0.22158154238353642,8.8569854035542032e-05,3.6538724590014307e-05,0.029999999999999999,0,0.051000000000000018
0.0040988456663404536,529.49146969678497,62708.636319253237,-0.020758169588578228,-0.010252737052017475,0.04500777655334514,0.22653228205608919,9.3588812417548097e-05,3.9652770308906206e-05,0.045000000000000012,0,0.051000000000000018
0.0043023275843130388,529.53633622105895,62644.611719035485,-0.020336545924805039,-0.015970528814533494,0.04579260171053972,0.23327178956686614,9.1463030277835891e-05,4.1145871742088969e-05,0.059999999999999998,0,0.051000000000000018
0.0047296401188050528,529.46579528232598,62641.546971504948,-0.021419819337228245,-0.017752067080945257,0.040439762740801695,0.26839394819614726,0.00010665365834617483,4.8844534461852151e-05,0.074999999999999983,0,0.051000000000000018
0.0051604054579930453,529.26081132692207,62639.146586658615,-0.021448737730936345,-0.016520286047171175,0.027595210741182596,0.31232687604240111,0.00014359241306899462,6.183716531790071e-05,0.089999999999999997,0,0.051000000000000018
0.0058318949675548147,529.07182470872544,62638.274790104966,-0.020015781266665519,-0.013850936675186247,0.0080642034501532435,0.3530396109532063,0.00019192211411054466,8.0792715106721934e-05,0.10500000000000001,0,0.051000000000000018
0.0072520986557162029,529.04853676653488,62639.662927123252,-0.017257374633795376,-0.011569244488808351,-0.016552979169152823,0.36288970905409762,0.00022532268146629338,0.00010885945581624191,0.12000000000000002,0,0.051000000000000018
0.010633477505203747,529.34370070707587,62642.373854611862,-0.01275825240169105,-0.0084250690423028247,-0.039446823811522473,0.31235871796583387,0.00022051310898303807,0.00015790377865494329,0.13499999999999998,0,0.051000000000000018
0.015500784485425445,529.3198210717743,63637.854554393838,0.019046047332659435,0.0045368641064157094,-0.043766526799339109,0.2380156087348749,0.00020148434862726522,0.00022002616841930643,-0.13500000000000001,0,0.04250000000000001
0.0094490159223185703,529.09799968299137,63632.36481648661,0.031601862755318878,0.0072248236976317909,-0.020560817521486578,0.23667180451509343,0.0001845425837884557,0.00012836152829950032,-0.12,0,0.04250000000000001
0.0074461765125604165,529.08504292177599,63629.78657275952,0.035661356425082863,0.0078817192216207293,0.0052988926398649097,0.23606160268767329,0.00015716090913593433,9.3348123739614842e-05,-0.105,0,0.04250000000000001
0.0067174729846903756,529.12547631502184,63630.999968446224,0.035892431633429554,0.0058823000114315155,0.022788715026107114,0.24098194912437132,0.00013429298337650563,7.7845334567763397e-05,-0.089999999999999997,0,0.04250000000000001
0.0061013542356952088,529.14396657854763,63634.106488152502,0.033978699020707145,0.003507136118493826,0.031315988433900661,0.2370784001100337,0.00012194483888271585,6.7376423261566732e-05,-0.074999999999999997,0,0.04250000000000001
0.0052670761472528088,529.09332259947257,63637.731369008463,0.031406510700406245,0.0020607347029072648,0.033828906233831744,0.2424491163558378,0.00011398924799266768,5.6234332101502017e-05,-0.059999999999999998,0,0.04250000000000001
0.0045536122897229117,528.96273431014231,63577.991264816817,0.029448749602410208,0.0021338873615944784,0.033877648275985536,0.25571612986437575,0.0001076976580842465,4.7256241826899708e-05,-0.044999999999999998,0,0.04250000000000001
0.003985661855315327,528.93008192101513,63579.799077549018,0.027132885804815803,0.0093691452121949462,0.033376666563998056,0.26000796043476571,0.00010402020400241934,4.0649883085689701e-05,-0.029999999999999999,0,0.04250000000000001
0.043507047865449511,528.78168631101028,63580.743605864256,0.019523272797262438,0.025797357259018022,0.033621174333671497,0.10666208605427979,0.0002020267205801117,0.00061839222797863927,-0.014999999999999986,0,0.04250000000000001
0.0072184943476289107,508.55878735780931,63586.189390775995,-0.002420120587627559,0.0040033708296616389,0.66109797935645231,0.02565775632861754,2.1769532659838144e-05,3.3679929494352248e-05,0,0,0.04250000000000001
0.046669962801101479,528.91122504349835,63581.070364961059,-0.01526619873665629,0.0039798984700527727,0.035918903089822436,0.053339273307747265,0.0001361512322080267,0.00054456314129489904,0.015000000000000013,0,0.04250000000000001
0.0038462045101929263,529.46741853029187,63578.389555733462,-0.02198553498139837,-0.00085764400287606838,0.037042774930746807,0.19396609865400635,8.3880209769916813e-05,3.5225902341403687e-05,0.029999999999999999,0,0.04250000000000001
0.0040473337039949953,529.50273817856612,63576.259078508738,-0.022675713150417092,-0.0086855958980997967,0.038955675218929869,0.20397410356377826,8.9272133333343534e-05,3.8240800090934213e-05,0.045000000000000012,0,0.04250000000000001
0.0043331833259565404,529.56799027508907,63636.346161917994,-0.023618646160288713,-0.013365248477604747,0.039294964972437958,0.20240568671639195,8.8509478062575748e-05,4.0766361675991106e-05,0.059999999999999998,0,0.04250000000000001
0.00495361721950335,529.55157880788681,63633.52647424829,-0.026470206473704985,-0.015452021743800948,0.035519550529531881,0.23522670624530001,0.00010282551839373426,5.0231124218941523e-05,0.074999999999999983,0,0.04250000000000001
0.0054829175523897688,529.39918162129561,63631.215732715049,-0.027821158049363449,-0.015009638985733948,0.024848330438935275,0.28465476399297196,0.00013275153830790223,6.3172999286570698e-05,0.089999999999999997,0,0.04250000000000001
0.0063199934007286329,529.2357863201654,63630.463198481797,-0.026777139623476751,-0.013189077472219706,0.0073922086346784087,0.31407950787803474,0.00017473150173498021,8.3541492443667446e-05,0.10500000000000001,0,0.04250000000000001
0.0079079112112804394,529.24052999107005,63632.188767827844,-0.023071636200903734,-0.010776455600868004,-0.015014244393905802,0.32076067370865241,0.00020383271899229174,0.00011290124559185775,0.12000000000000002,0,0.04250000000000001
0.010954090026245799,529.53421907788527,63635.22513518999,-0.016328632524798693,-0.0078068915656091687,-0.034130294885703218,0.28066426588034776,0.00019441681552696984,0.00015273663508248183,0.13499999999999998,0,0.04250000000000001
0.016379698769832127,529.37316967429479,64383.477573142081,0.019812644861120918,0.0031663215391657001,-0.035856039570244108,0.21522656299299722,0.00018902507602294662,0.00022519856631033158,-0.13500000000000001,0,0.034000000000000002
0.010408308690038909,529.18836372266912,64378.660116363339,0.034559101153464895,0.0044446065657715523,-0.018880929315009582,0.24500187978025659,0.00017786888651637585,0.00013881300544091597,-0.12,0,0.034000000000000002
0.0082697716087428621,529.14933468072468,64375.717572094582,0.040172912428412783,0.0045865161130024899,0.0027717387197574322,0.2453992651883887,0.00015444474022794144,0.00010277324677595052,-0.105,0,0.034000000000000002
0.0071012222671725782,529.16223815379442,64376.136049377048,0.040157820577782243,0.0032061477773687999,0.017760848241411695,0.24361697448364766,0.00013344876546641558,8.2033338522631292e-05,-0.089999999999999997,0,0.034000000000000002
0.0061860542190860972,529.14936367632185,64378.444141789783,0.037661671385704268,0.0017126007837946372,0.025085814838524515,0.23185410229380751,0.00011986232295851125,6.7725944010383948e-05,-0.074999999999999997,0,0.034000000000000002
0.005207864726762248,529.07541291676239,64381.387923053488,0.03416870592144796,0.00096400281855643676,0.027405787684829892,0.23010739164968169,0.00010961135682688802,5.452397021086543e-05,-0.059999999999999998,0,0.034000000000000002
0.0044751263242780795,528.95041634971165,64321.378249402354,0.031332463291133192,0.0017336525649891993,0.027790300577348749,0.23737687017635528,0.00010243202860694504,4.5292175973257639e-05,-0.044999999999999998,0,0.034000000000000002
0.0039202395769036497,528.923618491159,64323.095286379183,0.028008272682480153,0.009578149489463306,0.027466595670630298,0.23665356675254909,9.7850509286873558e-05,3.8778781085316584e-05,-0.029999999999999999,0,0.034000000000000002
0.023273050301702961,528.90150660802442,64323.687209594682,0.020436985553782424,0.026290455458904381,0.026381046936204997,0.14485443984806459,0.00015973961870357174,0.00029414375340225071,-0.014999999999999986,0,0.034000000000000002
0.0073029938760899677,508.55879960817447,64328.435114138723,-0.0023068405879487766,0.0034396016161177736,0.66129680991675588,0.02724959623424086,2.2125919772354724e-05,3.4351966465075379e-05,0,0,0.034000000000000002
0.021951931236453632,529.093903926199,64324.48643187042,-0.015561803438676336,0.0042357727100219011,0.027820964019088307,0.057123102039226721,8.2341593030087835e-05,0.00019919680396197735,0.015000000000000013,0,0.034000000000000002
0.003829437541131487,529.45775318652102,64321.865499793079,-0.022678522238738605,-0.00047401652658569129,0.030842548884896084,0.16822169897641359,7.7928227672062291e-05,3.3805112850776473e-05,0.029999999999999999,0,0.034000000000000002
0.0040041549477490349,529.50321560443433,64319.863971590064,-0.02388353134286687,-0.0071400394973242919,0.032968301448774884,0.18358599964031225,8.4205093698445837e-05,3.6743460574278671e-05,0.045000000000000012,0,0.034000000000000002
0.0043010094264926335,529.57779630941104,64380.124902520867,-0.025450275751527245,-0.011080230040742921,0.033363645730246236,0.18179482353272655,8.5007896836566051e-05,3.9655189552507478e-05,0.059999999999999998,0,0.034000000000000002
0.0050437228733849404,529.60465258283295,64377.608182513286,-0.029476009443801465,-0.013290317453124192,0.030582616388509423,0.21102573927052529,9.8467332369286733e-05,5.0049218727871923e-05,0.074999999999999983,0,0.034000000000000002
0.0056915604296178266,529.51321531472627,64375.502551357087,-0.031946400104556995,-0.013232588327788571,0.021756344694561693,0.25817902879372895,0.00012257933903066204,6.3014426623199485e-05,0.089999999999999997,0,0.034000000000000002
0.0066336221564769022,529.39496086619192,64374.916465299582,-0.031422117082640567,-0.011914922976305095,0.0064460531556862263,0.28844141581273192,0.00015704917762780619,8.3132064189118989e-05,0.10500000000000001,0,0.034000000000000002
0.008279654779267993,529.42072088874465,64376.844078753595,-0.026958024360509387,-0.0096835416992178836,-0.013466536437802427,0.28887908222564435,0.00018109259217279189,0.0001114198506221038,0.12000000000000002,0,0.034000000000000002
0.011273047755007282,529.67260685154622,64379.88645914381,-0.018575963993341306,-0.0071490929144065679,-0.029111568422199741,0.24904008187505969,0.00017329383603406311,0.00014839965949695462,0.13499999999999998,0,0.034000000000000002
0.016427506088223829,529.37960815142196,65128.124629154758,0.018972941640647969,0.0017142541232611141,-0.027323492831733538,0.18677571435712323,0.00016999021113047366,0.00021418230765891532,-0.13500000000000001,0,0.025499999999999995
0.010917498138328605,529.27351364923197,65124.202782319917,0.034882042974317871,0.0021884067946562973,-0.016356336402351027,0.24256972204470936,0.00016644674403836876,0.00014085127369098388,-0.12,0,0.025499999999999995
0.008638400660106859,529.21577595048018,65121.150671395255,0.041923006423371746,0.0018613855213929318,0.00033506851051969938,0.25491550957318487,0.00014755217207853386,0.00010493156418750989,-0.105,0,0.025499999999999995
0.0071856939040489112,529.19089756322182,65120.816873410055,0.04256289689281522,0.00086573678716415415,0.012475155542207926,0.24489405997540076,0.00012762112974173373,8.1176440790881277e-05,-0.089999999999999997,0,0.025499999999999995
0.0060924500425940577,529.14165214201364,65122.356019986204,0.040094243965637016,-5.2163269101479762e-05,0.018580907346717537,0.22435553318842702,0.0001135656015586182,6.4925511464299318e-05,-0.074999999999999997,0,0.025499999999999995
0.005038783807891938,529.04660691819811,65124.683641896605,0.036083562065300015,-0.00022535668319664706,0.020763734258838602,0.21683884439573947,0.00010201194250870225,5.0892201005985802e-05,-0.059999999999999998,0,0.025499999999999995
0.0043040741121466181,528.92839793274243,65188.246191773105,0.032835117797053531,0.0011279771876805283,0.020423489280840604,0.21482842131114904,9.2766024093420156e-05,4.145474161359249e-05,-0.044999999999999998,0,0.025499999999999995
0.0038218311636001173,528.90605528311471,65189.836735851532,0.028625309714024518,0.009273445338260437,0.020200301261828035,0.2057322746981548,8.6934495948864568e-05,3.5634245489467836e-05,-0.029999999999999999,0,0.025499999999999995
0.012743042566603307,528.95209882900656,65189.944506972453,0.021116301215994358,0.026194885707793811,0.018068798220954876,0.20459281247603858,0.00014893371179188039,0.00015551405314227022,-0.014999999999999986,0,0.025499999999999995
0.0074135318047992716,508.55891359581483,65193.926228449425,-0.0022067752028525063,0.0025986777210523426,0.66159511005470706,0.029374727263137682,2.2574094460508295e-05,3.5223322900352173e-05,0,0,0.025499999999999995
0.0081326377944163763,529.20630108644605,65191.185896871059,-0.015788532101985681,0.0049380720516671202,0.018633326016293215,0.072558907347334278,5.7270869394453075e-05,6.1545785429397486e-05,0.015000000000000013,0,0.025499999999999995
0.0038623724086697684,529.43623006533062,65188.843273245955,-0.022948249954564275,0.00021994902458021611,0.022634676771391402,0.13325124634519267,6.8072352758236258e-05,3.1866878653007113e-05,0.029999999999999999,0,0.025499999999999995
0.0040017883307617913,529.49165681170825,65187.107158958243,-0.024685193263161907,-0.005222043214140837,0.025142357011401828,0.15501504942909863,7.609076678556313e-05,3.4907608276540319e-05,0.045000000000000012,0,0.025499999999999995
0.0042249164603850014,529.57484853711935,65123.698042667638,-0.026625182034845322,-0.0085566972116153453,0.026695937857559929,0.1618891421139883,7.9753489260980654e-05,3.7730535790397617e-05,0.059999999999999998,0,0.025499999999999995
0.005025181935934305,529.63803617759368,65121.523685490087,-0.031462538011783926,-0.01070437929023693,0.024637698381720127,0.18475893764504087,9.210128766385841e-05,4.8226377461206221e-05,0.074999999999999983,0,0.025499999999999995
0.0057996305090430578,529.61449369074808,65119.703435063704,-0.034866446774521331,-0.010965398972189217,0.01768964531997114,0.22935670052744811,0.00011094670552449121,6.1088228496656839e-05,0.089999999999999997,0,0.025499999999999995
0.006845914044792018,529.55895436252831,65119.338118857791,-0.034820364753613553,-0.010038866677350076,0.0050361780899613826,0.26485748000197756,0.0001373388267041333,8.0228395801421658e-05,0.10500000000000001,0,0.025499999999999995
0.0085518569913902841,529.6023632734416,65121.366209131127,-0.029580769768720486,-0.0082205508620213676,-0.011564183910814325,0.2584385076321099,0.0001563899755359,0.00010694608370409101,0.12000000000000002,0,0.025499999999999995
0.011569883295716734,529.78584414001,65124.155843156928,-0.019806002331590439,-0.0062608614092112295,-0.023387938678388134,0.21196991417013192,0.00015126352449426289,0.00014229711202048422,0.13499999999999998,0,0.025499999999999995
0.013264365459343846,529.27866938551517,66119.272822979314,0.015054831051201768,-0.0011094214934774785,-0.01567398355439471,0.14880660608617502,0.00012845246071308201,0.00015033416619374303,-0.13500000000000001,0,0.016999999999999987
0.01048851680895386,529.29939276379503,66116.60237423364,0.031782552188602223,-0.00076553196535654997,-0.011740411968220364,0.20545957833878364,0.00013948466481123693,0.00012387318668002727,-0.12,0,0.016999999999999987
0.008362659851612133,529.24300476929591,66113.603706302776,0.040828277018609013,-0.0013990000748762446,-0.0017742640702237849,0.24214673230383713,0.00012807774047485107,9.4641422866382458e-05,-0.105,0,0.016999999999999987
0.0067894943318109096,529.17261766636648,66112.542435973286,0.04300407386846606,-0.002265798269638881,0.0060906196913599895,0.23561173279927106,0.00011164360512189533,7.1738841011778024e-05,-0.089999999999999997,0,0.016999999999999987
0.0056449466953842238,529.08718033675723,66113.307221414041,0.04119163069238805,-0.0026671606576797497,0.010321569413270502,0.21010737720030229,9.8532996623922723e-05,5.6033879358541608e-05,-0.074999999999999997,0,0.016999999999999987
0.0046754909178816301,528.98681997441679,66115.042542776602,0.037190740131580712,-0.0019717302086521885,0.012239179857176732,0.19446707726182821,8.6539635477128146e-05,4.3494540640414931e-05,-0.059999999999999998,0,0.016999999999999987
0.004157632795892271,528.89660455914509,66054.566389496802,0.033542548284894426,0.00026257889387613909,0.013223994077019945,0.18544395759453522,7.9037209204297097e-05,3.696255026032174e-05,-0.044999999999999998,0,0.016999999999999987
0.0038424963892686008,528.87808396798368,66055.95905217409,0.028764534445665953,0.0079873088084198244,0.012861851908541314,0.16293595572379013,7.129464050911207e-05,3.2444561569916765e-05,-0.029999999999999999,0,0.016999999999999987
0.0089841804350378196,528.92561087006993,66055.517270791504,0.020554055617209455,0.025478415517981447,0.008896022639869168,0.22774857674242155,0.00015515340118927169,0.00011190747989854652,-0.014999999999999986,0,0.016999999999999987
0.0075381772153423005,508.55904991436876,66058.61468912728,-0.001917488987097175,0.0015693406094380172,0.6619997480012918,0.031928222028478608,2.305391610207054e-05,3.6194176280329892e-05,0,0,0.016999999999999987
0.0044205342102369583,529.20958166016931,66056.99615607853,-0.01498422227482364,0.0059728829792685652,0.0087113760836572511,0.063214464565206532,4.2815413431212099e-05,2.8925097190441139e-05,0.015000000000000013,0,0.016999999999999987
0.0039730412604059486,529.39261049643585,66055.0930275227,-0.021968164076614508,0.0014092696021260633,0.013390918183086782,0.092908432227564577,5.3558228778032839e-05,2.9076101637177364e-05,0.029999999999999999,0,0.016999999999999987
0.004131209325804454,529.46125407681814,66053.781595358989,-0.024454875644806529,-0.0032119163765428941,0.016364886283398619,0.11706544553891407,6.3849864918029116e-05,3.3010886879755735e-05,0.045000000000000012,0,0.016999999999999987
0.004169375541865767,529.54672775902418,66114.53331458832,-0.027171438210432587,-0.0049619723325774684,0.016846033919364799,0.12869538157540486,6.8225146985800665e-05,3.4438422869919173e-05,0.059999999999999998,0,0.016999999999999987
0.0047508160292195354,529.63731144327039,66112.749955648105,-0.032218362308677299,-0.0062937492343526384,0.015522805657033723,0.14702515948684858,7.8417682248511773e-05,4.2070261748544885e-05,0.074999999999999983,0,0.016999999999999987
0.0056293618333136258,529.68487274759434,66111.292316511928,-0.036129403681015818,-0.0068956922036170105,0.010994654434475937,0.18045338537077474,9.2022682608121863e-05,5.4001597691297774e-05,0.089999999999999997,0,0.016999999999999987
0.0067963821251997717,529.71224343743904,66111.212084150946,-0.036199272417229936,-0.006617182548567164,0.0025488368534731451,0.22106140292821605,0.00010963956387706334,7.1164178226282648e-05,0.10500000000000001,0,0.016999999999999987
0.0085372175943288168,529.76840991162055,66113.22713296063,-0.029728580458709478,-0.0055888664146070818,-0.0084664219401223446,0.20524170159596819,0.00012252605420200763,9.4499731521505715e-05,0.12000000000000002,0,0.016999999999999987
0.010890366068295318,529.83920437755137,66115.370565734091,-0.01826396337827501,-0.0042417060959372681,-0.014823007585119201,0.15230786303345578,0.00011580517722358942,0.00011719429373586121,0.13499999999999998,0,0.016999999999999987
0.0084458544051848276,529.11176109405221,66861.648099727652,0.011065299333131337,-0.004998481468330639,-0.0080830783436699975,0.11721571246350157,8.2211492838715357e-05,7.6579029425160076e-05,-0.13500000000000001,0,0.0085000000000000075
0.0085463512627676989,529.18699520076427,66859.646306996146,0.026829009276405462,-0.0043615731287898907,-0.0068526182201061221,0.1626566829167011,0.00010991389536098558,8.9599799645808845e-05,-0.12,0,0.0085000000000000075
0.0073164866245070933,529.15262454133767,66856.705864932039,0.037629096699371173,-0.0048292361964895987,-0.001826489860602348,0.20787340246099953,0.00010723523390433534,7.5765472274357876e-05,-0.105,0,0.0085000000000000075
0.0060652185473198022,529.08216124343767,66855.348477257881,0.041366239089201576,-0.0052001334265638329,0.0025474821550785995,0.22052530394389361,9.3767484360321842e-05,5.8731702022873289e-05,-0.089999999999999997,0,0.0085000000000000075
0.00522035654260989,529.00651688365417,66855.785434254271,0.040578346355820263,-0.0047791808040261296,0.0051103074535028209,0.19113133163335524,8.1889708749294579e-05,4.7240537346162054e-05,-0.074999999999999997,0,0.0085000000000000075
0.0047377609839860816,528.92765152915695,66857.282544721631,0.036942944354121349,-0.0032657774689095532,0.0064716531246086116,0.15831326061504472,7.0950696766916492e-05,3.9907220399012337e-05,-0.059999999999999998,0,0.0085000000000000075
0.0047010729484256398,528.85709300721646,66920.345118330195,0.032851610066917593,-0.00090393083343380141,0.0064441465503085014,0.12666735721595174,6.0818945929914516e-05,3.666202378722664e-05,-0.044999999999999998,0,0.0085000000000000075
0.0047001916125065752,528.83313131791192,66921.410653704443,0.02698801333765306,0.0055554532857654843,0.0056599666011936363,0.093418821220034115,5.2038063080865711e-05,3.3905966202391866e-05,-0.029999999999999999,0,0.0085000000000000075
0.0076318356297514819,528.77293444079407,66920.064687924227,0.016778607428373917,0.025429225662440168,-0.0015620824301139336,0.22424857489001118,0.00015087164747554642,9.3741699873237471e-05,-0.014999999999999986,0,0.0085000000000000075
0.0076773366743049269,508.55918172729338,66920.527012791121,-0.0012587656206197258,0.00073987524678689363,0.66281075111850385,0.034084293738713606,2.3559974453854162e-05,3.7264731272696281e-05,0,0,0.0085000000000000075
0.0036234574506924478,528.91147855910663,66921.764871736566,-0.011518754659192625,0.0058962188682722613,-0.00062495599814736355,0.04548333840775217,2.8939248167700964e-05,1.9492466114849886e-05,0.015000000000000013,0,0.0085000000000000075
0.0045069061816736698,529.25444774202572,66920.492656511051,-0.016182203920303402,0.0032020467836899962,0.0041429766807890133,0.050119175138399606,3.7760366683475939e-05,2.7694697071922275e-05,0.029999999999999999,0,0.0085000000000000075
0.0047787684341350648,529.38238880549386,66919.608922275904,-0.021168979967300137,-0.0011801362958096424,0.006732543705448994,0.066458677145152731,4.6034765756401533e-05,3.2423429938907295e-05,0.045000000000000012,0,0.0085000000000000075
0.0045916934780330871,529.4905190787955,66856.983236532149,-0.026134659584579088,-0.0023139154707252606,0.0088335721478622568,0.090328502683177075,5.4415197179365121e-05,3.3871387886967034e-05,0.059999999999999998,0,0.0085000000000000075
0.0045356489645602171,529.58786033077297,66855.457851014129,-0.031631191674773275,-0.0024386045149521903,0.0083580774722026695,0.11524339961743531,6.2556655908178955e-05,3.5873702098739898e-05,0.074999999999999983,0,0.0085000000000000075
0.0050858912412602535,529.65322620670054,66854.147768731069,-0.035034091666845929,-0.0023152567165602004,0.0055972841807481605,0.13952552668248941,7.1886294621869255e-05,4.3121128503757673e-05,0.089999999999999997,0,0.0085000000000000075
0.0061483061953356852,529.7089961708316,66854.194563741243,-0.034357365526353788,-0.0022916330719843243,0.00072664783178376271,0.16436563931537734,8.4713030134982576e-05,5.6588814541527172e-05,0.10500000000000001,0,0.0085000000000000075
0.0074592238692388511,529.75480359784774,66856.163039599618,-0.026450575309038635,-0.0019154029474212182,-0.0053426228483048665,0.14367956949350241,9.1325072204033006e-05,7.1283440648800504e-05,0.12000000000000002,0,0.0085000000000000075
0.0080610016087141138,529.73888727104588,66857.851200098681,-0.014418470812585597,-0.00083789224055611682,-0.0081956366165532174,0.10551331673893294,7.6268095873043969e-05,7.0398022480020394e-05,0.13499999999999998,0,0.0085000000000000075
0.0078195698722461297,508.55930065327487,67770.915983183804,-0.00046115616449460647,0.00025285175571332504,0.66531070294917416,0.035186051457944671,2.4073076820177584e-05,3.8366189321276733e-05,0,0,0
1.1502617986558343,525.12296148359792,67724.282470828679,-1.489258730454835e-05,-0.00015501916856896039,6.1259074232308277e-07,1.408284195574547e-07,6.4939433188569918e-09,9.2693854851479793e-05,0.015000000000000013,0,0
0.82087431721551407,529.31004124787853,67723.014457980767,-0.00010939399583595565,7.9855237029896267e-05,-2.2824156171107726e-08,6.6080649848667792e-08,3.0158609612894452e-09,4.5079835838283758e-05,0.13499999999999998,0,0
0.54602601974399301,528.71600180660982,67727.27605898006,0,0,0,7.2849706315340979e-09,3.3503921215042207e-10,9.994501971242499e-06,-0.14999999999999999,0,0
1.7147992271221761,528.86674224423257,67727.493260205621,0,0,0,7.435050447791685e-08,3.3803605690089693e-09,9.9699916059427704e-05,-0.13500000000000001,0,0
2.2329706814185486,528.89379372992164,67725.660984531714,0,0,0,1.2304054895539191e-07,5.6320368319112977e-09,0.00016757752196103421,-0.12,0,0
2.4994045085023684,528.87911887371115,67722.623881083884,0,0,0,1.5296086461734302e-07,7.0203436400279834e-09,0.00020941883264147804,-0.105,0,0
2.337005570777249,528.85579261948283,67720.926029480383,0,0,0,1.3439768533054916e-07,6.1595753593545828e-09,0.00018341511992711103,-0.089999999999999997,0,0
2.2512199023917812,528.83206880755097,67721.140109623739,0,0,0,1.2557031867402292e-07,5.7439977913191747e-09,0.00017061808049397857,-0.074999999999999997,0,0
2.1575771214965456,528.81672656478497,67722.342965757794,0,0,0,1.1555382723678456e-07,5.2828397960886354e-09,0.00015681949416927835,-0.059999999999999998,0,0
1.7799568859518495,528.76235960329313,67723.685098208371,0,0,0,7.9535463505138649e-08,3.6246403817406838e-09,0.00010716228002730126,-0.044999999999999998,0,0
1.3333359715187563,528.40976982770997,67724.581152933839,0,0,0,4.4408306275373258e-08,2.0255930642892229e-09,6.0008904230137874e-05,-0.029999999999999999,0,0
3.6489502832803438,526.01169043288428,67722.217023694728,0,0,0,2.9771523549249547e-07,1.5514854525949905e-08,0.00045450828071864018,-0.014999999999999986,0,0
1.0371780453558292,528.41094516077146,67723.877096671888,0,0,0,2.3867049863182981e-08,1.1260180514406612e-09,3.4803746090226742e-05,0.029999999999999999,0,0
1.0151271158796407,529.07375679252573,67722.933455446153,0,0,0,2.5328955185067908e-08,1.1610474708213026e-09,3.4589590228215095e-05,0.045000000000000012,0,0
1.2591304918798916,529.2409759230593,67722.240244046639,0,0,0,3.5363258703102343e-08,1.6669128014534104e-09,5.1407582616013035e-05,0.059999999999999998,0,0
1.6995706936334014,529.33244443764829,67721.148011157245,0,0,0,6.7527541385065e-08,3.140380214535982e-09,9.524240425906262e-05,0.074999999999999983,0,0
1.7015799347888638,529.38975599477033,67719.89764836528,0,0,0,6.8560291317673695e-08,3.175877285131651e-09,9.5892405279370782e-05,0.089999999999999997,0,0
1.8476383246840531,529.42957866710242,67719.72668604643,0,0,0,8.0890801665833051e-08,3.7446051044067605e-09,0.00011306286194885745,0.10500000000000001,0,0
1.9683058264565496,529.41888182661773,67721.637887939389,0,0,0,9.2255957820808257e-08,4.2652839440024244e-09,0.0001285483634420104,0.12000000000000002,0,0
0.44815502343909375,528.87326989061876,67723.438153737778,0,0,0,5.1449484153634133e-09,2.330807113414389e-10,6.8419742644026978e-06,0.14999999999999999,0,0
93.201266684577945,522.30496172200981,50916.539445957416,0,0,0,4.1013018241869931e-08,9.3523772476131728e-06,0.28502491390781087,-0.044999999999999998,0,0.17000000000000001
130.43360067548167,520.43404250518631,50952.053335645607,0,0,0,7.8800670161756068e-08,1.8049534649812029e-05,0.55414381217773179,-0.029999999999999999,0,0.17000000000000001
521.99650266032552,518.01529852029205,51267.991513204943,0,0,0,1.1673162874918817e-06,0.00026927722659753837,8.5657896672984233,-0.014999999999999986,0,0.17000000000000001
69.973525242791808,524.16010072909205,50911.709939351415,0,0,0,0.00011549287377408359,5.3457754914709561e-06,0.16178531985312611,0.059999999999999998,0,0.17000000000000001
55.381486070277319,524.87518750117033,50908.921202880258,0,0,0,7.2895371070363143e-05,3.368493101943047e-06,0.10164416120577578,0.074999999999999983,0,0.17000000000000001
41.387516687239163,525.70989471689336,50908.088068088437,0,0,0,4.0918978817911371e-05,1.889058258816114e-06,0.056884251093590181,0.089999999999999997,0,0.17000000000000001
10.541724470757048,531.73045558487729,50792.618588141544,0,0,0,2.8111471842565546e-06,1.2763048297690908e-07,0.0037660741556129148,-0.14999999999999999,0,0.17000000000000001
12.545229655261842,531.22531738407531,51043.653465413401,0,0,0,3.8914628895555531e-06,1.7801236346242712e-07,0.005293022000762467,0.14999999999999999,0,0.17000000000000001
14.911068548991695,531.02020641513241,51798.429382383867,0,0,0,5.5483307677216011e-06,2.5290412943910372e-07,0.0074987129133485394,-0.14999999999999999,0,0.1615
14.735006693617187,530.92204311802811,51796.569972537174,0,0,0,5.3939465610655815e-06,2.4622933122641133e-07,0.0073117314207312139,0.14999999999999999,0,0.1615
15.25037690361132,530.77966820273446,52544.257968016813,0,0,0,5.7563100920997831e-06,2.6298415339900537e-07,0.0078206953247372708,-0.14999999999999999,0,0.15300000000000002
14.537031336013605,530.84379161549907,52538.646297525003,0,0,0,5.2701384656511589e-06,2.403204885453242e-07,0.0071264152662482401,0.14999999999999999,0,0.15300000000000002
13.436016714826417,530.78324496457526,53519.043151656566,0,0,0,4.4478838054526906e-06,2.034857902286124e-07,0.0060609064255560553,-0.14999999999999999,0,0.14450000000000002
12.113765669060447,531.00980833654523,53513.697526064658,0,0,0,3.6802933581241445e-06,1.6755686916640655e-07,0.0049586138234320436,0.14999999999999999,0,0.14450000000000002
11.415407406998858,530.96217128062767,54248.868669976233,0,0,0,3.2074100425682136e-06,1.4678167025416334e-07,0.0043734818484763077,-0.14999999999999999,0,0.13600000000000001
9.9463708824396875,531.31751503642079,54245.890357697434,0,0,0,2.4936721320762555e-06,1.1336751301594866e-07,0.0033489522782843228,0.14999999999999999,0,0.13600000000000001
9.6895789067029661,531.33163751550774,55228.077885051949,0,0,0,2.3240902100035382e-06,1.0619607651762856e-07,0.0031576147319551831,-0.14999999999999999,0,0.1275
8.7038970073945894,531.72021231394967,54981.763096013805,0,0,0,1.916629946714853e-06,8.7037251886911706e-08,0.0025678303551623684,0.14999999999999999,0,0.1275
9.276975968021004,531.5938808048968,55965.394215849403,0,0,0,2.1415380245044691e-06,9.7700828512208493e-08,0.0028997166005698427,-0.14999999999999999,0,0.11900000000000001
8.2036299823506003,532.20152650669195,55966.145731620039,0,0,0,1.707805973299777e-06,7.7477844503595449e-08,0.0022834674672398236,0.14999999999999999,0,0.11900000000000001
9.1998086870980025,531.76550002966496,56703.959280638301,0,0,0,2.1143654687525872e-06,9.635488707814033e-08,0.0028557203051860639,-0.14999999999999999,0,0.11050000000000001
8.1403613123706258,532.43582216468417,56705.640326942324,0,0,0,1.6837630032039285e-06,7.635301779536193e-08,0.0022493486943913742,0.14999999999999999,0,0.11050000000000001
9.2321129123484038,531.72347326665795,57690.067136370038,0,0,0,2.1341878363695861e-06,9.7199829058030305e-08,0.0028782854216027392,-0.14999999999999999,0,0.10200000000000001
8.1246155767356836,532.46115209587765,57692.684287968295,0,0,0,1.6765656015984841e-06,7.6034136408358867e-08,0.0022403049059429559,0.14999999999999999,0,0.10200000000000001
9.2329663889924003,531.40729655242967,58430.606128181855,0,0,0,2.1328297098653426e-06,9.7174800627123869e-08,0.002878180879460544,-0.14999999999999999,0,0.0935
8.0714647756740199,532.14367120204565,58433.680936153636,0,0,0,1.6502249609304377e-06,7.4904259367780058e-08,0.0022090503410099379,0.14999999999999999,0,0.0935
9.1625974904756031,530.85798471657995,59172.053388582921,0,0,0,2.0939355540879949e-06,9.5501296436068103e-08,0.002831543527780919,-0.14999999999999999,0,0.085000000000000006
7.9185224576827347,531.39240464079614,59422.641476883313,0,0,0,1.5784818865753975e-06,7.1789088270435343e-08,0.0021216481923223688,0.14999999999999999,0,0.085000000000000006
8.9430553047202963,530.17694443523669,60162.20629036567,0,0,0,1.9884796974353699e-06,9.0793540922133004e-08,0.0026947184345260011,-0.14999999999999999,0,0.076499999999999999
7.7385509563993002,530.90542698059744,60165.088983697569,0,0,0,1.5008182636501013e-06,6.8354362210444231e-08,0.0020232183923294764,0.14999999999999999,0,0.076499999999999999
8.6665051790270731,529.8298100262258,60906.067521323312,0,0,0,1.8660135440812692e-06,8.5233369910781873e-08,0.0025301649237971435,-0.14999999999999999,0,0.068000000000000005
7.5039953042087681,530.55579631689898,60908.177038829192,0,0,0,1.4061204731472889e-06,6.4115560751348435e-08,0.0019000904539655237,0.14999999999999999,0,0.068000000000000005
8.2060172007347756,529.52690783177104,61899.431832542636,0,0,0,1.671731358364753e-06,7.6382184052342448e-08,0.0022679238027200881,-0.14999999999999999,0,0.059499999999999997
7.11500081161625,530.25654435416754,61899.921254020264,0,0,0,1.2590086054303678e-06,5.7479397702628129e-08,0.0017058115800437717,0.14999999999999999,0,0.059499999999999997
7.7579245480354118,529.37022743902764,62645.23230463895,0,0,0,1.4951852150309469e-06,6.8305482403840418e-08,0.0020275582168075815,-0.14999999999999999,0,0.051000000000000018
6.756384171674318,530.10652546481481,62644.31124026981,0,0,0,1.1318534071231044e-06,5.1724130817670268e-08,0.0015366003810036047,0.14999999999999999,0,0.051000000000000018
6.9163833262882983,529.21501737352435,63639.708192376682,0,0,0,1.1877291169778036e-06,5.4268399167740302e-08,0.0016112115279603601,-0.14999999999999999,0,0.04250000000000001
6.1683145636512675,529.95424694796793,63637.230793413939,0,0,0,9.3822574482292244e-07,4.2948272454926158e-08,0.0012783193501121491,0.14999999999999999,0,0.04250000000000001
6.0271200373835185,529.11793057131285,64384.880204172463,0,0,0,8.9953150618082424e-07,4.1134066309878088e-08,0.0012223924615716339,-0.14999999999999999,0,0.034000000000000002
5.5599018220984862,529.85326237203981,64381.748658948396,0,0,0,7.5874998098934769e-07,3.4793552892249521e-08,0.0010370901559518123,0.14999999999999999,0,0.034000000000000002
4.958629259775214,529.03013957030782,65129.030293430595,0,0,0,6.0707657335305161e-07,2.7795973027567677e-08,0.00082670883614678267,-0.14999999999999999,0,0.025499999999999995
4.7256932317337457,529.74122027184808,65125.664464619251,0,0,0,5.4481561705231568e-07,2.5030823660941752e-08,0.00074765819225666957,0.14999999999999999,0,0.025499999999999995
2.7542725599756279,528.90582399902439,66119.831367294362,0,0,0,1.8558627382466407e-07,8.52191008582825e-09,0.00025425844653676968,-0.14999999999999999,0,0.016999999999999987
2.6490627894187662,529.49646190074816,66116.342900611635,0,0,0,1.6513406565672187e-07,7.6787521658005576e-09,0.00023213337073293652,0.14999999999999999,0,0.016999999999999987
0.72707307005532729,528.78091079860053,66862.506151526395,0,0,0,1.3478093678638003e-08,6.1135254591987822e-10,1.7977277476336983e-05,-0.14999999999999999,0,0.0085000000000000075
0.62647418098363861,529.14861009842582,66858.981113834641,0,0,0,9.7062683336379288e-09,4.4383004639518512e-10,1.3198103412111099e-05,0.14999999999999999,0,0.0085000000000000075
0.023763735057442368,529.99060587429085,51031.134012201634,-0.01215641886689057,0.014851569197437173,-0.0084171889622004156,0.15815222027196679,0.00025738472537880215,0.00038124669431943502,-0.094901173264510308,0.09490117326451035,0.17000000000000001
0.092652688355468082,529.19356562517203,51034.890315566321,-0.030156138220725045,0.032253865510197002,-0.016221447556295079,0.18227538430260642,0.00072149244228029541,0.0024887078527671852,-0.083736329351038516,0.083736329351038544,0.17000000000000001
0.27229096709236278,525.75491014596207,51037.225891468908,-0.067277650009887766,0.067652680266308204,-0.010133063202611332,0.20870542200618591,0.0013972722993619941,0.010178265120938161,-0.07257148543756671,0.072571485437566738,0.17000000000000001
28.9210832239485,524.50146538597903,50901.411421491837,-0.0029927078118602742,0.0029959408804843251,6.0849525045375346e-06,7.9361293337526363e-05,3.6653217876832077e-06,0.055369500978249317,-0.061406641524094911,0.061406641524094932,0.17000000000000001
36.648387505643569,523.81139135119099,50904.192851579413,-0.0037105878120757578,0.0036964358913218367,7.1272043698448131e-06,0.00012628367475432081,5.8425285282711231e-06,0.088584000974845215,-0.050241797610623112,0.050241797610623126,0.17000000000000001
43.863003229955133,522.63887014455304,50912.825841145022,-0.0051413891026767227,0.0050404750610786152,1.6033916410936303e-05,3.6431197297963801e-08,8.2878099824086278e-06,0.12627525565628619,-0.039076953697151307,0.03907695369715132,0.17000000000000001
57.663131681930615,521.16142702797777,50935.577957143483,-0.0078075856643371466,0.0072766361384456581,3.8374878680566217e-05,6.1934325709376546e-08,1.4144591230826889e-05,0.21686697704387969,-0.027912109783679515,0.027912109783679515,0.17000000000000001
88.842882356919091,518.97635701900708,51117.743566146433,-0.01242728505108053,0.011091395837903809,0.00019536389361117092,1.431339053489733e-07,3.2883415594635566e-05,0.50946118415170016,-0.016747265870207709,0.016747265870207709,0.17000000000000001
295.85402874085992,517.17064092969599,51516.503449986572,0.012547182850869089,-0.020772478793099802,0.0024113496464467782,1.4789129229653533e-06,0.00034215537260233789,5.4725428335379398,0.005582421956735889,-0.0055824219567359029,0.17000000000000001
68.084929212724674,519.41050946615178,50994.442417732273,0.0080387157631139853,-0.01061435300619018,6.0411177787336016e-05,8.6429943062704557e-08,1.9829506798674285e-05,0.30318446639840319,0.016747265870207709,-0.016747265870207709,0.17000000000000001
45.475862884441327,521.12973682919062,50921.019137746451,0.0047668666356670553,-0.0058345516930036331,1.3660332729491677e-05,3.9325146083855094e-08,8.9804999115471105e-06,0.13627971128449776,0.027912109783679501,-0.027912109783679515,0.17000000000000001
37.139413927296481,522.39680186385954,50912.857981677174,0.0033887626789160948,-0.0039836798725106865,7.5812862590292607e-06,0.0001295577546472607,6.0153584071331854e-06,0.091088971923426326,0.039076953697151307,-0.03907695369715132,0.17000000000000001
0.11740393705712367,525.91829412410516,51037.870153962023,0.054382825284858688,-0.061258608950572779,-0.0070762352603043642,0.16562879830552404,0.00079293808250870124,0.0033059958117023819,0.072571485437566696,-0.072571485437566738,0.17000000000000001
0.059831239953127752,529.10967611765921,51033.605703113652,0.031615322642346094,-0.033433972332087343,-0.013879894305550139,0.19937981093233056,0.00059260694032672314,0.0014565029548858105,0.083736329351038502,-0.083736329351038544,0.17000000000000001
0.02465984205911791,529.97636630896409,51031.534034918979,0.021086207700471937,-0.017771472449946944,-0.0045479125098492465,0.18383751742994411,0.00029591251773552444,0.00042420126499619526,0.094901173264510308,-0.09490117326451035,0.17000000000000001
0.067629332144695714,527.52463624684299,51776.902350521377,-0.046160060376546033,0.046944641262830079,-0.024506668739581398,0.30022218254823607,0.00067283409972104487,0.0017542403474529841,-0.094901173264510308,0.09490117326451035,0.16105263157894739
0.092590595258820185,525.81855025911761,51770.725598191202,-0.066231466576313111,0.067089992022551254,-0.030204059750745856,0.56114449960606472,0.0008715669456873579,0.00273348850400607,-0.083736329351038516,0.083736329351038544,0.16105263157894739
0.11080880883617182,525.64093095356486,51767.016681832945,-0.06561677210499367,0.067564215558093957,-0.010783868719271686,0.56745993724929633,0.0012531858320303662,0.0039226722622039256,-0.07257148543756671,0.072571485437566738,0.16105263157894739
0.152038126934426,525.72916344735791,51764.269540514593,-0.064689536164111355,0.067343212146613887,0.0052718707671746854,0.59871267055360455,0.0019124924625636489,0.0066489394302777557,-0.061406641524094911,0.061406641524094932,0.16105263157894739
0.19880940174913297,525.61873111567002,51767.309102749328,-0.062509384900217457,0.066140660735782092,0.0089352506777534129,0.6457554891009355,0.0025814204344053334,0.010101044636103453,-0.050241797610623112,0.050241797610623126,0.16105263157894739
0.26251989905922019,525.49425311124992,51772.182781069998,-0.057181679767914904,0.062981605157824222,0.014152290526990883,0.64908286919922153,0.0034088825024379044,0.015327391294662667,-0.039076953697151307,0.03907695369715132,0.16105263157894739
0.21127404986764015,525.5273177340614,51837.499792030765,-0.050630253431327474,0.055443773144451793,0.028979301351286572,0.56342175968319108,0.0029240890512021488,0.011424611869169104,-0.027912109783679515,0.027912109783679515,0.16105263157894739
0.32889103191058566,522.90309228513649,51911.076835645734,-0.07148085877541388,0.066463595778655377,0.10025657253960508,1.0919226094755514,0.0053264565631406281,0.024003315100634637,-0.016747265870207709,0.016747265870207709,0.16105263157894739
0.72847829030963029,516.66818157368743,52223.695438063856,-0.050060206042541959,0.037547039836497487,0.28778647003835173,1.7333856398282683,0.0119259475324873,0.079554190487350712,-0.0055824219567359029,0.0055824219567359029,0.16105263157894739
0.66157832656210802,518.74929341486791,52082.801589569288,0.041082924076453295,-0.056473951777844748,0.20504268050253624,1.7324012917680083,0.011818712104542837,0.071922760192233315,0.005582421956735889,-0.0055824219567359029,0.16105263157894739
0.31309604603303398,523.34921424492177,51865.21999635196,0.054245371272475723,-0.064007883147430222,0.052465781323163825,1.2744174777734536,0.0051732708734954008,0.022519575126786262,0.016747265870207709,-0.016747265870207709,0.16105263157894739
0.23482044822332931,524.81627945872697,51840.360822902381,0.047071421917303242,-0.054360116207052576,0.016613729344265041,0.73889348244184005,0.0032571937906831156,0.013401632724431361,0.027912109783679501,-0.027912109783679515,0.16105263157894739
0.20448986065535416,525.08654387397166,51775.974072953315,0.052668952965945641,-0.062145011155941676,0.009732620548290034,0.69060426802356223,0.002660556957336985,0.010547707052259391,0.039076953697151307,-0.03907695369715132,0.16105263157894739
0.13468612741527328,525.73179495084196,51772.040317206498,0.053330427242748515,-0.062453183632676976,0.0070658735548890968,0.5651524189614977,0.0016766820212064384,0.0055150343241141264,0.050241797610623085,-0.050241797610623126,0.16105263157894739
0.096759875771210119,526.10359454632271,51769.718810143961,0.053033289045917878,-0.061486409461732013,0.0047075861003611722,0.47918706283724732,0.0011605270673757649,0.003296271224142693,0.061406641524094918,-0.061406641524094932,0.16105263157894739
0.0671387685881744,526.17212217344411,51771.093156904193,0.05236864254788464,-0.059923473373400461,-0.0068289958664361355,0.40669238282663517,0.00072945071488732412,0.0018133070438570899,0.072571485437566696,-0.072571485437566738,0.16105263157894739
0.053622389485290738,526.21741762786564,51772.247826314204,0.054611167618605599,-0.060995501062874803,-0.021303639777716033,0.42326006364875435,0.00053134957553300046,0.0012360508335286288,0.083736329351038502,-0.083736329351038544,0.16105263157894739
0.042993544791700748,527.40628330934931,51777.915351349475,0.042790388314015097,-0.046397328370158357,-0.017126588604414447,0.30145157296819064,0.00046364802722135998,0.00092575797507629166,0.094901173264510308,-0.09490117326451035,0.16105263157894739
0.050791379821081485,526.24971044573294,52765.069489075409,-0.043447786552857186,0.044845638533576634,-0.041102026991611064,0.38999325100744597,0.00056327263896245616,0.0012054503826193698,-0.094901173264510308,0.09490117326451035,0.15210526315789474
0.040315552675923898,526.93160631926207,52751.5178301829,-0.033002162454366823,0.039932892276441409,-0.017077992123692147,0.23097627130133722,0.00046090571304166809,0.00086552310041129548,-0.083736329351038516,0.083736329351038544,0.15210526315789474
0.013425168152737659,527.71005678547237,52749.708986921723,-0.021138623554981747,0.030788683766301828,0.0012194906068258282,0.14682530339473571,0.00014203089499994101,0.00015999674444999016,-0.07257148543756671,0.072571485437566738,0.15210526315789474
0.0071273741936107469,527.84708801179875,52751.092273851995,-0.020439234590808895,0.026704821594433586,0.013348834236199886,0.21376705254425762,0.00011326079327767518,7.585240580002915e-05,-0.061406641524094911,0.061406641524094932,0.15210526315789474
0.0059177711772952077,527.8686861100432,52754.446756341604,-0.016590817878293154,0.022156270223058386,0.020172781986203273,0.28694290870925548,0.00012603687513703353,6.6436536235253642e-05,-0.050241797610623112,0.050241797610623126,0.15210526315789474
0.0045304820968130382,527.91749755024648,52758.623785718577,-0.0069382343441368255,0.018192694878137999,0.025834253880615717,0.36005530502192296,0.00012171544415393562,4.998241805469657e-05,-0.039076953697151307,0.03907695369715132,0.15210526315789474
0.008400089112972629,527.96957970540086,52700.101669743592,0.0016461168270706619,0.01955830015778065,0.025425133727410398,0.27514275225010709,0.00014460562335159762,0.00010101281737293496,-0.027912109783679515,0.027912109783679515,0.15210526315789474
0.25021450311427573,525.01635801534371,52718.421807111561,-0.012505679546769932,0.033613251696153673,0.11369722637823904,0.99760357604512739,0.0038303941237823754,0.015485820117550593,-0.016747265870207709,0.016747265870207709,0.15210526315789474
0.78289856320628304,516.78102361717276,52816.764643718059,-0.01950762262701073,0.021953345614395957,0.37159222886738913,1.4945025193290693,0.010843747545656222,0.081525823645587914,-0.0055824219567359029,0.0055824219567359029,0.15210526315789474
0.67097799842326922,519.29546160012239,52784.189384648074,0.01392631065852142,-0.0073449423762532769,0.27779401528702313,1.6544856742296421,0.010695454943612086,0.069391761320787532,0.005582421956735889,-0.0055824219567359029,0.15210526315789474
0.14987260551360301,526.09146672893598,52712.706464850911,0.01790351343033577,-0.010815237183846088,0.068251217859730873,1.0754109388938358,0.0024669397448217694,0.007443917109882534,0.016747265870207709,-0.016747265870207709,0.15210526315789474
0.023408437840677639,528.5771052834483,52704.009998311012,0.01033253473408184,-0.013650413285314647,0.023718559494923221,0.34817785540181989,0.00031006672812427985,0.00041219243354346374,0.027912109783679501,-0.027912109783679515,0.15210526315789474
0.007724589170281999,529.19407474725188,52763.711498733217,0.010499633837426674,-0.018920300354666957,0.021111707969676773,0.22356309943913949,0.00011133179645662976,8.1505140305811253e-05,0.039076953697151307,-0.03907695369715132,0.15210526315789474
0.0057689679711799141,529.25626986314353,52759.78169357896,0.016365785892534412,-0.025712338742525938,0.01703809375022378,0.21268113074958211,9.7153815443390922e-05,5.686277606087506e-05,0.050241797610623085,-0.050241797610623126,0.15210526315789474
0.0056399573210552598,529.2087144091463,52756.932183564561,0.020166114474990619,-0.030412937466955309,0.012244337777875213,0.21730793348731628,8.9854975038151209e-05,5.3462206803406862e-05,0.061406641524094918,-0.061406641524094932,0.15210526315789474
0.0075630349105650259,529.00373317876631,52755.730356947191,0.022016905015927617,-0.031990506475139367,0.0020133101913607158,0.16257988306770338,9.5243923436337429e-05,7.3809921544665458e-05,0.072571485437566696,-0.072571485437566738,0.15210526315789474
0.017475753912285383,528.28937926451545,52756.920060054181,0.026013014894851513,-0.034314274736445549,-0.009792733817905068,0.15948694984946016,0.00019393564580097596,0.00024336871042158692,0.083736329351038502,-0.083736329351038544,0.15210526315789474
0.029165878362210323,527.06025659814213,52765.340228958506,0.032546660698652898,-0.038531978149854644,-0.028128053040025944,0.26051194994773791,0.00032578331439129615,0.00052642860379058839,0.094901173264510308,-0.09490117326451035,0.15210526315789474
0.033879433722946495,526.64519616277221,53499.357981954046,-0.023560881902505576,0.028338687738696227,-0.04179390229031478,0.22943381209435545,0.00039049049884504319,0.00066948581306691712,-0.094901173264510308,0.09490117326451035,0.14315789473684212
0.0060031634342465777,527.88229893112839,53490.968322812143,-0.011068619805705171,0.027127435077546651,-0.009532605628775212,0.10836365852199582,7.5266811543154408e-05,5.2081313233092924e-05,-0.083736329351038516,0.083736329351038544,0.14315789473684212
0.0025436283783375436,528.03176267145648,53489.529929745469,-0.01400528511280328,0.027984492562281745,0.0018686471566695716,0.15085770677396554,5.8021711564121169e-05,1.9375322030223465e-05,-0.07257148543756671,0.072571485437566738,0.14315789473684212
0.0028394637454025821,527.94061232206741,53490.922121120944,-0.016200192498873146,0.024106552411742508,0.015919308295267779,0.22042311828444883,7.3313742153000223e-05,2.4312466587129891e-05,-0.061406641524094911,0.061406641524094932,0.14315789473684212
0.0032074338707513265,527.88852373638531,53494.107154902027,-0.014118899335027512,0.018609299587299559,0.024836471446521249,0.29503182221415697,9.6482886241881275e-05,3.1505244505552853e-05,-0.050241797610623112,0.050241797610623126,0.14315789473684212
0.003381882171597541,527.90035268226688,53498.427888669627,-0.0055997086041154462,0.014420116089767638,0.031414680993234946,0.3530815360262573,0.00011094135735467066,3.5620926379329625e-05,-0.039076953697151307,0.03907695369715132,0.14315789473684212
0.0036275852576954171,527.98625577698976,53562.858680965626,0.0059047223975030195,0.01578782649745818,0.032446406382178557,0.28107293865462257,0.00010903570313143962,3.7879304168500352e-05,-0.027912109783679515,0.027912109783679515,0.14315789473684212
0.22244507597315996,525.96643816434903,53567.262198760167,0.0058635081285422254,0.027216981368144738,0.10473827937083413,0.73938366722571491,0.0032274059057415473,0.012637163119539311,-0.016747265870207709,0.016747265870207709,0.14315789473684212
0.84812505928421467,516.64240108459046,53597.092407857243,-0.012402703835687768,0.019322784693788973,0.39806691139965694,1.2779768652708123,0.0110209639459872,0.089036829358708769,-0.0055824219567359029,0.0055824219567359029,0.14315789473684212
0.72116459441407954,519.13636131349244,53596.453413685827,0.0085358115147015877,-0.00070342492218788358,0.31252392902326415,1.4014853143077963,0.010419764180174179,0.073614495813748418,0.005582421956735889,-0.0055824219567359029,0.14315789473684212
0.13378495009215319,527.48446398177464,53570.602847314993,0.0098090461170219322,-0.003436462699149398,0.077126969528878306,0.6491086539247598,0.0017657742762189422,0.0056217930443089236,0.016747265870207709,-0.016747265870207709,0.14315789473684212
0.0029078046593299925,529.37201604023755,53566.932067866459,0.00025138366536658164,-0.0097176362984284798,0.030835928842162096,0.18849386695862491,6.5874008465667904e-05,2.3600558130903579e-05,0.027912109783679501,-0.027912109783679515,0.14315789473684212
0.002652151447784106,529.36536304493268,53503.425370671226,0.0064207777478682932,-0.014502829114904012,0.027111941026505805,0.20862618155697227,6.944496845557315e-05,2.2101345450122667e-05,0.039076953697151307,-0.03907695369715132,0.14315789473684212
0.0026002125847012247,529.36286957897823,53499.5370788976,0.012697182852176104,-0.024488967405560162,0.023060531293316085,0.2205561932241592,6.9135304838296771e-05,2.1620154689398199e-05,0.050241797610623085,-0.050241797610623126,0.14315789473684212
0.0023310659966185089,529.32259896268806,53496.685413132313,0.016004794111724546,-0.029294611678055551,0.016220745706306449,0.24947177146426949,6.0672464920138152e-05,1.8157263199717005e-05,0.061406641524094918,-0.061406641524094932,0.14315789473684212
0.0021344433807150148,529.27454217378147,53495.363411035542,0.016657170452164569,-0.030089885171243731,0.0036766645096501017,0.15599847173708054,5.3023778889096717e-05,1.5542467819739755e-05,0.072571485437566696,-0.072571485437566738,0.14315789473684212
0.0028032072480524725,529.1597042028335,53496.772032466863,0.014792374280155764,-0.026549784227135401,-0.0075976207834545541,0.13151346374814415,5.4411909303744176e-05,2.0677698097008154e-05,0.083736329351038502,-0.083736329351038544,0.14315789473684212
0.014428902732678413,528.04551230153265,53501.950901793993,0.014780722049970831,-0.022467658606892028,-0.026757144294254503,0.13575784739485669,0.00016075246407240893,0.00018294145342106241,0.094901173264510308,-0.09490117326451035,0.14315789473684212
0.017517792190103739,527.26695920929717,54481.614030184493,-0.0038558259054428863,0.015790056034199251,-0.038408796853013065,0.12564130241395474,0.0001843153787962106,0.00023782645185647496,-0.094901173264510308,0.09490117326451035,0.1342105263157895
0.0020837496901092035,528.21856370575108,54477.625757018897,-0.002969933433927212,0.024302600558875002,-0.01287204641880299,0.12773301623480948,4.9022209235283158e-05,1.4589553062507232e-05,-0.083736329351038516,0.083736329351038544,0.1342105263157895
0.0021593852263131386,528.27783323446386,54475.924179231974,-0.008046409201929363,0.026451003034225658,0.001879601364961635,0.13658759893264502,4.8956932390130067e-05,1.5109052298155112e-05,-0.07257148543756671,0.072571485437566738,0.1342105263157895
0.0026599460689154301,528.07155282066117,54477.242637581476,-0.011446668617159008,0.021799679922949382,0.019506788826626254,0.16237756334803655,5.9014147929499597e-05,2.0433882972004088e-05,-0.061406641524094911,0.061406641524094932,0.1342105263157895
0.0030977881610577715,527.89419571559233,54480.380529695249,-0.01098392731691848,0.01463071692253572,0.029964730846975287,0.21352515775717948,7.7645343666333353e-05,2.7296654570197349e-05,-0.050241797610623112,0.050241797610623126,0.1342105263157895
0.0034382576278476195,527.87379440350071,54484.691394736758,-0.0039866079274391971,0.0086876859636585979,0.038240877696187475,0.30791146077262893,0.00010084747407429198,3.4527960614708015e-05,-0.039076953697151307,0.03907695369715132,0.1342105263157895
0.0033725711355261489,527.94419025339403,54425.597060273882,0.0076321974909116597,0.012507388186671379,0.039653985158935028,0.26275831117227177,0.00010098893298483192,3.3892063431422265e-05,-0.027912109783679515,0.027912109783679515,0.1342105263157895
0.18926703981235232,526.60979718427336,54426.921200073251,0.012485968046498503,0.024507979102728405,0.0919068580816471,0.53790168263729021,0.0024446005107071761,0.0093579116104063643,-0.016747265870207709,0.016747265870207709,0.1342105263157895
0.91443665140725716,516.45429014161709,54439.159920374586,-0.010799611214594027,0.019001149372835029,0.40894109686226343,1.1565627054170147,0.011142892947015514,0.09652784346700477,-0.0055824219567359029,0.0055824219567359029,0.1342105263157895
0.78046046370234923,518.92593206461834,54441.729486453944,0.0063502887456607484,-0.0034869190718588368,0.32997283107983039,1.2615239281784036,0.010343258117925021,0.079374241640977977,0.005582421956735889,-0.0055824219567359029,0.1342105263157895
0.070076942324466429,528.81870993074665,54429.934562848248,-0.0079540793897307453,-0.0044827130146955167,0.057687436292913195,0.12337489211243589,0.00053674139429041681,0.0016235201716853314,0.016747265870207709,-0.016747265870207709,0.1342105263157895
0.0025576044533471886,529.3738412416327,54429.640266807393,-0.0028771915022707197,-0.0059947893854227384,0.037889096923091302,0.18685755894322723,5.755250577387266e-05,1.9402848738900035e-05,0.027912109783679501,-0.027912109783679515,0.1342105263157895
0.002817640180595249,529.37607106208361,54489.472323146889,0.0029502422033720567,-0.012438870519526428,0.035458867805374265,0.17479073801915998,6.7122056956775029e-05,2.3084377108113401e-05,0.039076953697151307,-0.03907695369715132,0.1342105263157895
0.00250591781718623,529.33564317760704,54485.593062304099,0.0084281309071721922,-0.023567047616351196,0.029877218163576018,0.17862726790611946,5.806273811068811e-05,1.9094820500040686e-05,0.050241797610623085,-0.050241797610623126,0.1342105263157895
0.002237838350962384,529.26721946589407,54482.720930821721,0.010630447561823386,-0.028194292112763635,0.020637842231468185,0.2093571919652201,5.416629781696189e-05,1.6469988234247006e-05,0.061406641524094918,-0.061406641524094932,0.1342105263157895
0.0020202211185962118,529.22114452824007,54481.400141297556,0.01043584319705947,-0.028225029903159643,0.0045090375704298002,0.15412650169591,5.2279734824099666e-05,1.4607153556376188e-05,0.072571485437566696,-0.072571485437566738,0.1342105263157895
0.0019015403871627428,529.23075387549238,54482.941944649865,0.0079249016970487415,-0.023638391966537883,-0.010582995795340328,0.14690637767145942,5.0439040078949385e-05,1.3504824983529995e-05,0.083736329351038502,-0.083736329351038544,0.1342105263157895
0.0050938809976592654,528.78065181029604,54486.383711567323,0.0036454336695672502,-0.014234616558041358,-0.028437360528267851,0.095620433823246712,6.9162928328923376e-05,4.2362880362639903e-05,0.094901173264510308,-0.09490117326451035,0.1342105263157895
0.012507177944523724,527.50621961006823,55220.433455409882,0.0027663777204510473,0.013333689296991977,-0.039830784028212579,0.10001290418632285,0.00013454723579588789,0.00014507638277896464,-0.094901173264510308,0.09490117326451035,0.12526315789473685
0.0019827860926725366,528.37364436985843,55217.423007790654,0.0012403841383808465,0.022486133323723814,-0.016065968595813804,0.1264145946630201,4.9374028902961647e-05,1.3932374751762947e-05,-0.083736329351038516,0.083736329351038544,0.12526315789473685
0.0020754541830039818,528.47508164618,55215.682471686283,-0.0037119944391673381,0.024437214777831652,0.0018823762036785452,0.13668631539285697,4.9261652308931691e-05,1.4566916735402079e-05,-0.07257148543756671,0.072571485437566738,0.12526315789473685
0.0025720177383095569,528.21432848307586,55217.002914719982,-0.0078143310160306463,0.019589282037014284,0.022204933095886569,0.14225283402983468,5.4882451262060733e-05,1.9054199570791114e-05,-0.061406641524094911,0.061406641524094932,0.12526315789473685
0.0031042085457234588,527.9213133593347,55220.178616098339,-0.0085006647771786077,0.011933706323703901,0.033423402914351794,0.18635811995327911,7.1299062414751599e-05,2.6211555808510944e-05,-0.050241797610623112,0.050241797610623126,0.12526315789473685
0.0034684356126634367,527.85911647445289,55224.453074716941,-0.0028613322560833649,0.0047434578233281977,0.042401452494572334,0.28490959874170718,9.5368367503334065e-05,3.3871607723661543e-05,-0.039076953697151307,0.03907695369715132,0.12526315789473685
0.0034066273183315935,527.92094900045049,55288.520433855527,0.0086373231477426243,0.0090760669447917351,0.045739967846972956,0.24243690223473327,9.7489009795371763e-05,3.3635853666216355e-05,-0.027912109783679515,0.027912109783679515,0.12526315789473685
0.14091417354591004,527.21118578341827,55289.355035415239,0.016292655570390738,0.021664377952772582,0.076316459094407582,0.33723874379015162,0.001503310180376224,0.0054636010161009142,-0.016747265870207709,0.016747265870207709,0.12526315789473685
0.98795608302969307,516.2848584462597,55297.434531893909,-0.010084692217599609,0.019309272258618816,0.41435306897361418,1.0558915320917424,0.011272725994275897,0.1048943545587081,-0.0055824219567359029,0.0055824219567359029,0.12526315789473685
0.8470247765690202,518.7554956641012,55298.347017463144,0.0041609634575134995,-0.0068212961834788251,0.33683685396407859,1.1563990216262541,0.010507208762554357,0.086824000950090435,0.005582421956735889,-0.0055824219567359029,0.12526315789473685
0.013743811378005193,529.2701762642123,55292.743199910117,-0.013179747202614384,-0.0034216540189426765,0.049471797619614566,0.095993195986924407,0.00010510678167396925,0.00014090375125187381,0.016747265870207709,-0.016747265870207709,0.12526315789473685
0.0026551800302593515,529.37889203507325,55292.499586991842,-0.0048350238451838829,-0.0034890357822795789,0.043631415059096845,0.18690028382776563,5.6791800899638268e-05,2.0009525654190071e-05,0.027912109783679501,-0.027912109783679515,0.12526315789473685
0.0028670758838204575,529.37702734750599,55228.967543599254,0.00084458728314902684,-0.011568322759340789,0.040986829212406116,0.16374690376705081,6.4499635473625063e-05,2.3025963813034513e-05,0.039076953697151307,-0.03907695369715132,0.12526315789473685
0.0024795816358688864,529.30355836797514,55225.068134510904,0.005041516966138305,-0.022554560129688633,0.034100192146722233,0.16607673442969662,5.498608079553637e-05,1.8386742509144474e-05,0.050241797610623085,-0.050241797610623126,0.12526315789473685
0.002237108948877868,529.21540742854108,55222.231320235864,0.0063633816732701085,-0.026433946280202264,0.023142150068537114,0.19801572320177371,5.5798545765037814e-05,1.6710851322304218e-05,0.061406641524094918,-0.061406641524094932,0.12526315789473685
0.0020803252673493085,529.16957415220736,55221.004225034769,0.0058033916917135673,-0.025583775693551206,0.0046004724986192791,0.19214336452289194,5.850666480421891e-05,1.591233505426736e-05,0.072571485437566696,-0.072571485437566738,0.12526315789473685
0.0019489927532205227,529.19996757390879,55222.440079284483,0.0035326456066678349,-0.021412806663940985,-0.013002359520079417,0.1529414885175937,5.5335729432930369e-05,1.4498165195701335e-05,0.083736329351038502,-0.083736329351038544,0.12526315789473685
0.0035334090308447334,528.93879880583086,55225.2622814758,0.00022406660945175732,-0.012477462673106702,-0.032785276615494137,0.10237116976606234,6.3113683459912882e-05,2.8070857424486474e-05,0.094901173264510308,-0.09490117326451035,0.12526315789473685
0.010822259075837585,527.63971756724072,56206.484868474327,0.006828689652836074,0.011751445461322535,-0.04463316560407872,0.10088185430202767,0.00012932315683382838,0.00012307109794676944,-0.094901173264510308,0.09490117326451035,0.11631578947368422
0.0019992426027313458,528.53243445719875,56203.979252902813,0.0060504783988198597,0.019599826554368188,-0.019581100364299355,0.12755686164890606,5.3228643335279376e-05,1.4586066740538954e-05,-0.083736329351038516,0.083736329351038544,0.11631578947368422
0.0021232487531701971,528.67281991483128,56202.33536183089,0.0018225254283640577,0.020514693772912814,0.0019028556781916382,0.13979803860287435,5.5963633829340751e-05,1.5883778818787385e-05,-0.07257148543756671,0.072571485437566738,0.11631578947368422
0.0025048072360022888,528.39823787707746,56203.699874508573,-0.0027508531406140063,0.015737650742067007,0.025146950773160485,0.13440153761151483,5.4666958462078484e-05,1.8519820154886025e-05,-0.061406641524094911,0.061406641524094932,0.11631578947368422
0.0031737154473228109,527.96941149280235,56206.945808778153,-0.0049648374237317933,0.008082963259555832,0.037344174207534428,0.17099840087575757,6.8329279634883814e-05,2.6234416355575437e-05,-0.050241797610623112,0.050241797610623126,0.11631578947368422
0.0035246235385160522,527.84334390170909,56211.199425544044,-0.0012439590764111589,0.00016561171785134312,0.046577092207083691,0.26857908845739831,9.1213629442878904e-05,3.3662208504854154e-05,-0.039076953697151307,0.03907695369715132,0.11631578947368422
0.0034985240784425708,527.9095599856679,56151.857145406466,0.0094603060087332137,0.0055640398580663651,0.050351164480217016,0.22937885208161912,9.7073569843458184e-05,3.4469530475788532e-05,-0.027912109783679515,0.027912109783679515,0.11631578947368422
0.079876671686837597,527.7362520353031,56152.84278359871,0.01885940828901346,0.018565990316237617,0.062398470234299785,0.19265192727935487,0.00065182150384456971,0.0020393149465639396,-0.016747265870207709,0.016747265870207709,0.11631578947368422
1.0684872669481507,516.14356225179949,56159.840739954991,-0.0089387484127910703,0.019832270607891975,0.41662931658528118,0.9744313918048918,0.011437427538935367,0.11427034245379533,-0.0055824219567359029,0.0055824219567359029,0.11631578947368422
0.91849770556894605,518.60932479911617,56159.818308613292,0.0020722751093926461,-0.0084738426828740703,0.33809989501779841,1.0720148083135643,0.010762247840222046,0.09528610403183313,0.005582421956735889,-0.0055824219567359029,0.11631578947368422
0.0058366130529648817,529.37043990449877,56156.164015065478,-0.013576256275531271,-0.0017997147845021932,0.052310151313248295,0.14976825171292896,7.0925488495223902e-05,4.9154362718295467e-05,0.016747265870207709,-0.016747265870207709,0.11631578947368422
0.0027955383487468961,529.38537072784538,56155.674980011056,-0.0063865711835566141,-0.0015229888102027797,0.048216850682668323,0.19094447745499335,5.8592967927927212e-05,2.1398740036480074e-05,0.027912109783679501,-0.027912109783679515,0.11631578947368422
0.0029343734621032837,529.37235680529727,56215.24148253123,-0.0019452839956175152,-0.010164670339672558,0.046783545699733711,0.15772365743390082,6.2080244299591165e-05,2.3120227064162292e-05,0.039076953697151307,-0.03907695369715132,0.11631578947368422
0.002472198265222774,529.25559568699214,56211.327962235904,0.00038272831941448622,-0.020425572784799201,0.038353318490911524,0.16074988961782086,5.4893655533126003e-05,1.8316579433104164e-05,0.050241797610623085,-0.050241797610623126,0.11631578947368422
0.0023232266114850456,529.15101773796789,56208.660108651842,0.00088615663321163225,-0.022912462308967502,0.025224257901859951,0.18541389312439041,6.278194010549102e-05,1.8408098936024982e-05,0.061406641524094918,-0.061406641524094932,0.11631578947368422
0.0022253921611143116,529.11771160051183,56207.591245582706,0.00045551428024152217,-0.021329533978326133,0.004257325425386641,0.18882637476222541,6.9497958225388945e-05,1.8552078648851559e-05,0.072571485437566696,-0.072571485437566738,0.11631578947368422
0.0020869829014658566,529.16326224029262,56208.797713735243,-0.0013662863310450546,-0.018202281060066855,-0.015560795461208832,0.15603483389047235,6.3712462354292238e-05,1.6658315606626844e-05,0.083736329351038502,-0.083736329351038544,0.11631578947368422
0.0031926052842519092,528.9854363407859,56211.011003264211,-0.0028332690671594848,-0.011020192664286638,-0.037906818866343638,0.11363550558183504,6.6647547570157579e-05,2.6063774815676873e-05,0.094901173264510308,-0.09490117326451035,0.11631578947368422
0.011626552443414834,527.67049922426054,57193.543813916993,0.0087618734390277012,0.00958135428621802,-0.049743534049817587,0.1155856185667103,0.0001527141582670543,0.00014367810993568062,-0.094901173264510308,0.09490117326451035,0.10736842105263159
0.0021038350825346905,528.62573101926864,57191.251369769168,0.01013865377919059,0.016151407205007014,-0.021818482759455891,0.12916308961043146,5.8921975947769303e-05,1.6149175125601962e-05,-0.083736329351038516,0.083736329351038544,0.10736842105263159
0.0023004179379442877,528.78142234480345,57189.75566919765,0.0067777037476535488,0.015766067829966274,0.0019644906125700313,0.14307440865629872,6.5470522219535744e-05,1.8613568760674872e-05,-0.07257148543756671,0.072571485437566738,0.10736842105263159
0.0025506097515793501,528.51840391207827,57191.162374229047,0.002237705066992396,0.011089428147701967,0.027045317282947751,0.13902273335716409,5.8284736499568885e-05,1.9472487533189295e-05,-0.061406641524094911,0.061406641524094932,0.10736842105263159
0.0033277397012393853,528.00352776575323,57194.42011332573,-0.0012310552178334498,0.0038163638472301182,0.040076853351267878,0.16681758134388511,6.9326676502769229e-05,2.7707640136099833e-05,-0.050241797610623112,0.050241797610623126,0.10736842105263159
0.0036500246048228094,527.83135512132469,57198.682521048744,0.00071309950909904734,-0.0037625361571403714,0.049215121801252974,0.27206648364678188,9.0859282953310568e-05,3.4792084112759856e-05,-0.039076953697151307,0.03907695369715132,0.10736842105263159
0.0036019353908415029,527.90581008031234,57139.235236387263,0.010442224905882204,0.0016454496056741452,0.053748884039806218,0.22885369541913819,9.8500382637735606e-05,3.5748257474434064e-05,-0.027912109783679515,0.027912109783679515,0.10736842105263159
0.028346542200726556,528.09558804678511,57140.5783697402,0.020426935699802511,0.016120788130364685,0.055895488093433206,0.13463239088553347,0.00021135925968117708,0.00041210770025270575,-0.016747265870207709,0.016747265870207709,0.10736842105263159
1.1706648271952045,515.96729662910002,57146.592278251337,-0.0074287919080167951,0.020636535274540936,0.41779262595077471,0.88798176016353692,0.011600564570359372,0.12608752878633586,-0.0055824219567359029,0.0055824219567359029,0.10736842105263159
1.0072266970437755,518.43780422316854,57146.792888567245,0.00047411814085287119,-0.0085694309877192877,0.33722540876569662,0.98513791928916172,0.011032832509677909,0.10579636372379139,0.005582421956735889,-0.0055824219567359029,0.10736842105263159
0.0038408369082655954,529.42252202755833,57143.578017294349,-0.014123157167982261,-0.00014830221714736311,0.0548989806794268,0.20288337154578881,6.4392562633060058e-05,3.0820786767912789e-05,0.016747265870207709,-0.016747265870207709,0.10736842105263159
0.0029737035861165727,529.39416608113606,57142.762909370176,-0.0080317246637693681,0.00053541970943508433,0.05197352979797696,0.20278796077383054,6.1922883915281797e-05,2.3400399062658328e-05,0.027912109783679501,-0.027912109783679515,0.10736842105263159
0.0030214820128910535,529.36475497740878,57202.141856155264,-0.0048668255037304037,-0.0082725562972890236,0.050790097600196989,0.15816663686090079,6.1363963960606407e-05,2.3668825963385805e-05,0.039076953697151307,-0.03907695369715132,0.10736842105263159
0.0025224557995308485,529.21126199187256,57198.239204380319,-0.0042742490010054795,-0.017603995596554615,0.041043895516092284,0.1572131688704124,5.7324347763405308e-05,1.9098230294272095e-05,0.050241797610623085,-0.050241797610623126,0.10736842105263159
0.0024273081714823921,529.10301782760439,57195.805681370744,-0.0040201703061139848,-0.018695717769895474,0.026033444957047687,0.18750137033516648,7.1057802400019103e-05,2.0461186029569529e-05,0.061406641524094918,-0.061406641524094932,0.10736842105263159
0.002349057679852962,529.08817091326478,57194.883799527655,-0.0039902108931511669,-0.016999264967828442,0.0036520495318438182,0.19487747157836327,7.9733277091025476e-05,2.0975556308493566e-05,0.072571485437566696,-0.072571485437566738,0.10736842105263159
0.0022407539807956156,529.13979018775672,57195.883497021125,-0.0052258360062876243,-0.015114274583899268,-0.017352154636386865,0.16286596359704664,7.1926782727727972e-05,1.9003758118691587e-05,0.083736329351038502,-0.083736329351038544,0.10736842105263159
0.0034958448599230097,528.97074140686175,57197.685415936598,-0.0051628542825494879,-0.0096830096269317663,-0.041405944436034299,0.11754031932455275,7.4234639680688337e-05,3.0120033706462778e-05,0.094901173264510308,-0.09490117326451035,0.10736842105263159
0.012909122519659828,527.66187509804263,57934.624328394442,0.0095408328862344651,0.0073077604326945156,-0.053300993080775023,0.13459382305641956,0.00018175117870698193,0.00017403449633481528,-0.094901173264510308,0.09490117326451035,0.098421052631578965
0.0022035128374972017,528.65495408181005,57932.391257270712,0.012759013772384455,0.013322610668292078,-0.022645916981446062,0.13109258818563907,6.2925558929851483e-05,1.7479504846549178e-05,-0.083736329351038516,0.083736329351038544,0.098421052631578965
0.0024421747740530604,528.81565989478372,57930.993258910981,0.010122676493176686,0.011995683966891097,0.0020318969626075107,0.14775198538463272,7.2044831591824471e-05,2.0728990677689242e-05,-0.07257148543756671,0.072571485437566738,0.098421052631578965
0.0026527178806041423,528.55701275025149,57932.403218730055,0.0057475606059806342,0.0074016767278851743,0.027839264075772144,0.14034876568636745,6.1401908463645257e-05,2.0786530156602487e-05,-0.061406641524094911,0.061406641524094932,0.098421052631578965
0.003517260206946822,528.00709698905666,57935.628325049656,0.001612911264603201,0.00039541322740377577,0.041208280123623285,0.17388195121844618,7.2179691951528981e-05,2.9882161647775043e-05,-0.050241797610623112,0.050241797610623126,0.098421052631578965
0.003787469349405481,527.82515592294089,57939.891202462153,0.0024735276412595395,-0.006396707185329145,0.0501762014798047,0.28900551773151573,9.2585801603415653e-05,3.6443604297733303e-05,-0.039076953697151307,0.03907695369715132,0.098421052631578965
0.0036855876848020182,527.90844840682985,58003.950078128102,0.011419017339902523,-0.0014937074223158008,0.055095071281189324,0.24423189480583168,0.00010049683587413608,3.6947320017085216e-05,-0.027912109783679515,0.027912109783679515,0.098421052631578965
0.011199892577073416,528.21389849575439,58005.413782679228,0.021454564689496559,0.014746271026339073,0.055313362388011739,0.18913942322299224,0.00013429221786636649,0.00012978941662128752,-0.016747265870207709,0.016747265870207709,0.098421052631578965
1.2732988870911814,515.80413658974703,58011.083778936641,-0.0062727468276683922,0.021484389247717277,0.41761636944253067,0.808406922950064,0.011717324069236146,0.13783026153508934,-0.0055824219567359029,0.0055824219567359029,0.098421052631578965
1.0932940461924683,518.27085648632783,58011.59792935435,-0.00016110707999854803,-0.0079197182664178592,0.33638766418907479,0.91011305160800093,0.011193436391740605,0.1156694580800269,0.005582421956735889,-0.0055824219567359029,0.098421052631578965
0.0034124615455715579,529.44990097468531,58008.206732998544,-0.014859785227567361,0.0012588203842969076,0.055951890644185348,0.24375155476025626,6.4804519929337917e-05,2.7470743570886886e-05,0.016747265870207709,-0.016747265870207709,0.098421052631578965
0.0031387213079493454,529.4036093597399,58007.140554282261,-0.0095690183812014613,0.0024209675965745168,0.053840703088535571,0.21836015614047305,6.5556315984949937e-05,2.5413239283045613e-05,0.027912109783679501,-0.027912109783679515,0.098421052631578965
0.0031117967773236529,529.35935807244095,57942.860567048701,-0.007126588247219112,-0.0064647948309409144,0.052659496972987135,0.16214473154601056,6.1849114689191477e-05,2.447247933453431e-05,0.039076953697151307,-0.03907695369715132,0.098421052631578965
0.0025948126552350174,529.18467806031617,57938.958802721674,-0.0077013294462517055,-0.015211953721033816,0.042197893877990542,0.1528706497548242,5.9551321502511862e-05,2.0024040225939641e-05,0.050241797610623085,-0.050241797610623126,0.098421052631578965
0.0024832018459641941,529.07966610743699,57936.687595493655,-0.0074427192052219657,-0.015607459920153487,0.026138220328883598,0.19430887573076505,7.5909810199518987e-05,2.1635203035816907e-05,0.061406641524094918,-0.061406641524094932,0.098421052631578965
0.0024193037664175269,529.07835821113906,57935.853839958094,-0.0070130481475108794,-0.014046024005694583,0.0031747799609332548,0.20236149710332482,8.5503410920888053e-05,2.2370831238221685e-05,0.072571485437566696,-0.072571485437566738,0.098421052631578965
0.0023379625254477654,529.12978382364338,57936.739988062713,-0.0077001399337344499,-0.012951459050233332,-0.018195124147843387,0.16835216347811638,7.6761414867249176e-05,2.0483729459681963e-05,0.083736329351038502,-0.083736329351038544,0.098421052631578965
0.0040366460161488831,528.94564909773612,57938.348146647397,-0.0066048243449591312,-0.0086219717090318254,-0.043191878389558902,0.11912273212462231,8.3138952826316791e-05,3.6806366111306324e-05,0.094901173264510308,-0.09490117326451035,0.098421052631578965
0.014482161336749896,527.64162041885038,58923.885239842923,0.010200468717347212,0.0034396091200323085,-0.05737576867226548,0.17142502250109898,0.00022344599497753289,0.00021648094186471097,-0.094901173264510308,0.09490117326451035,0.08947368421052633
0.0023730210367165234,528.64374979544311,58921.575024944279,0.015658658834847485,0.0094608587044388605,-0.022653806004342907,0.13384210530112439,6.7175379703024359e-05,1.9449419928845897e-05,-0.083736329351038516,0.083736329351038544,0.08947368421052633
0.0025821124636506826,528.81379812519742,58920.279685897622,0.014144610710529412,0.0070288109485631212,0.0021313534588738242,0.15337192743158681,7.7641417715126917e-05,2.2752120671822925e-05,-0.07257148543756671,0.072571485437566738,0.08947368421052633
0.002898614719140981,528.53693660942452,58921.637975678932,0.010018367541366478,0.0024247894860236186,0.028143830891483999,0.13915612392509957,6.4616019419996365e-05,2.3300250676294342e-05,-0.061406641524094911,0.061406641524094932,0.08947368421052633
0.0038680417889921876,527.97936466878855,58924.797252023935,0.0053629921847563166,-0.0043630305867885903,0.041468332550125678,0.21194485144542211,7.8389965787573136e-05,3.4246910189248729e-05,-0.050241797610623112,0.050241797610623126,0.08947368421052633
0.0040160068794446975,527.82056276422793,58929.038082369021,0.0052492508741238692,-0.0095738152687769931,0.050069214952706956,0.33883478449644194,9.6679343243371931e-05,3.9487650472398543e-05,-0.039076953697151307,0.03907695369715132,0.08947368421052633
0.0037710312918854921,527.91590664641899,58869.439375463553,0.012583362384171503,-0.0042890139630712108,0.054949702862738231,0.27584676805120606,0.00010282318564880094,3.8238924039164001e-05,-0.027912109783679515,0.027912109783679515,0.08947368421052633
0.006438759535390616,528.26529670991818,58870.927288111277,0.022618322880145904,0.013569916067462308,0.05490159359329623,0.26752220951643313,0.00012401832634907679,7.1704289877692681e-05,-0.016747265870207709,0.016747265870207709,0.08947368421052633
1.3918564704368295,515.64775886755092,58876.286474277011,-0.0047382962125406642,0.022451767721923737,0.41559389861431101,0.73319834068677814,0.011842416245655957,0.15146581069287135,-0.0055824219567359029,0.0055824219567359029,0.08947368421052633
1.1875543109742812,518.07570030524801,58876.958791779427,-0.00055168793469093178,-0.007117439500844449,0.33564085396228271,0.83863131928016377,0.011289958862760345,0.12618265475669221,0.005582421956735889,-0.0055824219567359029,0.08947368421052633
0.0032944675633742085,529.47098080958517,58873.51273381021,-0.01585000650720949,0.0028551615269733896,0.055771797560820978,0.30761442372678788,6.7013087500996985e-05,2.6969012823214681e-05,0.016747265870207709,-0.016747265870207709,0.08947368421052633
0.0033066940884288764,529.41531158936687,58872.221137480432,-0.011271867749642891,0.0044823494627621412,0.054369003154414175,0.23591163139032068,6.9456376118228028e-05,2.7558151232275779e-05,0.027912109783679501,-0.027912109783679515,0.08947368421052633
0.0032778909299354879,529.35590347563596,58931.306277393218,-0.010239369169723015,-0.0035369412254798792,0.053706493438009692,0.17313337220377645,6.3654520858798255e-05,2.6152253980383494e-05,0.039076953697151307,-0.03907695369715132,0.08947368421052633
0.0027242980005738166,529.16132617132519,58927.349986638874,-0.012135888911859365,-0.011792623986970723,0.042865574780934682,0.14645603355983661,6.1826569194496577e-05,2.1421120565121787e-05,0.050241797610623085,-0.050241797610623126,0.08947368421052633
0.0025357361496119181,529.0604887783694,58925.211282945813,-0.011879024466189636,-0.011891222379398565,0.025986962523334208,0.19945608999193135,7.9366631985092553e-05,2.2590354048027175e-05,0.061406641524094918,-0.061406641524094932,0.08947368421052633
0.0024796957791977329,529.07500042268271,58924.463144345376,-0.010889273290240763,-0.010591447724703877,0.0026854284202257831,0.2089699926695342,8.9668033790545892e-05,2.3481034476222215e-05,0.072571485437566696,-0.072571485437566738,0.08947368421052633
0.0024286199548431554,529.12097255403455,58925.26983474294,-0.010719206946779828,-0.010300504774071396,-0.01867957032653763,0.17338124860434684,8.0569727688008626e-05,2.179944851917774e-05,0.083736329351038502,-0.083736329351038544,0.08947368421052633
0.0052047753979697006,528.90982219070111,58926.75789312995,-0.0082865175569204457,-0.0069983267123770324,-0.044905038730651076,0.12449510297771584,0.00010092033908152148,5.2286713340304503e-05,0.094901173264510308,-0.09490117326451035,0.08947368421052633
0.015080058981190745,527.63933361092097,59666.755015625582,0.010730536977362554,3.7336012921342012e-05,-0.059425995093632417,0.20589521539743622,0.00024488452427650612,0.00023598462598373393,-0.094901173264510308,0.09490117326451035,0.080526315789473696
0.002690400786246942,528.59227875553904,59664.15478348951,0.017371525423501108,0.0065566715579241566,-0.022058829361759309,0.1330774026572735,7.1052369886804328e-05,2.2678079072160148e-05,-0.083736329351038516,0.083736329351038544,0.080526315789473696
0.0026424870326308054,528.77803260061444,59662.923669836484,0.016801959676027784,0.0035850561002384153,0.0022267021622177185,0.15515409773446362,7.8632359369647351e-05,2.343222442697323e-05,-0.07257148543756671,0.072571485437566738,0.080526315789473696
0.0032581557700400374,528.4592628950702,59664.22111811849,0.012832349341074805,-0.0015152621313334162,0.027835817048276684,0.14187965088647575,6.7300762377514521e-05,2.6728946130532924e-05,-0.061406641524094911,0.061406641524094932,0.080526315789473696
0.0042021274323886769,527.93941086395046,59667.356311780735,0.0081684894552717276,-0.0080555662720891343,0.040741205821044575,0.26719306214426519,8.4632442106335088e-05,3.8657846294208763e-05,-0.050241797610623112,0.050241797610623126,0.080526315789473696
0.0042135571908838302,527.82015534828281,59671.553659133409,0.0076254005482300196,-0.011766873536656871,0.048936542693881327,0.35980417333369152,0.00010057310494206349,4.2256139932796771e-05,-0.039076953697151307,0.03907695369715132,0.080526315789473696
0.0038667037673865653,527.92833077168916,59735.713172009768,0.014018709651736639,-0.0066276297256317382,0.053333209987707832,0.32888074603037282,0.0001049485732069483,3.9612218950012153e-05,-0.027912109783679515,0.027912109783679515,0.080526315789473696
0.0049904022258653643,528.29587935399161,59737.107216173543,0.023916203138717555,0.012280021853582531,0.053437088717852979,0.30541603493948816,0.00012545521030503292,5.5895893467158087e-05,-0.016747265870207709,0.016747265870207709,0.080526315789473696
1.5213008882062364,515.46823284378252,59741.679157488667,-0.0029263540877206146,0.023717911581306064,0.41230271198131163,0.66093168018307702,0.011894657378930303,0.16591707670102609,-0.0055824219567359029,0.0055824219567359029,0.080526315789473696
1.2944359910361976,517.82725863319138,59743.157748951664,-0.00099670132804813749,-0.0066329270982485467,0.33540631494629103,0.76415503007599961,0.011337219207960894,0.13782685670482156,0.005582421956735889,-0.0055824219567359029,0.080526315789473696
0.003282648196579677,529.49085922595998,59739.514075245192,-0.017082411393631151,0.0045613959550498762,0.054290788465643676,0.27349440878267584,7.00082408598269e-05,2.7466221881819041e-05,0.016747265870207709,-0.016747265870207709,0.080526315789473696
0.0034780533071322498,529.43015302712001,59738.016406177936,-0.01316063384473792,0.0067305474443845508,0.053563198414280803,0.24623276395254368,7.3337685831184859e-05,2.978515296921977e-05,0.027912109783679501,-0.027912109783679515,0.080526315789473696
0.0034383869954261259,529.35824594952339,59673.275134566305,-0.012641735726116151,-0.00092186912187620029,0.053417978242031837,0.18410168969822532,6.572377737735126e-05,2.7875073008468503e-05,0.039076953697151307,-0.03907695369715132,0.080526315789473696
0.0028522940073387238,529.15421537669738,59669.215170527284,-0.015341121590657689,-0.0090039276632979774,0.042871034229959408,0.142541662812536,6.2837919745512046e-05,2.2610240876981662e-05,0.050241797610623085,-0.050241797610623126,0.080526315789473696
0.0025772501015992014,529.0514444787417,59667.087236094689,-0.015225055953308279,-0.0094001797828037539,0.025825913645939894,0.19729883570995282,7.9566497823144121e-05,2.2989085038250902e-05,0.061406641524094918,-0.061406641524094932,0.080526315789473696
0.0025013333842242732,529.07434313594695,59666.382314595656,-0.013800475212191157,-0.0083097509183771828,0.0025226574479150004,0.21017531351015739,9.0138736308811973e-05,2.3748014865118736e-05,0.072571485437566696,-0.072571485437566738,0.080526315789473696
0.0024753196111234948,529.112296196937,59667.183986696458,-0.012888992169104321,-0.0084467852464970572,-0.018568519137475311,0.17501596695996,8.1603313931508743e-05,2.2360688960885595e-05,0.083736329351038502,-0.083736329351038544,0.080526315789473696
0.0063642310753319739,528.89229165653296,59668.698327302671,-0.0094895177050841103,-0.0055241639824455792,-0.045933229454160333,0.13360528650133968,0.00011877883003251061,6.9361018451014414e-05,0.094901173264510308,-0.09490117326451035,0.080526315789473696
0.015110830959369407,527.67025099213743,60658.597284208889,0.011747049773902807,-0.0047939549386480582,-0.059761726592141434,0.25550948235697163,0.00025328705890677924,0.00024048879586800303,-0.094901173264510308,0.09490117326451035,0.071578947368421048
0.0041341021433428946,528.42845547309116,60655.093951007591,0.019232023635705243,0.0017147852310389297,-0.021735808847572081,0.12481477933150506,8.5337983752111564e-05,3.8190240351110717e-05,-0.083736329351038516,0.083736329351038544,0.071578947368421048
0.0028988161384486222,528.66128857935655,60653.861104228941,0.019904932870184324,-0.00078631253197835693,0.002380005430028205,0.1450481848922415,7.6057461530611194e-05,2.5280844870051055e-05,-0.07257148543756671,0.072571485437566738,0.071578947368421048
0.0041264200574623513,528.26846218017192,60655.157741065705,0.01599919267066853,-0.0076947539320793767,0.026613319232548813,0.1653198312487088,7.6281406380288927e-05,3.6039833963323473e-05,-0.061406641524094911,0.061406641524094932,0.071578947368421048
0.0047167210135399974,527.87062538369912,60658.260166825232,0.011942259340881323,-0.013132865862309108,0.038494603010926311,0.24611376467039023,9.5289652232984827e-05,4.6042941391618824e-05,-0.050241797610623112,0.050241797610623126,0.071578947368421048
0.004473331921715549,527.82838922279223,60662.337516863903,0.011161423741063867,-0.014467216220775356,0.045991749026438301,0.31954971332283444,0.00010630533385348149,4.6122055274600289e-05,-0.039076953697151307,0.03907695369715132,0.071578947368421048
0.0039783171542009865,527.94779837903911,60602.642569423042,0.015835006700188798,-0.0085762277277810599,0.050298677685939104,0.31519864760676686,0.00010631398042180277,4.1019899471723538e-05,-0.027912109783679515,0.027912109783679515,0.071578947368421048
0.0044231645045867476,528.32294798559064,60603.920859380232,0.025269392230758383,0.010891693726836718,0.050699792455727422,0.31854124652880111,0.00012826037472824328,5.0093265547993225e-05,-0.016747265870207709,0.016747265870207709,0.071578947368421048
1.6527963548652544,515.24004233795472,60608.151437829794,-0.0010873261299355729,0.025194200488563873,0.40880688062655823,0.58511041338196768,0.011745719765788481,0.17912622105995119,-0.0055824219567359029,0.0055824219567359029,0.071578947368421048
1.4204045775495484,517.51868578006463,60609.731283662171,-0.0016108492349940283,-0.0066070831769165722,0.33536686766866691,0.68250724414268371,0.011328182253948835,0.1511792467081044,0.005582421956735889,-0.0055824219567359029,0.071578947368421048
0.0033490778023215042,529.50664267034529,60606.143398578395,-0.01854350615123105,0.0061403139357777605,0.051511376892196002,0.24929618191084141,7.3137472011960579e-05,2.8641463746946523e-05,0.016747265870207709,-0.016747265870207709,0.071578947368421048
0.0036410842678051406,529.448184827869,60604.460128745493,-0.015224529421807079,0.0091357817334695255,0.051410708210603222,0.24046194998386969,7.6755803510526648e-05,3.1899681096106429e-05,0.027912109783679501,-0.027912109783679515,0.071578947368421048
0.0036927002305155126,529.37030092833902,60663.372683110931,-0.015881962797951309,0.0031442344372450896,0.051566458223639582,0.18935977544969163,6.9209115606550057e-05,3.0720317742617621e-05,0.039076953697151307,-0.03907695369715132,0.071578947368421048
0.0031074975124859125,529.16000499682946,60659.115807658272,-0.019409279335726368,-0.0046766216962135969,0.042256616438266087,0.15002012159878353,6.4161254095476008e-05,2.4891278940973051e-05,0.050241797610623085,-0.050241797610623126,0.071578947368421048
0.0026822771032342591,529.04429768710258,60656.866972566677,-0.019792689035406236,-0.0062299838386740952,0.02570288079493804,0.18300920772769549,7.7014852683931063e-05,2.3539155987042628e-05,0.061406641524094918,-0.061406641524094932,0.071578947368421048
0.0025039459017603331,529.06739699676496,60656.181065510173,-0.017762375712182022,-0.0055625488008608079,0.0026726082779506182,0.20638071218859752,8.7769035849964266e-05,2.3458249734450135e-05,0.072571485437566696,-0.072571485437566738,0.071578947368421048
0.0025763580728216471,529.08889313087457,60657.038996244584,-0.015765473167957584,-0.0060492636004343837,-0.017792345345452643,0.17502835330360328,8.2111727787148161e-05,2.3345803093650481e-05,0.083736329351038502,-0.083736329351038544,0.071578947368421048
0.0079725883173447261,528.89953872902561,60658.809433599992,-0.011265626639220644,-0.0030356259327401118,-0.047029051887051775,0.15351511625387645,0.00014408825923652296,9.5700374256951773e-05,0.094901173264510308,-0.09490117326451035,0.071578947368421048
0.014812632083437711,527.7225825849423,61403.467736054132,0.012686516815623177,-0.0081894599928832232,-0.057677253144796707,0.2899798305531926,0.00024986333434666571,0.00023414425242294275,-0.094901173264510308,0.09490117326451035,0.062631578947368427
0.0067856307044960292,528.1971514979366,61399.10848504553,0.020538572005732253,-0.0045178361259044517,-0.023242684205576292,0.13367843497606738,0.00011578180794760322,7.3014713207469214e-05,-0.083736329351038516,0.083736329351038544,0.062631578947368427
0.0039244559028546984,528.46936150183501,61397.606216229186,0.021928348610443904,-0.0054997771864853428,0.002105762175257939,0.13350324628951396,7.86950233332127e-05,3.4813932884622572e-05,-0.07257148543756671,0.072571485437566738,0.062631578947368427
0.0049763817098421072,528.08949339517676,61398.981268416836,0.018247530393983292,-0.013156438351896322,0.024875750677497439,0.19303302587207929,8.9671189444505983e-05,4.7123783327636299e-05,-0.061406641524094911,0.061406641524094932,0.062631578947368427
0.0050988571980829268,527.82491755946091,61401.973971493513,0.014919107684877218,-0.016828139502486579,0.035808865019939885,0.24851497004653911,0.00010456487755856802,5.2139368360633774e-05,-0.050241797610623112,0.050241797610623126,0.062631578947368427
0.0046391600517680879,527.8444028232766,61405.873791778533,0.014058762649801746,-0.016244804928687597,0.042758400490048407,0.30004149157795501,0.00011023061613245478,4.8706898218950598e-05,-0.039076953697151307,0.03907695369715132,0.062631578947368427
0.0040716726774572129,527.97661151135139,61470.032531828285,0.018066814750071249,-0.0098515772983072212,0.046072759042416249,0.28346370322664799,0.00010738238012512328,4.2192899449064252e-05,-0.027912109783679515,0.027912109783679515,0.062631578947368427
0.0041812192800905739,528.35313966787135,61471.204085167468,0.026684950089610263,0.0096144450091948455,0.046658518075234467,0.32600097640246323,0.00012934892376093195,4.7553704428576583e-05,-0.016747265870207709,0.016747265870207709,0.062631578947368427
1.771998265439531,514.94612578195643,61475.021657303034,0.00078114672037508232,0.026415173680296618,0.40564164697954241,0.50623899858672661,0.01132845925972259,0.18860305188670129,-0.0055824219567359029,0.0055824219567359029,0.062631578947368427
1.565354144404246,517.12973347210175,61477.268313859546,-0.0023024004862287509,-0.0069620505328642996,0.33592899523122471,0.59882563761379393,0.011217793623251262,0.16579305354505011,0.005582421956735889,-0.0055824219567359029,0.062631578947368427
0.0034156657582522063,529.51959752539415,61473.261915772106,-0.020094725778343012,0.0076517447274373207,0.04748742889795142,0.22757847982499912,7.5433004131977225e-05,2.9665800235924917e-05,0.016747265870207709,-0.016747265870207709,0.062631578947368427
0.0037846861670219681,529.46891960753192,61471.437212707904,-0.017399509273840704,0.011634416916299925,0.047910700595605316,0.22486081164532784,7.9388810294689859e-05,3.3721704603186734e-05,0.027912109783679501,-0.027912109783679515,0.062631578947368427
0.0038965331797907077,529.38675547453693,61406.47763688182,-0.018300189368109052,0.0065517758774178148,0.049019881988714667,0.18459681797273911,7.2280285588123333e-05,3.3127472994980974e-05,0.039076953697151307,-0.03907695369715132,0.062631578947368427
0.003392603588353455,529.17601220970005,61402.096481629167,-0.022307661605715453,-0.00071720923182719374,0.041214649364280195,0.17402379960945916,6.6083563041870991e-05,2.7579084313860372e-05,0.050241797610623085,-0.050241797610623126,0.062631578947368427
0.0028610624259552977,529.04526421826893,61399.656441404644,-0.023272089215305835,-0.0035424369608126017,0.025716027864351648,0.16276877318323921,7.3990056008573228e-05,2.4610135897062473e-05,0.061406641524094918,-0.061406641524094932,0.062631578947368427
0.0025540382222620562,529.05249807913231,61398.930483302283,-0.020828022317319641,-0.0035474579832231734,0.0030930373611911589,0.19756039345866258,8.4647115847041451e-05,2.3498139349341346e-05,0.072571485437566696,-0.072571485437566738,0.062631578947368427
0.0028228091296416766,529.05813561574814,61399.873060777383,-0.018023623622666615,-0.0040687403668834277,-0.016885682224985033,0.17240349214125383,8.4034303912774885e-05,2.5876755173727165e-05,0.083736329351038502,-0.083736329351038544,0.062631578947368427
0.0089437454618363811,528.93597208654114,61402.092292109184,-0.012917181540723818,-0.00065029235292804379,-0.047342972127832679,0.17230579783548999,0.00015751262589105928,0.00011224761359133213,0.094901173264510308,-0.09490117326451035,0.062631578947368427
0.014523366724803977,527.82745525654479,62397.520301071774,0.013863501679336506,-0.011697494215710726,-0.052030604680445014,0.31403336738246418,0.00024221178891099777,0.0002260294052935554,-0.094901173264510308,0.09490117326451035,0.053684210526315793
0.0097556759521509797,527.88125989518073,62392.657369117725,0.022084500638174218,-0.014809219111679761,-0.025736595503097846,0.19481880486945174,0.0001663804414943388,0.000125837042418054,-0.083736329351038516,0.083736329351038544,0.053684210526315793
0.0067265337961656766,528.06718991027083,62390.390839173255,0.024107367112788654,-0.016003947999561226,-7.8442813789997051e-05,0.16916537655042393,0.00011368698942642348,7.1721061976391833e-05,-0.07257148543756671,0.072571485437566738,0.053684210526315793
0.0059987506067810661,527.8843158024838,62391.485651644813,0.021562353197139453,-0.020320823726896278,0.021126726903680889,0.22125164459808103,0.00011246370669630367,6.3616094503754657e-05,-0.061406641524094911,0.061406641524094932,0.053684210526315793
0.0055170475700158745,527.79687628146075,62394.083379773067,0.019115347733114532,-0.021150178635901028,0.030948096489051349,0.26052353132085193,0.00011608994848647761,5.9443454193964638e-05,-0.050241797610623112,0.050241797610623126,0.053684210526315793
0.0047951033477799743,527.88184581935013,62397.609498470178,0.018161578669797746,-0.018163386564403604,0.03720774521477923,0.28067140472149016,0.00011369925220762758,5.1130115767272654e-05,-0.039076953697151307,0.03907695369715132,0.053684210526315793
0.0041345440054609004,528.02470460062182,62461.646790207917,0.021033733776952227,-0.010602290319891464,0.039965192597247179,0.25939954779218305,0.00010749862070746842,4.2867589634297661e-05,-0.027912109783679515,0.027912109783679515,0.053684210526315793
0.0040812482967220393,528.38980998858392,62462.683933295681,0.02846101587884535,0.0083294168677417509,0.040562004314807706,0.30874693550546761,0.00012726343403755361,4.6041009381800792e-05,-0.016747265870207709,0.016747265870207709,0.053684210526315793
1.8711946879689405,514.47938376388515,62465.759845430126,0.0028123514712803861,0.027068354304783493,0.40445773443372107,0.41155823892715415,0.010389118073048445,0.19072530450666392,-0.0055824219567359029,0.0055824219567359029,0.053684210526315793
1.7564215312936939,516.53942065494118,62469.097263144911,-0.0028645722455685764,-0.0073849879339001664,0.33904347837868648,0.49783571626507289,0.010876935635932505,0.1831816774299185,0.005582421956735889,-0.0055824219567359029,0.053684210526315793
0.0034538878921986675,529.5316611604394,62464.615368018021,-0.021795084660558722,0.0093533606087394007,0.041462294062040939,0.20552574306652616,7.6123887756298882e-05,3.0134828003890793e-05,0.016747265870207709,-0.016747265870207709,0.053684210526315793
0.0039047908922878569,529.49470653131641,62462.692733865719,-0.019898671258560183,0.014475513120215002,0.04231151252956749,0.2055163503500087,8.0895266526400143e-05,3.5120390552977859e-05,0.027912109783679501,-0.027912109783679515,0.053684210526315793
0.0041515745057452581,529.41904792105731,62397.814069392312,-0.021408474497689779,0.011355990867738893,0.044019818862246575,0.17710957914023315,7.6441294276682634e-05,3.6297511559562487e-05,0.039076953697151307,-0.03907695369715132,0.053684210526315793
0.0039176826921592548,529.21808717719307,62393.441837953949,-0.025920622542285266,0.0057121120898294981,0.038649278843177204,0.16590403199741463,7.0384065017139359e-05,3.2867481779372075e-05,0.050241797610623085,-0.050241797610623126,0.053684210526315793
0.003387866548948756,529.06860173799009,62390.692122527689,-0.027726520355685094,0.0017277381679808941,0.025586612415174188,0.14997117963705539,7.264080737219656e-05,2.8874643173906737e-05,0.061406641524094918,-0.061406641524094932,0.053684210526315793
0.0029668727309401098,529.02403257599292,62389.806045527497,-0.025231904562433134,-2.952211721962556e-05,0.0039598998568775873,0.16976809057668224,8.1116293838585015e-05,2.6721015982098664e-05,0.072571485437566696,-0.072571485437566738,0.053684210526315793
0.0038734684446517639,529.00873586896114,62390.969180442808,-0.021601798809744541,-6.4148090572471489e-05,-0.015956060604124783,0.15957552925344418,9.2908131584546453e-05,3.7335922422984696e-05,0.083736329351038502,-0.083736329351038544,0.053684210526315793
0.0097976451073962731,529.03320856387325,62394.220899000116,-0.015619443299596292,0.0032922924956803735,-0.046143273471551137,0.19328778555582354,0.00016110093241519116,0.00012435714167194817,0.094901173264510308,-0.09490117326451035,0.053684210526315793
0.014492837113569971,527.96073394022847,63391.690567224628,0.014666172172688176,-0.013706088233336966,-0.04427635914185004,0.3119489132786501,0.00023161448481267356,0.00022056483286335093,-0.094901173264510308,0.09490117326451035,0.044736842105263158
0.010545932106267661,527.78501092644569,63387.160126971379,0.023198554304469189,-0.020926832577156648,-0.025125871669199076,0.2636921195497256,0.00019135669400103503,0.0001458837104206141,-0.083736329351038516,0.083736329351038544,0.044736842105263158
0.0082118553135250918,527.81785480770816,63384.270663909287,0.026255051482515168,-0.02413987372990951,-0.0031796725984672117,0.23573180644251709,0.00015070554892335022,0.0001008105328830822,-0.07257148543756671,0.072571485437566738,0.044736842105263158
0.0066097733770866061,527.79729586288556,63384.423725334258,0.02516234033991031,-0.02555740383459432,0.016091568724924017,0.25994736807491148,0.00013098591791518144,7.5648247851252195e-05,-0.061406641524094911,0.061406641524094932,0.044736842105263158
0.0057504650917018811,527.82005619771178,63386.366330426754,0.023407557886124718,-0.024289272145121193,0.024915775860810844,0.27083857386930155,0.00012327283307331,6.3846436091816329e-05,-0.050241797610623112,0.050241797610623126,0.044736842105263158
0.0048566725978929758,527.94172549259906,63389.397121207825,0.022420981524861661,-0.019388493526442688,0.030525845513977787,0.26439743178370195,0.00011390228584978874,5.1832845035914325e-05,-0.039076953697151307,0.03907695369715132,0.044736842105263158
0.0041406514388480685,528.08170022600473,63329.296085282578,0.023871453435974591,-0.010773312388812741,0.03371707916857436,0.24391251264383421,0.00010576493339546651,4.2583320493215153e-05,-0.027912109783679515,0.027912109783679515,0.044736842105263158
0.0040207282327106115,528.42545767597778,63330.198383505725,0.030074074781343135,0.0074901213025161638,0.034226357413206607,0.28339354349074342,0.00012223311297162619,4.4452803482628833e-05,-0.016747265870207709,0.016747265870207709,0.044736842105263158
1.9529319059922885,513.9617040808107,63331.932066390938,0.0040449152345885019,0.026532822340656247,0.40506488712390915,0.32616535107184391,0.009198635641535011,0.18730475777570463,-0.0055824219567359029,0.0055824219567359029,0.044736842105263158
1.9470915774845123,515.86604568458768,63337.157125865975,-0.0026305942176543949,-0.0074077978555649798,0.34549441168807288,0.40452970359147755,0.010315067217837742,0.19775269432441664,0.005582421956735889,-0.0055824219567359029,0.044736842105263158
0.0034420391205937078,529.53895596914458,63332.095467944091,-0.023036948470730453,0.010791199648203112,0.03512745566587179,0.18618959205043623,7.4313674454460019e-05,2.9672228845909941e-05,0.016747265870207709,-0.016747265870207709,0.044736842105263158
0.0039533894179228672,529.5175164035893,63330.153696722773,-0.021904881720206271,0.016815529169232575,0.036163389169472697,0.18992122238133169,8.0311680855255324e-05,3.5429004798273238e-05,0.027912109783679501,-0.027912109783679515,0.044736842105263158
0.0043487639134010027,529.46183812229185,63389.447559531232,-0.024169825802826568,0.016099794790912843,0.037219961566193095,0.17027666455302448,7.9417996770746985e-05,3.8754781741105546e-05,0.039076953697151307,-0.03907695369715132,0.044736842105263158
0.0044783077926168272,529.29088490829099,63385.418186739393,-0.028907149823449441,0.013059674624465507,0.033983142468399639,0.15735916542844539,7.6214299376330555e-05,3.9095985953322631e-05,0.050241797610623085,-0.050241797610623126,0.044736842105263158
0.0042768793326190303,529.1313307659658,63382.571381121124,-0.031627861958905712,0.0097328535461585156,0.024144484222547655,0.17479433460922186,7.7914825705157459e-05,3.7751746582542734e-05,0.061406641524094918,-0.061406641524094932,0.044736842105263158
0.0042133860277791188,529.02588189381595,63381.508328302189,-0.03008539801226669,0.0067630041833025923,0.0044659344085585242,0.15655648424519378,8.5964239640050417e-05,3.906521005056738e-05,0.072571485437566696,-0.072571485437566738,0.044736842105263158
0.0058827621425168253,529.00756538028884,63383.182017770661,-0.026082939704493067,0.0072116655581975948,-0.016139352918906821,0.15443148762666123,0.00011061442699935537,6.1871005767146883e-05,0.083736329351038502,-0.083736329351038544,0.044736842105263158
0.010297085874644084,529.19075418549801,63387.556396052481,-0.018392981093587165,0.0076166180256643685,-0.042093854344909178,0.20182926092963993,0.00015373311672759032,0.00012767270228649917,0.094901173264510308,-0.09490117326451035,0.044736842105263158
0.014452659589744794,528.0682029855833,64136.859351085383,0.01499013289561551,-0.014252030256832441,-0.037725546509355536,0.29777920778990113,0.00021848571623898929,0.00021362855284566657,-0.094901173264510308,0.09490117326451035,0.035789473684210538
0.010633626792941593,527.83825368323505,64132.752823573923,0.023711205666385821,-0.022689648893675526,-0.02304504380556633,0.29783093415207379,0.00019590765648156048,0.00014883570145126249,-0.083736329351038516,0.083736329351038544,0.035789473684210538
0.0085340675423728925,527.79971779904747,64129.638499244837,0.027660240702268878,-0.02694654760377661,-0.0049113958687856708,0.28245777607089917,0.00016390180321889733,0.00010925666544528857,-0.07257148543756671,0.072571485437566738,0.035789473684210538
0.0067665149271403848,527.81761394729961,64129.010724521373,0.027774674301681856,-0.027779233804565324,0.012041961460147138,0.28629129736373021,0.00013737833227439592,7.9309308663650082e-05,-0.061406641524094911,0.061406641524094932,0.035789473684210538
0.0057803554897279015,527.87504477813809,64130.406094782833,0.026582251131021844,-0.025653611896074693,0.01997623073285159,0.27381721116283975,0.00012399687965357743,6.4366504723039364e-05,-0.050241797610623112,0.050241797610623126,0.035789473684210538
0.0048322910157857545,528.00559336526442,64133.03951685701,0.02562013190561354,-0.019750905970014974,0.025040221296106557,0.25319294242267348,0.00011145948133556504,5.1016609183853976e-05,-0.039076953697151307,0.03907695369715132,0.035789473684210538
0.004092307823643203,528.15382120783283,64196.682997031654,0.026753809932452265,-0.010562406020360132,0.026894104076677715,0.22991217042898809,0.0001015425270346802,4.1237495157573518e-05,-0.027912109783679515,0.027912109783679515,0.035789473684210538
0.0039256698869587206,528.46334920129493,64197.41886241312,0.031616814266819032,0.0067893464754830391,0.027256491426539825,0.25798069661271494,0.00011319071298336974,4.1765643232339033e-05,-0.016747265870207709,0.016747265870207709,0.035789473684210538
2.0471036814030246,513.41748517421127,64197.067318514491,0.0043996515482011243,0.024328411863288664,0.40526352142748517,0.24885224027093034,0.0079192208528049701,0.18217176526672349,-0.0055824219567359029,0.0055824219567359029,0.035789473684210538
2.168077252904709,515.03548568504743,64204.94340220662,-0.0016129291822869359,-0.0069317122048510177,0.35580779171334326,0.31160212945874111,0.0094485904473109797,0.2107454783004282,0.005582421956735889,-0.0055824219567359029,0.035789473684210538
0.0033923303584693495,529.5410802812695,64199.340427280025,-0.023932985188548677,0.01224499383453358,0.028021490936952314,0.16570239392125233,6.9571086197360476e-05,2.8295184552562776e-05,0.016747265870207709,-0.016747265870207709,0.035789473684210538
0.0039297080210474854,529.53787868788629,64197.439501736852,-0.023522795789059185,0.018892826982338028,0.029121204664230012,0.17470593155290523,7.7168624844639128e-05,3.4520785071514899e-05,0.027912109783679501,-0.027912109783679515,0.035789473684210538
0.0044284809713137346,529.49765944681883,64133.107479244878,-0.025800455242991977,0.019344230063133218,0.031102187529238583,0.16465545892849667,7.9803189676440144e-05,3.9560785665610065e-05,0.039076953697151307,-0.03907695369715132,0.035789473684210538
0.0048011687092472943,529.36295691943644,64129.548915129169,-0.03061673436469808,0.01832804476707716,0.028958935134224924,0.1574413575209119,7.9906742507984232e-05,4.2917921418871496e-05,0.050241797610623085,-0.050241797610623126,0.035789473684210538
0.0049576573697659235,529.21587377889148,64126.930884560978,-0.033744384474543955,0.016589085237769575,0.021345280109281821,0.16377810033364329,8.3212451672071044e-05,4.5224176527026198e-05,0.061406641524094918,-0.061406641524094932,0.035789473684210538
0.0054402587013554129,529.08899262108775,64126.02957484794,-0.033290165470838712,0.01426880205874767,0.0037877719165740711,0.17285049964813112,9.5143895962588375e-05,5.3065225945686925e-05,0.072571485437566696,-0.072571485437566738,0.035789473684210538
0.0071537169921851709,529.08951847155618,64128.222661444583,-0.029009069608434367,0.013774652486061875,-0.01622674545158375,0.16565125395599511,0.00011956886030867195,7.8224140489518702e-05,0.083736329351038502,-0.083736329351038544,0.035789473684210538
0.010735620419816605,529.33929031400703,64132.923154730677,-0.019906938539076807,0.010478135804462628,-0.037156976606648205,0.19793430942122023,0.0001466753234393708,0.0001300186567670663,0.094901173264510308,-0.09490117326451035,0.035789473684210538
0.013909193363115687,528.2105033954989,65129.41561618691,0.015059218168284757,-0.013659552297459352,-0.028405903003339925,0.26205836408448641,0.00019170447322654457,0.00019258305335654544,-0.094901173264510308,0.09490117326451035,0.026842105263157917
0.010444375376118531,527.99339445923317,65125.911340001563,0.024156427269011866,-0.022709622327280361,-0.01902549394656872,0.30870282285488998,0.00018525821688897495,0.0001421579696249538,-0.083736329351038516,0.083736329351038544,0.026842105263157917
0.0084623451506415162,527.91507318542665,65122.676747237841,0.029242642603946347,-0.027734886989552184,-0.0059955432452592702,0.31978494234071986,0.00016258728295077485,0.0001079031247448282,-0.07257148543756671,0.072571485437566738,0.026842105263157917
0.0066602270905451741,527.93274575384658,65121.183711173195,0.031051536950624931,-0.028654621881920569,0.0070375810572530905,0.30816543056127799,0.00013446992067544435,7.7232770060747815e-05,-0.061406641524094911,0.061406641524094932,0.026842105263157917
0.0056433015811613706,527.99690396056928,65121.923599763271,0.030681757158346815,-0.026016062081491771,0.013381316939859011,0.27082783679051986,0.00011858791352519404,6.1454469473741741e-05,-0.050241797610623112,0.050241797610623126,0.026842105263157917
0.0046856581761329568,528.11861407693584,65124.062974358007,0.029670315551881397,-0.0193386079878799,0.017510499916940155,0.23896898000595673,0.00010425382995085145,4.7842802601234239e-05,-0.039076953697151307,0.03907695369715132,0.026842105263157917
0.0039784101505447172,528.24128867325931,65063.608662689643,0.029445942324027859,-0.010037216676954286,0.019817911631037063,0.21501171691971116,9.3759533635410147e-05,3.8522749224073564e-05,-0.027912109783679515,0.027912109783679515,0.026842105263157917
0.0037926482989885804,528.50351974986916,65064.158967474708,0.032927418033491071,0.005923970195156056,0.019961138081385645,0.22838459455749954,9.887781459820563e-05,3.7713079878374663e-05,-0.016747265870207709,0.016747265870207709,0.026842105263157917
2.1767591788320764,512.86421671009543,65061.390517772677,0.0035741639909458649,0.020515780373772278,0.40514378913958321,0.18359186240365885,0.0066864277719023155,0.17799486081787591,-0.0055824219567359029,0.0055824219567359029,0.026842105263157917
2.3812062507227036,514.01569923439945,65072.233675223848,-3.8139681132060695e-05,-0.0061730407994964754,0.37030071329386716,0.22433998773432726,0.0080953457406721784,0.21424698287671856,0.005582421956735889,-0.0055824219567359029,0.026842105263157917
0.003318035241703893,529.53464439222796,65066.108456652917,-0.024301448065573408,0.01388819922732709,0.020461203417591934,0.14197201125014586,6.1560496180230095e-05,2.6033469473098553e-05,0.016747265870207709,-0.016747265870207709,0.026842105263157917
0.0038226576568525755,529.5508957344282,65064.308574441748,-0.024522620518727029,0.020636226607474804,0.021633113732920515,0.15926688175993287,7.0664224876086773e-05,3.2134030805841623e-05,0.027912109783679501,-0.027912109783679515,0.026842105263157917
0.0043919308165095462,529.54143683682969,65124.208804429181,-0.027022505166280335,0.022942825918003999,0.022080871665266899,0.15581545484351494,7.6301463011042335e-05,3.8363826914998103e-05,0.039076953697151307,-0.03907695369715132,0.026842105263157917
0.0050349303477332814,529.47019738055576,65121.40116321492,-0.0318442090555036,0.02412153675595461,0.020701978273983537,0.15629187451572532,8.1149073285519558e-05,4.535605249547449e-05,0.050241797610623085,-0.050241797610623126,0.026842105263157917
0.0055422172175794071,529.37358051741865,65119.411320266743,-0.035019698279034846,0.024316890218558432,0.015387506612433087,0.16871563811614443,8.700456517954628e-05,5.1695717052704186e-05,0.061406641524094918,-0.061406641524094932,0.026842105263157917
0.0065428369931648678,529.27599435561956,65119.231060962207,-0.035151551209585734,0.023020022211940546,0.001500256942625876,0.18577550288537525,0.00010191297866719204,6.605122067180774e-05,0.072571485437566696,-0.072571485437566738,0.026842105263157917
0.0081387822133912723,529.31112233187412,65121.960416041031,-0.03038501284407949,0.020083792783470004,-0.014749050969457755,0.18512485805559209,0.00012105345681871332,8.9546378227438748e-05,0.083736329351038502,-0.083736329351038544,0.026842105263157917
0.011513288524601404,529.54627760427093,65126.245130938842,-0.020323086676060333,0.012872903145561429,-0.028767375667721817,0.17821788722463464,0.00013527961991896152,0.00013391079102685583,0.094901173264510308,-0.09490117326451035,0.026842105263157917
0.012669523771167104,528.3170035739538,65873.002821795701,0.014735023452622162,-0.011825517744586461,-0.020916014247341581,0.22674721701429712,0.00016533578232369139,0.00016290848993249496,-0.094901173264510308,0.09490117326451035,0.017894736842105269
0.0099646515768448112,528.1359251095696,65869.959450980648,0.024346844570989443,-0.021243632734302249,-0.015171611106706324,0.28899045432790998,0.00016781996764922693,0.00012908742399325533,-0.083736329351038516,0.083736329351038544,0.017894736842105269
0.0081312649601753637,528.05718089345851,65866.671065206581,0.030389112977773639,-0.026673211286050224,-0.0058136617194792396,0.32360292308252736,0.00015132531037488926,0.00010002622979320671,-0.07257148543756671,0.072571485437566738,0.017894736842105269
0.0063860534386713051,528.06658753837121,65864.67582810267,0.033437371546057242,-0.027763339904245624,0.0039250064201721358,0.31344969499107539,0.00012598423692678344,7.1678787999887632e-05,-0.061406641524094911,0.061406641524094932,0.017894736842105269
0.0054070690488440395,528.12266482719951,65865.022981917937,0.033589435419086787,-0.025037428320730266,0.0087893016557928881,0.26467096100831572,0.00011039960267686609,5.6812731573738062e-05,-0.050241797610623112,0.050241797610623126,0.017894736842105269
0.0044963168217141986,528.22656620246642,65866.848071838889,0.032329662302302033,-0.018409854398536502,0.012027633710681853,0.22678387181570289,9.4923503739766221e-05,4.3807027481371883e-05,-0.039076953697151307,0.03907695369715132,0.017894736842105269
0.0038697094807545254,528.34378316770767,65929.96456613121,0.031686012690143699,-0.0095054519700826234,0.012891633503607161,0.19425875259254424,8.1571116500315954e-05,3.4949950489795432e-05,-0.027912109783679515,0.027912109783679515,0.017894736842105269
0.0037319571159708342,528.54541687318908,65930.303812695623,0.033756812572281289,0.0042295610236125067,0.012795395814922551,0.1848783515930475,7.8994266608759561e-05,3.3169156719627835e-05,-0.016747265870207709,0.016747265870207709,0.017894736842105269
2.3912653496111385,512.20925125571546,65925.665520776936,0.0013552503852867594,0.015684386241638745,0.40771243612174729,0.1293711769702868,0.0055298617470869458,0.17782176131074742,-0.0055824219567359029,0.0055824219567359029,0.017894736842105269
2.5436502627662758,512.7754544026908,65939.033822905796,0.0019243352123554851,-0.0054040915132285584,0.38913111469609413,0.14882775748547647,0.0063292650331595894,0.20236436519947934,0.005582421956735889,-0.0055824219567359029,0.017894736842105269
0.0033298941470074699,529.51021686790637,65932.199027277005,-0.023881689611987826,0.015757181543643656,0.012887237343268935,0.11160357685947457,5.0016998823172673e-05,2.354990950684002e-05,0.016747265870207709,-0.016747265870207709,0.017894736842105269
0.0037005506280319055,529.54890117052719,65930.621951722205,-0.024697808957052092,0.021987958072756879,0.01425634998722085,0.13851517995680049,6.0255220422422222e-05,2.8725241593957405e-05,0.027912109783679501,-0.027912109783679515,0.017894736842105269
0.0042399054689078904,529.56176891040229,65867.03660041948,-0.027012390349189688,0.024910765175058521,0.015239740084193295,0.1464659855936416,6.9500075705026255e-05,3.5346695018213639e-05,0.039076953697151307,-0.03907695369715132,0.017894736842105269
0.005003925837586326,529.54016632714843,65864.720295125459,-0.031596906575933073,0.027221808548800526,0.014011516480676632,0.15283756923317096,7.77188139596362e-05,4.4113746850828058e-05,0.050241797610623085,-0.050241797610623126,0.017894736842105269
0.0056946890912595565,529.49735322872607,65863.242829924304,-0.03461583360812507,0.028151806760129142,0.010145905657069064,0.17139186219236865,8.5236455360078158e-05,5.2575414902779238e-05,0.061406641524094918,-0.061406641524094932,0.017894736842105269
0.006931870302284788,529.4543218524592,65863.724189503555,-0.03452849806117135,0.026750792014814798,-0.00029894288689469268,0.19602696253592233,0.00010053107254434595,6.9502525588153159e-05,0.072571485437566696,-0.072571485437566738,0.017894736842105269
0.008569016500897161,529.50288660354624,65866.679225725864,-0.029304565594327054,0.022129736971720184,-0.012410897029190748,0.18493624419405727,0.00011583540210859205,9.2225630812527748e-05,0.083736329351038502,-0.083736329351038544,0.017894736842105269
0.011734659974184681,529.67162008792047,65870.302524659026,-0.018603884690888799,0.012934803821736462,-0.021363019200912037,0.15080283088650043,0.0001220606215335627,0.00012964575417589517,0.094901173264510308,-0.09490117326451035,0.017894736842105269
0.009079612322410573,528.49111814945184,66863.393474010096,0.014139554774888166,-0.0064608666461457411,-0.01013240793636472,0.1815099579375207,0.00012013189632584175,9.9516815864010032e-05,-0.094901173264510308,0.09490117326451035,0.0089473684210526483
0.0083899704824637721,528.36487482504435,66860.880092456107,0.02448698717257752,-0.016317804378003786,-0.0082131792290473394,0.24180368598107582,0.00014008816514855766,9.9302722741177445e-05,-0.083736329351038516,0.083736329351038544,0.0089473684210526483
0.0072374568275092883,528.30945437153105,66857.503914751796,0.032076098263630323,-0.022586756520262492,-0.0037820904713430138,0.29764143692268658,0.00013174967945304744,8.3073167447351404e-05,-0.07257148543756671,0.072571485437566738,0.0089473684210526483
0.0058692747581212366,528.30902587418927,66855.041561485486,0.036416925092197877,-0.02446005708096767,0.001145987936277389,0.30898846228068116,0.00010813288008209315,6.1032804396544634e-05,-0.061406641524094911,0.061406641524094932,0.0089473684210526483
0.0050963008371520905,528.33825147660207,66855.03614358147,0.036713389894770999,-0.022418532628203952,0.0036785414617738561,0.24784331968249626,9.1715484472015618e-05,4.8806356623948952e-05,-0.050241797610623112,0.050241797610623126,0.0089473684210526483
0.0045608254712439997,528.39938755746687,66856.534192157866,0.034730716993915479,-0.016970748520227185,0.0054047186327209791,0.18945910049245973,7.5695976182548383e-05,3.9680748024397265e-05,-0.039076953697151307,0.03907695369715132,0.0089473684210526483
0.0042162782587742359,528.46693658495712,66795.765184501492,0.032846135791741886,-0.0093431552609609635,0.0064034153101333903,0.15023401936185135,6.4481788944157354e-05,3.3856947794233968e-05,-0.027912109783679515,0.027912109783679515,0.0089473684210526483
0.0042570868242115499,528.58660541811594,66795.84784935978,0.033361383354728859,0.0018288577615448594,0.0062692688641303998,0.12168366695914878,5.5109344510050442e-05,3.1602768549413373e-05,-0.016747265870207709,0.016747265870207709,0.0089473684210526483
2.7957609382353725,511.28174634649076,66790.425505193605,-0.001225705455012418,0.011162253100740458,0.41488462015006372,0.088076215424136142,0.0046443017477996677,0.19052863107735665,-0.0055824219567359029,0.0055824219567359029,0.0089473684210526483
2.8439287575976331,511.36137234467782,66804.402501059827,0.0040570095869706902,-0.0057062219573864436,0.40881094959230013,0.0917471961152906,0.0047910249249102192,0.19684887083684227,0.005582421956735889,-0.0055824219567359029,0.0089473684210526483
0.0039541571508867049,529.41839982386966,66797.518867043298,-0.021262967727655884,0.017103009360902238,0.0056370457697181194,0.065757631637835698,3.6272473041259092e-05,2.381455709470593e-05,0.016747265870207709,-0.016747265870207709,0.0089473684210526483
0.004092439377245515,529.50983177732985,66796.360483719749,-0.023360947415393008,0.02260229897572491,0.0073766986764585013,0.095325867634366873,4.6047960079404495e-05,2.7770740013293522e-05,0.027912109783679501,-0.027912109783679515,0.0089473684210526483
0.0043239123873520377,529.54832625468259,66856.756088440714,-0.025676689056912696,0.026281086213860695,0.0068917175403905998,0.11409841947715817,5.4110194486361595e-05,3.1806540368059042e-05,0.039076953697151307,-0.03907695369715132,0.0089473684210526483
0.0047249473328283987,529.57566937044271,66854.819096209569,-0.029358875734351725,0.0296159549125516,0.0058376318873711074,0.13905157336910429,6.4406624312906378e-05,3.7919468437996842e-05,0.050241797610623085,-0.050241797610623126,0.0089473684210526483
0.0054033170115625334,529.59137918117494,66853.816550344243,-0.031431492306832037,0.030883966693403243,0.0037676427579381023,0.16490336987113627,7.4197327620815657e-05,4.6543022188456271e-05,0.061406641524094918,-0.061406641524094932,0.0089473684210526483
0.0067444137660476198,529.61871241120002,66854.972243043478,-0.030296025916549035,0.028469451188177189,-0.0014347697401898831,0.17900903745605551,9.0035132104109025e-05,6.3995613852985857e-05,0.072571485437566696,-0.072571485437566738,0.0089473684210526483
0.0080839551570969243,529.66220287067563,66858.118789842731,-0.023851462337446658,0.021606242320824046,-0.0071969825986489128,0.14831151710161578,9.9033337698606409e-05,8.0447880002219746e-05,0.083736329351038502,-0.083736329351038544,0.0089473684210526483
0.0088933378245012341,529.69809622256219,66860.882178170184,-0.012043296077704234,0.010687200001281054,-0.010151429340030495,0.10826747914672957,8.5468932751752994e-05,8.2218382835232528e-05,0.094901173264510308,-0.09490117326451035,0.0089473684210526483
1.7107857658737637,508.99161706800442,67705.610729029271,-0.0035079540736317675,0.0050579151054032144,0.48536577733527342,0.06230403634857453,0.0026078823140276057,0.087365430789710721,-0.0055824219567359029,0.0055824219567359029,0
1.7189868749623622,508.99086460069714,67713.288102271385,0.0033347003686744099,-0.0036668520697628339,0.48310727534848841,0.060672389217240968,0.0026259058949273731,0.088087064990110361,0.005582421956735889,-0.0055824219567359029,0
0.56452264194521296,528.04762359131337,67723.752312206372,-2.7338625423899952e-06,3.5374241627624461e-06,-9.5142387259614785e-08,3.1551187831683776e-08,1.4444393550073991e-09,2.1455123643735973e-05,0.016747265870207709,-0.016747265870207709,0
0.89403565346698266,529.40347239251219,67726.294828255486,-3.7836227052093965e-05,0.00012257808300721089,-1.6496584495490549e-07,7.9072712002273394e-08,3.6079822994934028e-09,5.3701576781313919e-05,0.094901173264510308,-0.09490117326451035,0
658.61305669620799,516.62878360546256,51853.352526571362,0,0,0,1.7948497966684246e-06,0.00041617307655225259,13.435917442886877,-0.0055824219567359029,0.0055824219567359029,0.17000000000000001
53.585294457804913,523.71001593551568,50907.500694322436,0,0,0,6.8182471930325106e-05,3.1529658170991555e-06,0.095149224446800934,0.050241797610623085,-0.050241797610623126,0.17000000000000001
42.468321375380683,524.61201447626706,50906.346064041434,0,0,0,4.3240172056164549e-05,1.9947280524274652e-06,0.059980066488591437,0.061406641524094918,-0.061406641524094932,0.17000000000000001
2.2767241335333819,528.85173799472113,67729.534760764625,0,0,0,1.2942207480117573e-07,5.9122489641098238e-09,0.00017505993709386426,-0.094901173264510308,0.09490117326451035,0
2.9616645121898446,528.76739614591281,67727.240406323501,0,0,0,2.2430501829439491e-07,1.0169342724316122e-08,0.00029866360541339369,-0.083736329351038516,0.083736329351038544,0
3.2878389426043393,528.71330014456987,67723.630947669866,0,0,0,2.8127103283652642e-07,1.2691585397077638e-08,0.00037039786378925866,-0.07257148543756671,0.072571485437566738,0
2.8087134652771972,528.69551060613071,67720.671038464265,0,0,0,2.0365379630461381e-07,9.2075376763231249e-09,0.00026951267130677066,-0.061406641524094911,0.061406641524094932,0
2.49608113606826,528.7216827202559,67720.416250306429,0,0,0,1.596529688980955e-07,7.2333069826794166e-09,0.00021228883154327866,-0.050241797610623112,0.050241797610623126,0
2.2747179497629419,528.75277460750215,67721.760596948065,0,0,0,1.3258113012165091e-07,6.00704591544668e-09,0.00017630232125616474,-0.039076953697151307,0.03907695369715132,0
1.8909279576442857,528.65304186595324,67722.826308504067,0,0,0,9.2379039856339568e-08,4.1760523019062309e-09,0.00012219626949445684,-0.027912109783679515,0.027912109783679515,0
1.4429227720910325,527.78985011340956,67722.839162068383,0,0,0,5.2591611995044699e-08,2.3907857544750058e-09,7.0552664039062721e-05,-0.016747265870207709,0.016747265870207709,0
1.5098317415006652,529.09431778993098,67723.375695578376,0,0,0,5.6068550484730545e-08,2.5701197445792738e-09,7.6542956044392714e-05,0.027912109783679501,-0.027912109783679515,0
2.0178890270614764,529.32503318442718,67722.049240884502,0,0,0,1.0038514143542681e-07,4.5979338160918091e-09,0.00013682915234895955,0.039076953697151307,-0.03907695369715132,0
2.241125563076479,529.42708389936809,67720.154167620305,0,0,0,1.2423006021130076e-07,5.6841334062073024e-09,0.00016896560996615176,0.050241797610623085,-0.050241797610623126,0
2.2543991748576322,529.47433117549895,67719.321853257468,0,0,0,1.255206650824508e-07,5.7453546996071091e-09,0.00017087921478300256,0.061406641524094918,-0.061406641524094932,0
2.6110201803164141,529.50616011063119,67720.916744111804,0,0,0,1.676978111705157e-07,7.6856135909828539e-09,0.0002289019546818563,0.072571485437566696,-0.072571485437566738,0
2.4726812293300955,529.49511540850995,67724.291815101577,0,0,0,1.50865704397162e-07,6.9079142935683553e-09,0.00020551408999016737,0.083736329351038502,-0.083736329351038544,0
9.2597217981240796,532.09788845002254,50789.545864898268,0,0,0,2.2478499296383575e-06,1.010563550348555e-07,0.0029436065029615015,-0.10606601717798211,0.10606601717798216,0.17000000000000001
9.8923239138684043,532.31147330598185,50792.798247498024,0,0,0,2.5351108957883034e-06,1.1433038956874492e-07,0.0033448694356984694,0.10606601717798211,-0.10606601717798216,0.17000000000000001
15.101315687239982,531.01278197835575,51795.571212408206,0,0,0,5.8597983689551129e-06,2.6496557839540146e-07,0.0077733731459310252,-0.10606601717798211,0.10606601717798216,0.16105263157894739
14.170016904442662,531.42063659125859,51797.285942500028,0,0,0,5.120499320614046e-06,2.3197589714081206e-07,0.0068248294005504679,0.10606601717798211,-0.10606601717798216,0.16105263157894739
17.142290957102336,530.36801703495428,52794.340808650246,0,0,0,7.4173661179601382e-06,3.3711131539091236e-07,0.0099530349071815412,-0.10606601717798211,0.10606601717798216,0.15210526315789474
14.45162750430487,531.01829069686357,52786.975934225942,0,0,0,5.2754057046238464e-06,2.3967097898473846e-07,0.0070749680648530605,0.10606601717798211,-0.10606601717798216,0.15210526315789474
16.145070733364157,530.17987105221084,53525.32332098324,0,0,0,6.5438485656560192e-06,2.9792001154391082e-07,0.0088123104814789664,-0.10606601717798211,0.10606601717798216,0.14315789473684212
12.841269359878293,531.00476478525366,53519.157257690604,0,0,0,4.1531456742138864e-06,1.8885791814810096e-07,0.0055805313838944498,0.10606601717798211,-0.10606601717798216,0.14315789473684212
13.543498024337536,530.18855560123848,54494.923916492204,0,0,0,4.5871702010385778e-06,2.0909186628378136e-07,0.0061929763031801826,-0.10606601717798211,0.10606601717798216,0.1342105263157895
10.301422439991443,531.25663672107351,54492.478937257969,0,0,0,2.6733483662399583e-06,1.2156004484451764e-07,0.0035916385380514132,0.10606601717798211,-0.10606601717798216,0.1342105263157895
11.832376651011018,530.3317774729918,55226.990945755439,0,0,0,3.5070477741080153e-06,1.5978588489823556e-07,0.0047297827370420464,-0.10606601717798211,0.10606601717798216,0.12526315789473685
9.1085453868396211,531.58170866377952,55229.283883485456,0,0,0,2.0984860034737625e-06,9.5307096013307018e-08,0.0028119762295946544,0.10606601717798211,-0.10606601717798216,0.12526315789473685
10.681202351428125,530.57928590961706,56209.321194811084,0,0,0,2.8766186305267716e-06,1.3081052195067455e-07,0.0038631492041476547,-0.10606601717798211,0.10606601717798216,0.11631578947368422
8.5775943811141335,531.99813966800969,56213.380777326973,0,0,0,1.8697246154904881e-06,8.4794897035345834e-08,0.0024977580306848593,0.10606601717798211,-0.10606601717798216,0.11631578947368422
10.242124765119712,530.71830229995021,57195.549485724267,0,0,0,2.6563636575999436e-06,1.2064141431286678e-07,0.0035574456347395528,-0.10606601717798211,0.10606601717798216,0.10736842105263159
8.4635946866266814,532.23164301270492,57198.271650955736,0,0,0,1.8231351863635556e-06,8.2639892543282945e-08,0.0024330426902594202,0.10606601717798211,-0.10606601717798216,0.10736842105263159
10.085637370459938,530.59985981003751,57936.536056516314,0,0,0,2.5767689582492563e-06,1.1701678945961154e-07,0.0034500662778995089,-0.10606601717798211,0.10606601717798216,0.098421052631578965
8.4439929725630094,532.1367746554788,57940.311653008044,0,0,0,1.8123955246457691e-06,8.2184369211411077e-08,0.0024207083947954348,0.10606601717798211,-0.10606601717798216,0.098421052631578965
9.8650855601995087,530.03206653172015,58926.001420680528,0,0,0,2.4571396650627007e-06,1.1170608669422987e-07,0.0032971543262254083,-0.10606601717798211,0.10606601717798216,0.08947368421052633
8.3825379595747247,531.55220801549206,58927.421677332932,0,0,0,1.7775011852263658e-06,8.0727293131345226e-08,0.0023816926913945665,0.10606601717798211,-0.10606601717798216,0.08947368421052633
9.6051283353846806,529.5264032644169,59669.072277549043,0,0,0,2.3221850796536466e-06,1.0567753466474402e-07,0.0031224429235678251,-0.10606601717798211,0.10606601717798216,0.080526315789473696
8.239856167092789,531.02399311315992,59670.940374908212,0,0,0,1.7105026305845323e-06,7.7787144124165593e-08,0.0022981244558266099,0.10606601717798211,-0.10606601717798216,0.080526315789473696
9.1109390302508579,529.03577517516408,60661.245904857788,0,0,0,2.0834823968651524e-06,9.4906292577126934e-08,0.0028067946793602591,-0.10606601717798211,0.10606601717798216,0.071578947368421048
7.9089341078565241,530.5027884905395,60660.145393339451,0,0,0,1.5697641777467184e-06,7.1477626531265238e-08,0.002114477259387976,0.10606601717798211,-0.10606601717798216,0.071578947368421048
8.6544583651846523,528.81858419514731,61406.021129073371,0,0,0,1.8802907917196597e-06,8.5653121281858679e-08,0.0025328617748911621,-0.10606601717798211,0.10606601717798216,0.062631578947368427
7.6008926374250843,530.25292255906618,61405.273610601165,0,0,0,1.4471257571309839e-06,6.5934460514104147e-08,0.0019517348939983149,0.10606601717798211,-0.10606601717798216,0.062631578947368427
7.9176471288519918,528.67048007230665,62399.892988026193,0,0,0,1.5748543084905206e-06,7.1725253526873651e-08,0.0021204702726212187,-0.10606601717798211,0.10606601717798216,0.053684210526315793
7.1279664840225294,530.04298879554017,62396.563709480164,0,0,0,1.270690612624014e-06,5.7926428665920868e-08,0.0017155525506394452,0.10606601717798211,-0.10606601717798216,0.053684210526315793
6.9949729910697922,528.62188117561846,63393.721722061513,0,0,0,1.2309844236157577e-06,5.6035830646962149e-08,0.0016558422089913737,-0.10606601717798211,0.10606601717798216,0.044736842105263158
6.539340254536822,529.91948934140316,63390.226171104194,0,0,0,1.0683168293513571e-06,4.8722113566952792e-08,0.001443434213186671,0.10606601717798211,-0.10606601717798216,0.044736842105263158
6.179783759151241,528.63026642687134,64138.564848506656,0,0,0,9.6125567132045124e-07,4.375710159803246e-08,0.0012926994151383809,-0.10606601717798211,0.10606601717798216,0.035789473684210538
5.929471153176503,529.84682566544859,64136.588361396527,0,0,0,8.7770689166161583e-07,4.0039453732545692e-08,0.0011864789359133374,0.10606601717798211,-0.10606601717798216,0.035789473684210538
4.9887506666223631,528.69736779345112,65130.626502408239,0,0,0,6.2572912185100825e-07,2.8500640488313967e-08,0.00084220750817681517,-0.10606601717798211,0.10606601717798216,0.026842105263157917
4.7268301941212973,529.7432989881753,65127.770609083869,0,0,0,5.5740689345527763e-07,2.5438303746162139e-08,0.00075390057650353106,0.10606601717798211,-0.10606601717798216,0.026842105263157917
4.0667988011245511,528.78449485610145,65873.923112556004,0,0,0,4.155058941642989e-07,1.8931434512627816e-08,0.00055955714882955471,-0.10606601717798211,0.10606601717798216,0.017894736842105269
3.1819664237899312,529.59380260890032,65872.549123830104,0,0,0,2.5141120524659673e-07,1.1489887303113054e-08,0.00034107781891433425,0.10606601717798211,-0.10606601717798216,0.017894736842105269
0.94775792415437565,528.87689007259814,66864.354607326124,0,0,0,2.2094074458366231e-08,1.012654153804158e-09,3.0159768139509265e-05,-0.10606601717798211,0.10606601717798216,0.0089473684210526483
0.69711140795631643,529.15896025999916,66861.117404829172,0,0,0,1.1882061248817341e-08,5.4579014348281992e-10,1.6286022634993116e-05,0.10606601717798211,-0.10606601717798216,0.0089473684210526483
1.8344493473673253,528.87126264578615,67641.403577201898,0,0,0,8.5813296372129464e-08,3.8970583831746969e-09,0.00011451811232077073,-0.10606601717798211,0.10606601717798216,0
1.7662589623569607,528.89831512952435,67638.954509118834,0,0,0,7.2105339163126166e-08,3.3687947381570829e-09,0.00010251600028002637,0.10606601717798211,-0.10606601717798216,0
0.036717560870587161,528.05890842313136,51032.147761699787,0.0079694032179615168,0.028282701705309186,0.004210368225233292,0.19424812905516914,0.00039884991519202509,0.00073329474974939441,3.7668281192639242e-17,0.13571428571428573,0.17000000000000001
0.08239089256162431,527.80679289571049,51031.592066800782,0.0056725633426651248,0.051224560898336116,-0.016201625414387362,0.21647093344903556,0.00075978454776663088,0.0022710381830776112,3.3703198961835113e-17,0.12142857142857144,0.17000000000000001
0.23664722047255443,525.19275976624442,51037.550068907411,0.0018673378986242065,0.097309972435068087,-0.010816417777023416,0.2024975697320763,0.0012899946526052941,0.0084995388410623127,2.9738116731030978e-17,0.10714285714285715,0.17000000000000001
33.742474504738141,523.29429046937958,50904.853211696143,-3.8089733870163343e-05,0.0051078837241646533,4.7913720298490358e-06,0.00010787573498632895,4.9973679841679197e-06,0.075430605425246711,2.180795226942272e-17,0.078571428571428584,0.17000000000000001
42.942330423018667,522.36306127038222,50909.792906546652,0.00022545991357958458,0.0063559417574102313,9.5321498881171865e-06,0.00014980123933934546,6.9558622547289568e-06,0.11325596788760359,1.7842870038618589e-17,0.064285714285714293,0.17000000000000001
62.350946455088547,519.9671820554596,50954.442389486525,0.0010268253712011628,0.011704083317896585,4.4090656262565693e-05,7.1859981788886551e-08,1.6462197193733702e-05,0.25298044375384404,9.912705577010328e-18,0.035714285714285726,0.17000000000000001
303.94847527699972,516.9283085532245,51546.655567096881,-0.00069342069990154962,-0.025204680926443023,0.0024738868107965881,1.5560604088991962e-06,0.0003602606898698385,5.7691045209304308,-1.9825411154020705e-18,-0.0071428571428571452,0.17000000000000001
70.244714711452431,518.81252371042638,50993.101828819003,-0.00044227450418238349,-0.01386342755470172,6.1709254197983804e-05,9.1691675586332998e-08,2.106943695325834e-05,0.3224334706356265,-5.9476233462061931e-18,-0.021428571428571436,0.17000000000000001
48.850748690444412,520.27047867889564,50923.637880695242,-0.0001946897244879194,-0.0081996416316474658,1.3119772215847044e-05,4.5031700801874106e-08,1.0306577892300041e-05,0.15682975681932929,-9.912705577010328e-18,-0.035714285714285726,0.17000000000000001
41.974316982118133,521.50164982014678,50915.460775300198,-9.8071556694043243e-05,-0.0056742464128774345,5.2306152625980045e-06,0.00013967336710142723,6.4997288738392655e-06,0.10701169879010271,-1.3877787807814457e-17,-0.049999999999999989,0.17000000000000001
30.590614129640443,522.69167611883665,50910.38668387576,-7.5114023911327521e-05,-0.0043859477050527075,6.0997153246625012e-06,8.839942515363958e-05,4.1013507551123907e-06,0.061951475171126973,-1.7842870038618585e-17,-0.064285714285714307,0.17000000000000001
23.84492448227271,523.7326495014712,50905.965721273176,5.446331964415544e-05,-0.0035847879481722697,3.3223017427685233e-06,5.423909022084669e-05,2.5098859505823851e-06,0.037776606741245292,-2.1807952269422714e-17,-0.07857142857142857,0.17000000000000001
8.3848614706725524,524.94561970125392,50906.182051823118,2.4086498327970217e-05,-0.0019513685053242739,-1.4886030491498738e-06,6.8294297309483748e-06,3.1501413011898421e-07,0.0047060973772017458,-2.5773034500226855e-17,-0.09285714285714286,0.17000000000000001
0.11037122727308368,526.25216652403719,51037.393511910559,-0.0015751924242452294,-0.075084826100528829,-0.0096498284847761941,0.17449707964811656,0.00080748860737097717,0.0031363467639228602,-2.9738116731030972e-17,-0.10714285714285715,0.17000000000000001
0.045933156428236609,530.52498130127617,51034.419590710473,-0.0026419256354381537,-0.034509814917888876,-0.013845342051707137,0.16394520085312209,0.00043400191498163792,0.00095691224746019695,-3.3703198961835113e-17,-0.12142857142857144,0.17000000000000001
0.016540053513747519,530.88949314648494,51033.60880854648,-0.0016643589894449948,-0.015748351454565376,0.0013272193173348905,0.13887346437009845,0.00018582974223268833,0.00022547298923149731,-3.7668281192639229e-17,-0.13571428571428573,0.17000000000000001
0.063060413715664135,526.37211264107339,51784.231381470971,0.0031485546466015557,0.065273212271677372,-0.01377473864148728,0.33808047637622068,0.00069732813211982863,0.0016652345338193384,3.7668281192639242e-17,0.13571428571428573,0.16190476190476191
0.088182202242260962,525.47245339890696,51770.722824517943,0.0020349784040903543,0.098543026527825303,-0.027517050905337688,0.61649700163370824,0.00088945291046629133,0.0026299192918768505,3.3703198961835113e-17,0.12142857142857144,0.16190476190476191
0.10895842986236383,525.41606802514855,51767.932171371649,0.0025021165621919323,0.10141603360357337,-0.012012060503505529,0.63797574795802325,0.001317058759973956,0.0039542435224442819,2.9738116731030978e-17,0.10714285714285715,0.16190476190476191
0.13526729763755296,525.52071996316431,51766.165553413659,0.0032142244531858698,0.10171128219263627,0.0020090401117578514,0.65413485960381368,0.0017760374996375961,0.005700577829903939,2.5773034500226849e-17,0.092857142857142874,0.16190476190476191
0.17890316409635645,525.28539378494065,51768.109769268558,0.0041058684109213494,0.10313088995477156,0.0074037027682078236,0.67506978012275354,0.002401017933385507,0.008766287778817581,2.180795226942272e-17,0.078571428571428584,0.16190476190476191
0.22933141282970093,524.87544797117516,51771.89581373721,0.00579968505003814,0.10256423786874969,0.010809764222858929,0.6821466937240861,0.0030589641616589214,0.012683839592447546,1.7842870038618589e-17,0.064285714285714293,0.16190476190476191
0.31252372044550636,523.94799367430778,51715.078089760791,0.0087066291654213628,0.11401903583966448,0.016809447685939269,0.74303198229651812,0.0042210256511738351,0.020304485132675305,1.3877787807814457e-17,0.050000000000000017,0.16190476190476191
0.31867686646197629,523.03143724681456,51730.98405227629,0.01827824735584925,0.1134221230688197,0.03605003894968329,0.81571254272518268,0.0045518307265153702,0.021500253953685943,9.912705577010328e-18,0.035714285714285726,0.16190476190476191
0.415057503230508,520.85945639055751,51814.993569645027,0.028300350665521327,0.11597364328518892,0.086072455192022071,1.244182016806167,0.0065036730525242278,0.033472459100147414,5.9476233462061993e-18,0.021428571428571436,0.16190476190476191
0.76886544180170024,516.19564982543113,52172.953279849389,0.022061726534823318,0.064579964263853748,0.26255515230908211,1.8887917583251856,0.013383873634647258,0.088949037877455131,1.9825411154020705e-18,0.0071428571428571452,0.16190476190476191
0.76975270880869406,517.97772461892475,52005.11148654834,-0.012483547837788621,-0.091361770766494335,0.18905052408162248,1.9421883192381761,0.014171835923025672,0.091635611785599633,-1.9825411154020705e-18,-0.0071428571428571452,0.16190476190476191
0.47176467027800095,521.78224443237002,51744.384538034137,-0.010088461569472884,-0.11018551311150469,0.046172432892079097,1.4208145465047466,0.0072520165712815993,0.040174900333820818,-5.9476233462061931e-18,-0.021428571428571436,0.16190476190476191
0.36859836666352364,523.02187776919345,51718.926206859658,-0.0056531222870044471,-0.097172590399475636,0.014465147712532697,0.90823225673109487,0.0048930551731142203,0.025783594527038552,-9.912705577010328e-18,-0.035714285714285726,0.16190476190476191
0.27615122845419193,523.8441505823788,51716.289151328965,-0.0031481470333812925,-0.09228287623985347,0.0081219192606712034,0.78590193384433038,0.0035470984372852972,0.016446882888341473,-1.3877787807814457e-17,-0.049999999999999989,0.16190476190476191
0.16955328346175672,524.95187404987848,51774.51580703324,-0.0034022783875995756,-0.084169317769060337,0.0077347936662817834,0.65612917909535573,0.0021686305803533695,0.0078958518897730475,-1.7842870038618585e-17,-0.064285714285714307,0.16190476190476191
0.11533140559948123,525.47861275193873,51769.89733814833,-0.0029783674931139334,-0.085073668750308071,0.0057766800357690572,0.55756471957127152,0.0014337504356259237,0.0043670118103453504,-2.1807952269422714e-17,-0.07857142857142857,0.16190476190476191
0.081978101276493465,525.74791908800739,51768.68596812668,-0.0025789213284443863,-0.083778543743413134,0.00096879521248105808,0.47911240838654556,0.00096460431221550463,0.0025460823998850204,-2.5773034500226855e-17,-0.09285714285714286,0.16190476190476191
0.063129649423231793,525.64521848596712,51770.944511746071,-0.0019587239649907231,-0.083153105309118361,-0.011835393094924308,0.44453280526726685,0.00068820028239353903,0.0016561161824399878,-2.9738116731030972e-17,-0.10714285714285715,0.16190476190476191
0.053212126382191721,526.13517126711156,51773.729372062386,-0.0012145662776870973,-0.079143306622420653,-0.026816074309468311,0.47035222105554508,0.00052692934877074458,0.0012214812592075417,-3.3703198961835113e-17,-0.12142857142857144,0.16190476190476191
0.038676267502946671,528.38951075240732,51780.513188045545,-0.0018848771514724263,-0.046574665871099978,-0.012455578696050681,0.23966013023246446,0.00044253937752378934,0.00081361793925986486,-3.7668281192639229e-17,-0.13571428571428573,0.16190476190476191
0.053729758468748126,525.97248042401191,52527.468999337529,0.0018980688735546372,0.060798636785973692,-0.03412505461570501,0.42456616519887369,0.0006832954303998606,0.0014044916011406703,3.7668281192639242e-17,0.13571428571428573,0.15380952380952381
0.055359418710189082,526.52179371854493,52506.869265421563,0.0029281513122021911,0.071083831162051761,-0.02213129329749525,0.45469844007561061,0.00078290158578592499,0.0015489774937823418,3.3703198961835113e-17,0.12142857142857144,0.15380952380952381
0.040738543122062737,527.51714097594072,52503.439756081985,0.0048149743833073204,0.056983473960905126,-0.0010900665019685455,0.47388344002302019,0.0006890535859390035,0.0010693798398678084,2.9738116731030978e-17,0.10714285714285715,0.15380952380952381
0.032372907733436096,527.92635535212867,52504.380371246101,0.00577783860561703,0.04985164262462885,0.010492123862451245,0.51969030530372751,0.00060969336614818362,0.00079935085586010251,2.5773034500226849e-17,0.092857142857142874,0.15380952380952381
0.026510000590980503,528.1559227020648,52507.963160670086,0.0056409538006166951,0.042032724038956089,0.017397311400825118,0.49841741473607748,0.00050344021961077593,0.00059481743725009559,2.180795226942272e-17,0.078571428571428584,0.15380952380952381
0.02062622512726682,528.16034827576846,52511.732886484846,0.0044540862438911992,0.034011740124048985,0.020719350651764487,0.39948015039189583,0.00033533884027327253,0.00037771278268701046,1.7842870038618589e-17,0.064285714285714293,0.15380952380952381
0.020837579036532727,527.43594842235109,52453.055635009812,0.0046204138759135477,0.032376297380533103,0.026257249051574293,0.35067048195062644,0.00029458581857403829,0.00035764584019495806,1.3877787807814457e-17,0.050000000000000017,0.15380952380952381
0.060575490651252499,525.75406502961823,52462.653287218411,0.011437742449404539,0.034528270543845642,0.047945798098076427,0.4430770754671004,0.00085956232462818872,0.0017759700043942768,9.912705577010328e-18,0.035714285714285726,0.15380952380952381
0.22058507684925371,522.74162434540767,52496.621929101369,0.017261269841442183,0.035480607005230959,0.1139251238009389,1.0126945103440421,0.0034063457745513981,0.012874207164508983,5.9476233462061993e-18,0.021428571428571436,0.15380952380952381
0.7868146354543909,516.25703614343422,52618.392076441436,0.0079917858527186053,0.026611545174002712,0.34863166229607612,1.3098889464692998,0.01083522790791591,0.081901424402660697,1.9825411154020705e-18,0.0071428571428571452,0.15380952380952381
0.72895475308085667,518.76953557408854,52565.027807452781,-0.011453013784745345,-0.021095162365288283,0.26320816281865567,1.7238940477344498,0.011822797198028572,0.079261208922745255,-1.9825411154020705e-18,-0.0071428571428571452,0.15380952380952381
0.16565580435625296,524.73990444727099,52469.16685961646,-0.0097227285243402326,-0.024390004856759517,0.060429217316620334,0.95284331815089063,0.0028176066979683583,0.0087931978104145228,-5.9476233462061931e-18,-0.021428571428571436,0.15380952380952381
0.04823450436476992,527.13216086183093,52459.419770859029,-0.0055618131377229516,-0.016997529541133496,0.022139963992915804,0.56222152734396547,0.00069739818722232023,0.0012737911505037289,-9.912705577010328e-18,-0.035714285714285726,0.15380952380952381
0.031678179713632647,528.16748151878551,52457.020965994067,-0.0057242560765508729,-0.022814674186880716,0.020090882110207445,0.45110123340829916,0.00048355766891928326,0.00069660142082709662,-1.3877787807814457e-17,-0.049999999999999989,0.15380952380952381
0.025990954512801256,528.49783826842167,52515.27557381762,-0.0073194071139153338,-0.03410750281126821,0.017974084354713704,0.36263930887195106,0.00037308409012033002,0.00050202528783380206,-1.7842870038618585e-17,-0.064285714285714307,0.15380952380952381
0.021629622233517762,528.46878820992299,52510.558313810958,-0.0058843697964754433,-0.042704197787452457,0.013180323295294016,0.27398045056210718,0.00027681690956724947,0.00035986966727692118,-2.1807952269422714e-17,-0.07857142857142857,0.15380952380952381
0.020133320372168296,528.2994540702482,52507.87529208132,-0.0050564038253075663,-0.047161573451109377,0.006168469735574866,0.22392930574757999,0.00023754814934446645,0.0003103067551667811,-2.5773034500226855e-17,-0.09285714285714286,0.15380952380952381
0.024362797925427952,527.84685483735404,52507.786558353459,-0.0043742752949236423,-0.051495290341566906,-0.0042053943208845215,0.2260844842114427,0.00028600686232617937,0.00041201724116075774,-2.9738116731030972e-17,-0.10714285714285715,0.15380952380952381
0.033835668556199308,526.65766081583456,52510.913367675137,-0.0022753830882496101,-0.063403812900305251,-0.023894226799478283,0.28275345418487191,0.00039025345259733772,0.00066841800381406532,-3.3703198961835113e-17,-0.12142857142857144,0.15380952380952381
0.034734847714886039,526.73305459091205,52525.154490088076,-0.0014389932612055246,-0.053217967890183605,-0.030901617921470351,0.3019596930674826,0.00040628607253379262,0.00070013431958203557,-3.7668281192639229e-17,-0.13571428571428573,0.15380952380952381
0.039658896722605558,526.38987155569998,53260.160694679071,0.0020231666288538439,0.03861169747713683,-0.045769328361598249,0.41288843949379644,0.00056621408712925704,0.00094369349937804153,3.7668281192639242e-17,0.13571428571428573,0.14571428571428574
0.022193190911045765,527.69744897595274,53244.260720479891,0.0043790749061481289,0.041450495167960302,-0.013998301158559767,0.45951013320364337,0.00043498353235891271,0.00046286693389105128,3.3703198961835113e-17,0.12142857142857144,0.14571428571428574
0.011234624501820611,528.18652979728301,53241.929241058016,0.0067460300859002731,0.039727637092203241,0.0054160608972390976,0.60217996885133351,0.00035938421869240894,0.00021297962727058885,2.9738116731030978e-17,0.10714285714285715,0.14571428571428574
0.0086833905650518638,528.34310172014,53243.251595937079,0.0078192105640817466,0.038336769659920118,0.016735092448063194,0.84687881654990493,0.00037221335991051522,0.00016752719386096685,2.5773034500226849e-17,0.092857142857142874,0.14571428571428574
0.0071648792784570845,528.48683247403505,53246.81448653221,0.0074030292366866436,0.03445859322891056,0.024628387297001463,1.0478539222957959,0.00036533370614871304,0.00013694738651277345,2.180795226942272e-17,0.078571428571428584,0.14571428571428574
0.0063098652895830906,528.5275075501529,53250.800267943836,0.0052784709671376802,0.0290282267192894,0.027125788979563435,0.86368849959997951,0.00027560970323104432,0.00010475320978754757,1.7842870038618589e-17,0.064285714285714293,0.14571428571428574
0.010415489681790612,528.17255812392682,53315.449856225387,0.0034295475690137222,0.024595807089367341,0.030430979308282358,0.44555551408932798,0.00020662536381344312,0.00014971713528300832,1.3877787807814457e-17,0.050000000000000017,0.14571428571428574
0.047012226002050739,526.49134286993831,53320.687670110528,0.0073479627455986102,0.021293645262715245,0.05351611187299455,0.44204753023894183,0.00060543979991502716,0.0011567680868197433,9.912705577010328e-18,0.035714285714285726,0.14571428571428574
0.20092995363577504,523.28464761958139,53332.535017376118,0.010905523498358147,0.014539007002280134,0.12482729383486285,0.88895605942246059,0.0029897792317942202,0.010986623562346648,5.9476233462061993e-18,0.021428571428571436,0.14571428571428574
0.85508462731212342,516.08077451049348,53362.683805500033,0.00028250735358537288,0.012357722285300665,0.37444968482200863,1.1695698649014585,0.011183080086181459,0.090425270438339825,1.9825411154020705e-18,0.0071428571428571452,0.14571428571428574
0.79151610760948932,518.62671117805814,53358.074163092671,-0.0088236037352694141,-0.0030425871673495355,0.30435390628215542,1.4274755777488273,0.01182240509885037,0.086062245947507679,-1.9825411154020705e-18,-0.0071428571428571452,0.14571428571428574
0.14587883769371263,525.87186776264548,53326.642352018207,-0.008774279847428023,-0.0067861681673968355,0.068753967397079591,0.95534781875335728,0.0022945723570025564,0.0069878435492433388,-5.9476233462061931e-18,-0.021428571428571436,0.14571428571428574
0.017207813780624002,528.48504260399091,53322.044261894975,-0.0068212384575900833,-0.010193247910560678,0.029400531333503864,0.48023152533014707,0.00029718435055782873,0.00029664611543029078,-9.912705577010328e-18,-0.035714285714285726,0.14571428571428574
0.0059558586764337958,529.04438065774082,53319.699241295093,-0.009878629665751603,-0.019379646547549364,0.030643509665907412,0.54036015080206534,0.00021631350392417822,8.7596388317613029e-05,-1.3877787807814457e-17,-0.049999999999999989,0.14571428571428574
0.0046842080461752204,529.04619494956171,53254.599088428658,-0.0088934360103341513,-0.027156552521143525,0.025871742691274343,0.30618850693981531,0.00012787316455548737,5.2969501073240633e-05,-1.7842870038618585e-17,-0.064285714285714307,0.14571428571428574
0.0028726772191173268,528.94802420283929,53250.319508348672,-0.005254691627160136,-0.032122691913504392,0.018943672440913519,0.17175324302633491,6.0244527833943581e-05,2.2296958875585698e-05,-2.1807952269422714e-17,-0.07857142857142857,0.14571428571428574
0.0024584632180178778,528.91180427815061,53247.498351740047,-0.0067323049084956092,-0.0346505543637564,0.010024995087041253,0.11352436894342524,4.5395510533832395e-05,1.6564188624378496e-05,-2.5773034500226855e-17,-0.09285714285714286,0.14571428571428574
0.0030069834043317985,528.86552863442159,53246.910081674294,-0.0073072025858292753,-0.035228276546424762,0.00025134106735355305,0.094521499154902502,4.7172881166424828e-05,2.0652718824357295e-05,-2.9738116731030972e-17,-0.10714285714285715,0.14571428571428574
0.011946682360870231,528.22246587734605,53249.074458076895,-0.0050884742780938829,-0.038027287886685537,-0.016015653932858684,0.13741703586530868,0.00013485657916857092,0.00013873415275432783,-3.3703198961835113e-17,-0.12142857142857144,0.14571428571428574
0.02567856083430797,526.71283467557464,53261.843762632947,-0.0015445954716277242,-0.03890388275586016,-0.042288820215247401,0.26355066522714327,0.00030518291756142997,0.00044859124169222513,-3.7668281192639229e-17,-0.13571428571428573,0.14571428571428574
0.028040458559883401,526.83359687920108,53992.591639361868,0.0021496853147202522,0.020760900187801183,-0.051302156740613773,0.35137726159599214,0.00044767567094588709,0.00059328976760465572,3.7668281192639242e-17,0.13571428571428573,0.13761904761904764
0.0092665921963084492,528.04849263578137,53982.717414851366,0.005081105577097878,0.027860189606110114,-0.012714391977514145,0.46937989443895134,0.00026988894642081431,0.00015223432993533709,3.3703198961835113e-17,0.12142857142857144,0.13761904761904764
0.0056027749347536708,528.19373353597814,53980.99260214594,0.0077234054544732082,0.032362187762743563,0.0081482973170526052,0.47437314325964497,0.00024397236447181648,8.7513185928123538e-05,2.9738116731030978e-17,0.10714285714285715,0.13761904761904764
0.005687443622066319,528.28491372309838,53982.577114338259,0.0091940757401368419,0.033493421111769714,0.021296844727496312,0.72538073853122631,0.00029617542542453076,9.7879471367947037e-05,2.5773034500226849e-17,0.092857142857142874,0.13761904761904764
0.0058584311577675038,528.46310246189762,53986.470842239571,0.0092730753185431107,0.031218312318983681,0.031016417893993359,1.0383932895710066,0.00034881974944110818,0.00010941625947123158,2.180795226942272e-17,0.078571428571428584,0.13761904761904764
0.0056691974620042204,528.59293790137053,53990.424316608645,0.0065565229164670285,0.026464445242638007,0.033442140569974618,0.95875410811414552,0.00029617323382188817,9.7565098574596692e-05,1.7842870038618589e-17,0.064285714285714293,0.13761904761904764
0.0081075225813647712,528.43777944085832,54054.770744117282,0.0034127936019895185,0.022146933922530594,0.034883272116691171,0.55999683195900518,0.00020631895980670887,0.0001164548919418056,1.3877787807814457e-17,0.050000000000000017,0.13761904761904764
0.0406033958235031,526.87777900390336,54058.393806369968,0.0059898150511149542,0.018879641430114228,0.056182095106832468,0.3428209413842101,0.00048146563513011494,0.00089093291533510761,9.912705577010328e-18,0.035714285714285726,0.13761904761904764
0.19399358394220501,523.48728820672147,54063.672522133733,0.0088733306526670719,0.011273091688787347,0.12757357121114613,0.77484503817555506,0.0027303794238351265,0.010136753080658967,5.9476233462061993e-18,0.021428571428571436,0.13761904761904764
0.91212102170811826,515.77452586148911,54073.922358955046,-0.0028439734232586053,0.0097191900203606151,0.38420904434870901,1.0926657259773644,0.0112898655685443,0.096916305533780417,1.9825411154020705e-18,0.0071428571428571452,0.13761904761904764
0.84695982205589893,518.33721493897929,54076.721152018232,-0.0062820166063875093,-0.00089358729757804949,0.32568328871843644,1.2940894869071151,0.011733253022956764,0.091742807646277985,-1.9825411154020705e-18,-0.0071428571428571452,0.13761904761904764
0.13650296280891439,526.42461155153592,54063.819756099707,-0.0078706614631250411,-0.0032125927320386391,0.075661048775112177,0.73861148444168434,0.0019254822434363898,0.0059897933159154849,-5.9476233462061931e-18,-0.021428571428571436,0.13761904761904764
0.011912612643157206,528.97023971963915,54061.255196193626,-0.0084279734897671731,-0.0095137867776586525,0.036861740094638308,0.32241071228197971,0.00018806117193527133,0.00016336408677393826,-9.912705577010328e-18,-0.035714285714285726,0.13761904761904764
0.0051037715099453021,529.16672100076801,54059.205632996731,-0.013207699316392162,-0.018295117193594973,0.038234919366693612,0.42101227978736533,0.0001539926507715851,6.3334627512177664e-05,-1.3877787807814457e-17,-0.049999999999999989,0.13761904761904764
0.0028768910052514225,528.99999178928863,53993.893292331602,-0.0053897272688405561,-0.021317707167711416,0.03206488185118004,0.13850890503897922,5.9541736350702009e-05,2.2199038074245381e-05,-1.7842870038618585e-17,-0.064285714285714307,0.13761904761904764
0.0020847940997728888,528.91216653928223,53989.824616178652,-0.0065721279291780579,-0.025244269623167233,0.023653246948355067,0.1159638322982178,3.9343784813988807e-05,1.3076792644874168e-05,-2.1807952269422714e-17,-0.07857142857142857,0.13761904761904764
0.001948404451805108,528.94512218923376,53987.06926795809,-0.010309223024245161,-0.027898869307920852,0.013467579490073827,0.092588945321705474,3.5687970191932454e-05,1.1639653095788414e-05,-2.5773034500226855e-17,-0.09285714285714286,0.13761904761904764
0.0017799703896737161,528.98226728312522,53986.357879920339,-0.011204262265884845,-0.028144762409019055,0.0024071036102384425,0.075008105715597434,3.3179945973401e-05,1.0252991917556609e-05,-2.9738116731030972e-17,-0.10714285714285715,0.13761904761904764
0.0023434402277328864,528.88370902130964,53988.194915596665,-0.00879964642533833,-0.025082027384978667,-0.014000134092156096,0.064407917236427262,3.5958269080704059e-05,1.405248951040213e-05,-3.3703198961835113e-17,-0.12142857142857144,0.13761904761904764
0.017571952907200834,527.1840796010481,53996.321139632957,-0.0021429455193327038,-0.022941778005779796,-0.047583947180994984,0.19006250182222115,0.00021113718853168085,0.00025533032487415238,-3.7668281192639229e-17,-0.13571428571428573,0.13761904761904764
0.021433306294936633,527.14125447434799,54973.476180518774,0.0019452306450439747,0.0084835058413909904,-0.056816769721801628,0.30778346295529374,0.00038923774530250869,0.00042286003795299556,3.7668281192639242e-17,0.13571428571428573,0.12952380952380954
0.0052828429983476114,528.08319940460729,54967.963726129681,0.0055342683151604361,0.016111764057048578,-0.014770326807982643,0.33120894406502605,0.00017813579454590696,7.0508796461451746e-05,3.3703198961835113e-17,0.12142857142857144,0.12952380952380954
0.0033484671961907077,528.04059947874782,54966.778319072975,0.0094475072748651592,0.01965506745611062,0.0088579506898621395,0.17306614707122936,0.00010277565337681994,3.3946200488042648e-05,2.9738116731030978e-17,0.10714285714285715,0.12952380952380954
0.0044916560376348407,528.05138937944844,54968.37221937874,0.010118501495976226,0.023916935968550285,0.024953740635691977,0.28841487434452384,0.00016696282866638526,5.8038527899169205e-05,2.5773034500226849e-17,0.092857142857142874,0.12952380952380954
0.0057862913458174335,528.323448261561,54972.665111687777,0.012110311914029582,0.025923264758843517,0.038798634072018251,0.76516303507537509,0.0003042085455975901,0.00010092203566046225,2.180795226942272e-17,0.078571428571428584,0.12952380952380954
0.0057904780274455284,528.57578645599096,54976.757921826662,0.0093581756313245758,0.023406645693393742,0.041809057660288022,0.93200623975881791,0.00031552608742106534,0.00010285657388963465,1.7842870038618589e-17,0.064285714285714293,0.12952380952380954
0.0068342424355639173,528.59283815809863,54917.58908853188,0.0038731855512512945,0.020452918165498633,0.040001164040210591,0.65781318785937759,0.00021547749707850834,0.00010032088203582659,1.3877787807814457e-17,0.050000000000000017,0.12952380952380954
0.033743118792902732,527.28657358836517,54920.208274896308,0.0047549719094249375,0.018237791057316353,0.057417548596718854,0.27464971545675693,0.00037109113871286605,0.00065001819420742915,9.912705577010328e-18,0.035714285714285726,0.12952380952380954
0.1880613249418075,523.69100021369002,54922.990301354774,0.0077451412603475947,0.011248099340099496,0.12694963066426146,0.68030287465781181,0.0024509055421607206,0.0093102807753533048,5.9476233462061993e-18,0.021428571428571436,0.12952380952380954
0.97889235890003845,515.34367742838788,54928.645559609235,-0.0048061516247201947,0.010030063801352376,0.39400004561383856,0.9984050641545329,0.011219498581863626,0.10368636812273929,1.9825411154020705e-18,0.0071428571428571452,0.12952380952380954
0.91527212645138767,517.95960105574147,54930.658986723756,-0.003971998733787477,-0.0015547469426623369,0.34242887804423461,1.1802909453223158,0.01166992477461362,0.098874491937321438,-1.9825411154020705e-18,-0.0071428571428571452,0.12952380952380954
0.12346640276371615,526.89766079876074,54924.54876685467,-0.0056042265010777673,-0.0015117819423039131,0.081157855426837427,0.54751875388794435,0.0015234728134083939,0.0048191023409315907,-5.9476233462061931e-18,-0.021428571428571436,0.12952380952380954
0.0074144135905832324,529.18148633749888,54923.483053150863,-0.0099279159576316448,-0.0094020267076784375,0.045244896026213122,0.2475979754201221,0.0001288775713868876,8.417158008613656e-05,-9.912705577010328e-18,-0.035714285714285726,0.12952380952380954
0.0047630803379736459,529.16201991617913,54921.777916654493,-0.014992076901045233,-0.014992287287070423,0.044653615498065929,0.25080103338078924,0.0001190907670251124,5.1978884250711081e-05,-1.3877787807814457e-17,-0.049999999999999989,0.12952380952380954
0.0023279182440847563,528.93137298609042,54979.640831559271,-0.0043316267901720319,-0.014131697177163732,0.038322719034004811,0.14496645803495845,4.3478304396169708e-05,1.5349846021563971e-05,-1.7842870038618585e-17,-0.064285714285714307,0.12952380952380954
0.0021901009916586722,528.90177521168232,54975.880763124413,-0.0094147538791035188,-0.018212741009611264,0.02912024334667793,0.10691106966422512,3.7932133957058948e-05,1.3488628065518783e-05,-2.1807952269422714e-17,-0.07857142857142857,0.12952380952380954
0.0018632217320612122,528.99457806260284,54973.306248814224,-0.014487396337152302,-0.020312708334432248,0.017350446056176097,0.092208676157010963,3.5725704926398871e-05,1.1136659577923196e-05,-2.5773034500226855e-17,-0.09285714285714286,0.12952380952380954
0.0016279457650886042,529.04688002320927,54972.551095983094,-0.014274711532121523,-0.019505867527349313,0.0042500171928264519,0.089966572454180382,3.7530125555062584e-05,9.9730946549705352e-06,-2.9738116731030972e-17,-0.10714285714285715,0.12952380952380954
0.0015282077297305511,529.02784628888196,54974.02158066698,-0.011943384810241318,-0.016291848381514446,-0.015956252090177196,0.083705296636304605,3.183459207665989e-05,8.622476842650211e-06,-3.3703198961835113e-17,-0.12142857142857144,0.12952380952380954
0.012027764034510058,527.69163577881886,54978.359470285002,-0.003239390911960998,-0.010553514825129439,-0.051283038065199252,0.12069061961833762,0.0001441584743648825,0.00014441256708633878,-3.7668281192639229e-17,-0.13571428571428573,0.12952380952380954
0.019759996619381034,527.24393547939974,55711.637155656936,0.0017092341637562703,0.0036360408763576927,-0.060323678429361684,0.31457370604872087,0.00038771699076174405,0.00038908481580790061,3.7668281192639242e-17,0.13571428571428573,0.12142857142857144
0.0043136502621140358,528.07591091839561,55707.871741799667,0.0063929019753739581,0.0092375797332577576,-0.016118520898525893,0.22947806536531098,0.00013835240078264633,5.0738576742213931e-05,3.3703198961835113e-17,0.12142857142857144,0.12142857142857144
0.0026485742800611916,528.07632861850857,55707.088216114658,0.012423856282450746,0.01076205221014765,0.0081303517790235359,0.14803519105338023,6.8799437334925154e-05,2.1968712257771443e-05,2.9738116731030978e-17,0.10714285714285715,0.12142857142857144
0.003926988222191832,527.9690668431748,55708.256210579559,0.011187696672113164,0.01408560687788827,0.024692022451979427,0.24279862532137952,0.00011830311775063087,4.2712765740379363e-05,2.5773034500226849e-17,0.092857142857142874,0.12142857142857144
0.0056523393708625283,528.19822900076167,55712.39248731851,0.013265806399305422,0.019957896443602012,0.043025009705338131,0.53239519671921565,0.00025917000949847766,9.0995643727869463e-05,2.180795226942272e-17,0.078571428571428584,0.12142857142857144
0.0059695911137909253,528.5341073008658,55716.6321227882,0.012040189972502167,0.020632195274869983,0.047545829559446487,0.88196478652900479,0.00032548738749531341,0.00010769899916429041,1.7842870038618589e-17,0.064285714285714293,0.12142857142857144
0.0063306488011350233,528.66018725100321,55657.421012431456,0.0046840208879005583,0.019429333691964829,0.044149583069739928,0.68476994215956022,0.00022741733496800079,9.5468479166802443e-05,1.3877787807814457e-17,0.050000000000000017,0.12142857142857144
0.027713709709557131,527.63093832910499,55659.660386500291,0.003698590409664785,0.018210806663007804,0.057313787017956454,0.24826366023382904,0.00030097113716471836,0.00048079183996132619,9.912705577010328e-18,0.035714285714285726,0.12142857142857144
0.18293142374640414,523.89725240634812,55661.750997968134,0.0072847554548886168,0.011978230029817388,0.12432750556525292,0.6092392755838606,0.0022212632350989223,0.0086216091098340712,5.9476233462061993e-18,0.021428571428571436,0.12142857142857144
1.0376560393374319,514.95918352886554,55667.311583820359,-0.0057906590246430637,0.011062417797687751,0.40253161195492171,0.90847955300882177,0.011038600646006707,0.1090210671909027,1.9825411154020705e-18,0.0071428571428571452,0.12142857142857144
0.97750659058335365,517.62498397067645,55667.746942693928,-0.0027650539911918,-0.0024235493508682252,0.3525103102899601,1.0961541291290433,0.011633830610518975,0.10543409200747345,-1.9825411154020705e-18,-0.0071428571428571452,0.12142857142857144
0.11244097584651357,527.21956194799088,55663.290109258647,-0.0041408011592404623,-0.0014048337983668916,0.082830752613357761,0.43149641439556297,0.0012437998622629285,0.0039655173858316973,-5.9476233462061931e-18,-0.021428571428571436,0.12142857142857144
0.006128515374962392,529.2377801368757,55662.80347845667,-0.011238504614092889,-0.0098064883426038137,0.050893672913748203,0.25287338450088559,0.00011732234858333971,6.6381284832381002e-05,-9.912705577010328e-18,-0.035714285714285726,0.12142857142857144
0.0047270895904707975,529.12392332641934,55661.281233101334,-0.012781247204522148,-0.010830311471994297,0.048423767944213117,0.12491775238392651,0.00010390292863685986,4.8184541167383168e-05,-1.3877787807814457e-17,-0.049999999999999989,0.12142857142857144
0.0023871915716264154,528.90521971364694,55719.277067000694,-0.0046148508218857845,-0.0097761231816031521,0.042079847452079891,0.13820328214257493,4.2826393325272207e-05,1.5622229843227899e-05,-1.7842870038618585e-17,-0.064285714285714307,0.12142857142857144
0.0022769149608672444,528.90484124306965,55715.713284102552,-0.011262354893924936,-0.013646339134560459,0.03237807314888265,0.098238886149410884,3.862491686729176e-05,1.4150786857320698e-05,-2.1807952269422714e-17,-0.07857142857142857,0.12142857142857144
0.0018116428866818328,529.02277472928586,55713.365989691622,-0.016407466848880742,-0.014745618552338174,0.019004383935054856,0.11151573406898631,4.00996957439489e-05,1.1472105489661648e-05,-2.5773034500226855e-17,-0.09285714285714286,0.12142857142857144
0.0016473780067666971,529.07478641748742,55712.708643618258,-0.014970193558007938,-0.013277032662308709,0.0048180243091977713,0.13288926893493497,4.5686096434633129e-05,1.1134873557003051e-05,-2.9738116731030972e-17,-0.10714285714285715,0.12142857142857144
0.0015031088552161487,529.05974169565479,55713.805245602896,-0.012833155749861628,-0.010793590701960523,-0.017108744829729933,0.080265604341364608,3.5895302941493893e-05,9.0055293262044342e-06,-3.3703198961835113e-17,-0.12142857142857144,0.12142857142857144
0.010408828898907459,527.89977234417586,55716.778720612543,-0.0039997949920448049,-0.0060518633985443895,-0.053942563462357908,0.1067603286964474,0.00012922545966779331,0.00011832483634441283,-3.7668281192639229e-17,-0.13571428571428573,0.12142857142857144
0.01917326617609726,527.31060401955665,56451.381798234928,0.0015296873748927502,0.00042126454352561283,-0.062933031060149552,0.33472395141937766,0.00039649451783472161,0.00038178133734748023,3.7668281192639242e-17,0.13571428571428573,0.11333333333333334
0.004421136455891846,528.07042148449545,56448.65480940626,0.0072272522182278377,0.0045145833166110837,-0.017456109663332969,0.20642059549531958,0.00013486342582889497,5.1342973043488358e-05,3.3703198961835113e-17,0.12142857142857144,0.11333333333333334
0.0025362248712462111,528.12674847912956,56448.097457962882,0.01449378076792566,0.0053585237887186967,0.0075043591849722332,0.15782233498654732,6.6290359400956672e-05,2.0649661834373677e-05,2.9738116731030978e-17,0.10714285714285715,0.11333333333333334
0.0038460403788301853,527.95546680351936,56448.96744858595,0.012510206819443575,0.0067475743593443079,0.023946367815021182,0.24200999263049447,0.00010825731741661287,4.0016810447535774e-05,2.5773034500226849e-17,0.092857142857142874,0.11333333333333334
0.0053996510875185177,528.08607580462638,56452.577021983787,0.012930571606810722,0.012697703991206245,0.044944057732527368,0.393811637851261,0.00021416654224470119,7.9020816015954243e-05,2.180795226942272e-17,0.078571428571428584,0.11333333333333334
0.0061511001844442659,528.48752290922505,56456.800043215233,0.014593888034261045,0.017069477271764107,0.052150765135809511,0.85234943861607215,0.00033320247808554077,0.00011228116545598244,1.7842870038618589e-17,0.064285714285714293,0.11333333333333334
0.0060596774302283194,528.70041530744106,56520.972512270826,0.0061280898195361895,0.018241967063209623,0.048576534841135263,0.67967329495356521,0.00024608241376344392,9.5058245751025538e-05,1.3877787807814457e-17,0.050000000000000017,0.11333333333333334
0.020784865595113906,528.00058303717572,56523.086558353789,0.0026561057979233244,0.018245947514952034,0.056698913086559291,0.26515792883567346,0.00024922919247891855,0.00032813055694788418,9.912705577010328e-18,0.035714285714285726,0.11333333333333334
0.17545792248655262,524.19805672646032,56524.889053770741,0.0074629542231430734,0.0126610575476998,0.11929080347427107,0.53486555119100576,0.0019560706497462337,0.007760063071930532,5.9476233462061993e-18,0.021428571428571436,0.11333333333333334
1.1054114513856792,514.53034538046984,56531.087684754028,-0.0063256929651071808,0.011936191052403304,0.41169926707907256,0.81071331672917735,0.01074907498480788,0.11460656751788711,1.9825411154020705e-18,0.0071428571428571452,0.11333333333333334
1.0532564925498373,517.21730920850302,56530.466437986506,-0.0021292820319085714,-0.0032722787914201052,0.3616736695429561,1.0145678006524133,0.011594949570237835,0.1134144985578453,-1.9825411154020705e-18,-0.0071428571428571452,0.11333333333333334
0.098195271750491434,527.57893500711612,56526.383298765752,-0.0042155663920156955,-0.0020881385620494259,0.081210193953685075,0.32534311426751472,0.00094772995139659022,0.0030229633323828591,-5.9476233462061931e-18,-0.021428571428571436,0.11333333333333334
0.005415664969613234,529.27201415124466,56525.966077555233,-0.012643577686814983,-0.010107252239623834,0.055323736206313041,0.29206745945006002,0.00011596301864938476,5.8319198361204864e-05,-9.912705577010328e-18,-0.035714285714285726,0.11333333333333334
0.00369516026550234,529.07480368356732,56524.402902324102,-0.0067662033070226045,-0.0041178823844500168,0.051499918898209325,0.094722742138801719,7.4193174361103924e-05,3.1828432852846516e-05,-1.3877787807814457e-17,-0.049999999999999989,0.11333333333333334
0.0024960906045155646,528.88630687311979,56459.29864688692,-0.0047305589685959293,-0.005786289351994215,0.045104686251897154,0.13252446203948576,4.3839615620615938e-05,1.6526988100356233e-05,-1.7842870038618585e-17,-0.064285714285714307,0.11333333333333334
0.0023641583029367875,528.90569991436439,56455.921476390839,-0.012784074409518306,-0.0094481369295616024,0.034756583024621257,0.091244089934003458,4.0017343095111959e-05,1.4955491100343112e-05,-2.1807952269422714e-17,-0.07857142857142857,0.11333333333333334
0.0018324703090072387,529.03818219397533,56453.889678138017,-0.017560474610331129,-0.0098897237147819016,0.019826440047575545,0.15186022501048249,4.5273385432352523e-05,1.232986814258709e-05,-2.5773034500226855e-17,-0.09285714285714286,0.11333333333333334
0.0017275451633149798,529.09067377275233,56453.359621502881,-0.015376005912039841,-0.0083945370337896053,0.0049984205606843513,0.15383721537743159,5.289421432341966e-05,1.2564161068893492e-05,-2.9738116731030972e-17,-0.10714285714285715,0.11333333333333334
0.0015884714146613564,529.07554111354966,56454.151724668438,-0.013297775842909854,-0.0065274278593802975,-0.017840588164082169,0.084787177947793307,4.0929462528830571e-05,1.0162426667536529e-05,-3.3703198961835113e-17,-0.12142857142857144,0.11333333333333334
0.0099763047876167462,528.02038180361603,56456.278414010332,-0.0045537532017969036,-0.0033364034295835141,-0.056498905439335764,0.10732146068361754,0.00013035897537698091,0.00011390431535854462,-3.7668281192639229e-17,-0.13571428571428573,0.11333333333333334
0.018907405928344008,527.37850140820262,57192.331823445435,0.0014186414450776397,-0.0019454923213440931,-0.064528559426930865,0.36152195063263293,0.00040346023536666069,0.00037978019842170298,3.7668281192639242e-17,0.13571428571428573,0.10523809523809526
0.0051959362373707333,528.04345803331694,57190.056109344419,0.0074664235855387015,0.0010591983519600914,-0.019042657272808343,0.22633582805362715,0.00015594440232969263,6.4885657240477008e-05,3.3703198961835113e-17,0.12142857142857144,0.10523809523809526
0.0028509129392798784,528.1231644901975,57189.552841573379,0.015369239875073602,0.0014209861405454435,0.0069565801220886712,0.16983344844671441,7.7673021373238642e-05,2.5125751175415097e-05,2.9738116731030978e-17,0.10714285714285715,0.10523809523809526
0.0040613431238294894,527.94161563398563,57190.267604071661,0.013186777553247804,0.0013053797046061388,0.023383211590405233,0.23828595608811295,0.00011341960678759968,4.3252752606660991e-05,2.5773034500226849e-17,0.092857142857142874,0.10523809523809526
0.005193727889271269,528.01079116541962,57193.443456438334,0.011970139526168284,0.0055617308990848942,0.045065682632812014,0.34453937780135196,0.00018099767638560065,6.9874013911719963e-05,2.180795226942272e-17,0.078571428571428584,0.10523809523809526
0.0063259303996523256,528.44791372263114,57197.47627735119,0.016619127840887909,0.012961080935023178,0.055295669153111661,0.84677288457272248,0.00033898957248283592,0.00011647093957603582,1.7842870038618589e-17,0.064285714285714293,0.10523809523809526
0.0059755759794507673,528.71552593711715,57261.620069907898,0.0076814323327496162,0.016903504794430254,0.051706528112288978,0.66621348967847682,0.00026566427666202064,9.7397173266237596e-05,1.3877787807814457e-17,0.050000000000000017,0.10523809523809526
0.015837480353161758,528.25467719010248,57263.689798322666,0.0020625025200405591,0.018160190161996527,0.056332608595226166,0.33668345886566886,0.00023060307558139318,0.00024050196924544408,9.912705577010328e-18,0.035714285714285726,0.10523809523809526
0.16781898312708815,524.51922879215931,57265.430338957442,0.0084234055069338353,0.012984524202900504,0.11364304204786109,0.47601864332510258,0.0017320304392228376,0.006984235025231122,5.9476233462061993e-18,0.021428571428571436,0.10523809523809526
1.1656248806621554,514.18687055776286,57271.52361225769,-0.0063917531180822367,0.012141502430603789,0.41822872447333326,0.73574169204371731,0.010486521051013577,0.1193643192441658,1.9825411154020705e-18,0.0071428571428571452,0.10523809523809526
1.1266115722371657,516.83791430621659,57271.069367800992,-0.0018754491795995316,-0.0039729786528525249,0.36893599018759932,0.94119741820020064,0.011567510909678235,0.12116973742038872,-1.9825411154020705e-18,-0.0071428571428571452,0.10523809523809526
0.082928467560072605,527.90893381397848,57266.981168432212,-0.0048637200481957384,-0.0026323838834849092,0.077073965731587313,0.25173022720236493,0.00070772625204926231,0.0022061563765321587,-5.9476233462061931e-18,-0.021428571428571436,0.10523809523809526
0.0050483815234438666,529.29113406784143,57266.407869165916,-0.013742162852732002,-0.0095604731685821516,0.057549567257719508,0.29853569737386892,0.00011827847115107307,5.4904130700129649e-05,-9.912705577010328e-18,-0.035714285714285726,0.10523809523809526
0.0031701582381607777,529.05999716756412,57264.866742599886,-0.0048160286790186755,-0.00014920967303100162,0.053434154943548792,0.13294262379704483,6.376153123570289e-05,2.5313972827434911e-05,-1.3877787807814457e-17,-0.049999999999999989,0.10523809523809526
0.0026308942896805351,528.87232147924487,57199.774680379385,-0.0047072874922692715,-0.0020293120683909432,0.047356334489005281,0.12779842183547807,4.5801674406318555e-05,1.7805086007819325e-05,-1.7842870038618585e-17,-0.064285714285714307,0.10523809523809526
0.0024611210787195015,528.90018985916379,57196.560167033655,-0.013780757942322466,-0.0055731318399434302,0.036329342795256923,0.08949963123709466,4.1756933215965724e-05,1.5903667141635765e-05,-2.1807952269422714e-17,-0.07857142857142857,0.10523809523809526
0.0018797414703780224,529.04490875583997,57194.830755372946,-0.018418855307019533,-0.0059949261871660997,0.020228253642012098,0.15511579386484028,4.900774554337988e-05,1.3159230224344662e-05,-2.5773034500226855e-17,-0.09285714285714286,0.10523809523809526
0.0018449233313995979,529.09943727894188,57194.404210361216,-0.015798777023700829,-0.004706134264278487,0.0050144092964276655,0.16247854361505359,5.8448331877740174e-05,1.4104717218489097e-05,-2.9738116731030972e-17,-0.10714285714285715,0.10523809523809526
0.0017296911231096284,529.08131102709626,57195.005562299208,-0.013663348695357002,-0.0033764124960803535,-0.018353580558652181,0.091135727963536736,4.5649791729660493e-05,1.1686594005506496e-05,-3.3703198961835113e-17,-0.12142857142857144,0.10523809523809526
0.010169770597951096,528.10238057536844,57196.605325088742,-0.0048925754335972767,-0.0014332390481028149,-0.058752955404059795,0.11615256398910016,0.00014052749758945238,0.0001205568280779937,-3.7668281192639229e-17,-0.13571428571428573,0.10523809523809526
0.018438698728658737,527.48806627741897,58181.672467637974,0.0013450805806231266,-0.0044952555164077673,-0.064964053526269175,0.40048649341531839,0.00040086349127332091,0.000369171801375027,3.7668281192639242e-17,0.13571428571428573,0.097142857142857156
0.006656746372054427,527.96275986100159,58179.389759208672,0.0069771080706713872,-0.0031007184002649919,-0.021243320403833595,0.28130514538533125,0.00020168926904452314,9.453734607125586e-05,3.3703198961835113e-17,0.12142857142857144,0.097142857142857156
0.0039705107002131436,528.03816080087984,58178.788897015656,0.014238257114691906,-0.0033425558457966147,0.0058234586540954238,0.21981750563749622,0.00011548815740578365,4.266925860617982e-05,2.9738116731030978e-17,0.10714285714285715,0.097142857142857156
0.0046827474154045052,527.90023683801417,58179.446160276064,0.01265145082044015,-0.0047185562577536297,0.023000542723771052,0.26519741472046165,0.00013481436731842543,5.4371187928754249e-05,2.5773034500226849e-17,0.092857142857142874,0.097142857142857156
0.0052507246265440675,527.96725000800745,58182.334382858062,0.01105546003768906,-0.0024342451681701161,0.044508427987439279,0.35204395001544386,0.0001640772413058436,6.725791733507682e-05,2.180795226942272e-17,0.078571428571428584,0.097142857142857156
0.0065111901192382356,528.41735979358521,58186.055027268601,0.018328201401313138,0.0073895516365970124,0.057264427613131198,0.86684073152045604,0.00034384366174254496,0.000120737141074183,1.7842870038618589e-17,0.064285714285714293,0.097142857142857156
0.0060042846469471993,528.71865362276935,58126.372138847204,0.0095812438216424014,0.01502945536628145,0.054190897606034356,0.67004916483278976,0.0002897395219144058,0.00010220335261972175,1.3877787807814457e-17,0.050000000000000017,0.097142857142857156
0.012095142746352676,528.45453499001826,58128.340442635636,0.0016229648583648728,0.017960903240788199,0.056099473680128006,0.48469398427803551,0.00023011031078865206,0.00018347590466106728,9.912705577010328e-18,0.035714285714285726,0.097142857142857156
0.15801061590210649,524.98130785103865,58130.169373097662,0.010330714390342527,0.013071149901937555,0.10559599555585193,0.40860486484921704,0.0014758023133874352,0.0060701630852189985,5.9476233462061993e-18,0.021428571428571436,0.097142857142857156
1.2415247380913961,513.81501333056622,58136.12398917479,-0.0063386491690138359,0.012081289828506647,0.42434705653724175,0.65485936352443008,0.010197408181836962,0.12537192070707798,1.9825411154020705e-18,0.0071428571428571452,0.097142857142857156
1.2278312339185264,516.38921710588431,58136.158263467907,-0.0014846460124748287,-0.0046553269255442398,0.37635530924419269,0.83655655187294453,0.011508024748996201,0.13171616288627008,-1.9825411154020705e-18,-0.0071428571428571452,0.097142857142857156
0.062056933742077346,528.32191073078582,58131.820159881929,-0.0056609699350151903,-0.0031120952564913668,0.070548517735002508,0.18338331696861393,0.00045767944662669185,0.0013276115374690643,-5.9476233462061931e-18,-0.021428571428571436,0.097142857142857156
0.0047782412554939219,529.30681061608448,58131.03519863393,-0.0148929205436008,-0.0079747587242186627,0.058335529265820141,0.3496498191735638,0.00012132890038035973,5.2632040122434496e-05,-9.912705577010328e-18,-0.035714285714285726,0.097142857142857156
0.0031306094582069285,529.0579829605141,58129.426876594516,-0.0037470286592000243,0.0038036680271821971,0.054645923146048728,0.16070247332765075,6.1717425397913529e-05,2.4594205265537269e-05,-1.3877787807814457e-17,-0.049999999999999989,0.097142857142857156
0.0028439650589740803,528.86047950477337,58187.846456366431,-0.0044194315450169818,0.0028405778794131174,0.049178390724105521,0.13186904967469096,4.9339387076125902e-05,1.997657965797577e-05,-1.7842870038618585e-17,-0.064285714285714307,0.097142857142857156
0.0026165425421008958,528.8813368980035,58184.739611741876,-0.01408126660022431,-0.00076432674436096605,0.037533124605834967,0.092166153705412465,4.4391142798091747e-05,1.7433153857442707e-05,-2.1807952269422714e-17,-0.07857142857142857,0.097142857142857156
0.001951106237502067,529.04079823586119,58183.270713278653,-0.019296249497153004,-0.0018060170503441737,0.020423172239630433,0.14594062111545975,5.086784241470734e-05,1.3915620485635845e-05,-2.5773034500226855e-17,-0.09285714285714286,0.097142857142857156
0.002012217010070194,529.10158543993532,58182.950854940682,-0.016535763584342507,-0.00092528065579441834,0.0049121557686632716,0.16624288427449363,6.2997394982116669e-05,1.5971147167981777e-05,-2.9738116731030972e-17,-0.10714285714285715,0.097142857142857156
0.0019535079236220475,529.07569671137355,58183.438730668888,-0.014159367996382852,-0.00030331835121908172,-0.018778115836784928,0.098570852016519536,5.0849886759108506e-05,1.393029046574734e-05,-3.3703198961835113e-17,-0.12142857142857144,0.097142857142857156
0.01080932918550247,528.20447231591675,58184.731333208409,-0.0051158320551694123,0.00056144959182085447,-0.061139992701191248,0.13690984411052157,0.00016037297185070559,0.00013688767007048402,-3.7668281192639229e-17,-0.13571428571428573,0.097142857142857156
0.017995817807131765,527.58974413895396,58924.583445008771,0.0013286577792800177,-0.0063004768616345477,-0.063962187371288254,0.42622519775897155,0.00038994719945304373,0.00035536486799481838,3.7668281192639242e-17,0.13571428571428573,0.089047619047619056
0.0077771820983695127,527.88392544801752,58921.998228321652,0.0062432339132152594,-0.0064850198427174781,-0.02269088687110922,0.32482165640583704,0.00023769076862999072,0.00011990255162973805,3.3703198961835113e-17,0.12142857142857144,0.089047619047619056
0.0050216337087521405,527.95510411821863,58921.231956965908,0.012139916678016987,-0.0073222631382159785,0.0048461106863235048,0.2675658769587731,0.00015235935545091856,6.1983999324908895e-05,2.9738116731030978e-17,0.10714285714285715,0.089047619047619056
0.0052765029599591874,527.86392284043097,58921.899916352784,0.011439271674039873,-0.0091365336253321997,0.022868620209384547,0.291751085906993,0.00015510321708622882,6.5713801116681428e-05,2.5773034500226849e-17,0.092857142857142874,0.089047619047619056
0.005452775048042216,527.9649107072737,58924.728493151502,0.010543338412240217,-0.0075199073842567108,0.044005702181077043,0.37172930994808184,0.00016346237532384854,6.971504052684034e-05,2.180795226942272e-17,0.078571428571428584,0.089047619047619056
0.0066116746082910639,528.41299721111034,58928.316761854672,0.018885634459757952,0.0035591691461040968,0.057339583214028898,0.86009874316297041,0.00034407586378901487,0.0001226418169927471,1.7842870038618589e-17,0.064285714285714293,0.089047619047619056
0.0061142193507816248,528.7135879969403,58868.189353100912,0.011116357996929024,0.01343949217001318,0.055233643188913183,0.69775232149908473,0.00030924966762721029,0.00010752157959924568,1.3877787807814457e-17,0.050000000000000017,0.089047619047619056
0.010226198930006265,528.56064033520329,58870.008561299517,0.0013304456904518038,0.017695110350683239,0.055647122428324321,0.6304555451749424,0.00023925995889788001,0.00015817915408872021,9.912705577010328e-18,0.035714285714285726,0.089047619047619056
0.14782404716540964,525.46931641750996,58871.993166042739,0.012547679656623578,0.012905327740280546,0.097072418572669281,0.34566158547429243,0.0012472976319937998,0.0052207168226993559,5.9476233462061993e-18,0.021428571428571436,0.089047619047619056
1.3118063672670746,513.5268556860259,58877.60538733843,-0.0065245749476564975,0.011811053853029546,0.42808773012477824,0.59417415862993472,0.0099709625717584963,0.13099004084948662,1.9825411154020705e-18,0.0071428571428571452,0.089047619047619056
1.3225580324213662,516.02828461880756,58878.652189235319,-0.0011398583813055729,-0.004824844919249182,0.38070104566721158,0.75629787622628641,0.011437447576470061,0.14144229541921874,-1.9825411154020705e-18,-0.0071428571428571452,0.089047619047619056
0.04282440432128954,528.68228598301073,58873.751475855315,-0.0068185686880947467,-0.0034737649401854753,0.064552946900004127,0.14096269508165077,0.00028688703302213894,0.00072534862189549355,-5.9476233462061931e-18,-0.021428571428571436,0.089047619047619056
0.0044662960198929621,529.31802844152242,58872.806993814833,-0.015738307777446173,-0.005759186526546437,0.057508607288183154,0.3258722202067294,0.00011983744227417296,4.8892671715215479e-05,-9.912705577010328e-18,-0.035714285714285726,0.089047619047619056
0.0032128403892558231,529.06485291373326,58871.047975571244,-0.003086031652917016,0.0071727186154088513,0.054770154982949931,0.19476222140980151,6.26777210443729e-05,2.5435820373454119e-05,-1.3877787807814457e-17,-0.049999999999999989,0.089047619047619056
0.003034118534025439,528.85737992590498,58929.490504668429,-0.0040243616305577802,0.0064973349044051372,0.049708844747365533,0.14795930575972471,5.2584462312382892e-05,2.2001954495809175e-05,-1.7842870038618585e-17,-0.064285714285714307,0.089047619047619056
0.0027678968652085916,528.85915555341364,58926.358712050162,-0.013492356462224925,0.0027976993432656532,0.037987572637634165,0.096289551674236404,4.6756788704976597e-05,1.8926584223650239e-05,-2.1807952269422714e-17,-0.07857142857142857,0.089047619047619056
0.0020169579087337482,529.02712547793703,58924.931921494746,-0.019711285200977688,0.00097061358323297597,0.02041979948349892,0.13336597499314387,5.0213295593830603e-05,1.4292434088772761e-05,-2.5773034500226855e-17,-0.09285714285714286,0.089047619047619056
0.0021056748982329495,529.09582946888554,58924.667230644271,-0.01712880711661206,0.0014708166614624677,0.00477788220065884,0.16349669358259766,6.4098870870867575e-05,1.6858406033805553e-05,-2.9738116731030972e-17,-0.10714285714285715,0.089047619047619056
0.0021288546029532905,529.0600189193899,58925.147206158428,-0.014526455255914811,0.0015611943297210891,-0.018889590948266307,0.10236768914687625,5.3812850753154894e-05,1.5616690405419528e-05,-3.3703198961835113e-17,-0.12142857142857144,0.089047619047619056
0.01125822021672767,528.28520515424873,58926.466775434426,-0.0051855537783923418,0.0019800176403163353,-0.062325505229958694,0.15741740147467936,0.00017424343985718437,0.00014860997377287197,-3.7668281192639229e-17,-0.13571428571428573,0.089047619047619056
0.017560331037084875,527.70106216226213,59668.216649183902,0.0013474292883259959,-0.0081510805212598372,-0.061795475753723315,0.44434844924280387,0.00037377458054342773,0.00033949828136777059,3.7668281192639242e-17,0.13571428571428573,0.080952380952380956
0.008864705956310592,527.80804335403525,59665.201901054294,0.0053674725588129871,-0.010300543407768753,-0.023759645360470052,0.36054761645129635,0.00026831915539269436,0.00014520787625115592,3.3703198961835113e-17,0.12142857142857144,0.080952380952380956
0.0060457100655170225,527.87827858476714,59664.19337757519,0.0098689313205988158,-0.01181245487687118,0.0041053279018722051,0.31065227296178421,0.00018670163833099573,8.2607861645521714e-05,2.9738116731030978e-17,0.10714285714285715,0.080952380952380956
0.0058937294349198739,527.83541614052479,59664.876830401459,0.010021843547593298,-0.013732258258792526,0.022793177146729706,0.31724822174518441,0.00017430722819351704,7.7812235608019605e-05,2.5773034500226849e-17,0.092857142857142874,0.080952380952380956
0.0056965519304724779,527.98328268384387,59667.695983553087,0.010004661412350502,-0.012139240695088744,0.043229256764237514,0.38906263476452019,0.00016610893168672792,7.3419014953495076e-05,2.180795226942272e-17,0.078571428571428584,0.080952380952380956
0.0066425441349505995,528.42147788096725,59671.247909681835,0.018663596510522445,3.508302504836314e-05,0.056265203020674309,0.78133866613905378,0.00033859012423866102,0.00012222824950520783,1.7842870038618589e-17,0.064285714285714293,0.080952380952380956
0.0062812765101146126,528.70400249929844,59734.348040830162,0.012658847773170334,0.011931126348411892,0.055128865007424178,0.74998114090308865,0.0003291127437611616,0.00011395155647732595,1.3877787807814457e-17,0.050000000000000017,0.080952380952380956
0.0090054779326408652,528.62884032889144,59735.952320951983,0.0010929533896635293,0.017436407424707992,0.054402114343375704,0.76812355801146137,0.00025435191002175949,0.00014362309059351555,9.912705577010328e-18,0.035714285714285726,0.080952380952380956
0.1299252327187301,526.17236313903572,59738.085522194626,0.015641564575173451,0.012395431510001031,0.084347994585963412,0.26014025354931397,0.00094387106196811379,0.003991625965520015,5.9476233462061993e-18,0.021428571428571436,0.080952380952380956
1.3996401199049313,513.21554903697438,59742.921817382536,-0.0070913930050010704,0.011274383014353018,0.4318206208004115,0.53189723809958189,0.0097155943309281453,0.13795932766467611,1.9825411154020705e-18,0.0071428571428571452,0.080952380952380956
1.4252873638220582,515.60328712118496,59745.872856695023,-0.0010439973992261275,-0.0045660954885499471,0.38513011097704891,0.69745046449745907,0.011294709442593805,0.15147465303988453,-1.9825411154020705e-18,-0.0071428571428571452,0.080952380952380956
0.021814116592242454,529.05272550719997,59740.049234209466,-0.0088428283352823666,-0.003552423100008069,0.05793029113965651,0.12996421146707307,0.00016240783846652241,0.00027799764899960903,-5.9476233462061931e-18,-0.021428571428571436,0.080952380952380956
0.0039961516926510223,529.32480475604018,59738.93583920435,-0.015874169991001011,-0.0010040992652698662,0.054559252569187158,0.19431299588812634,0.00010851858898353815,4.1628813672400645e-05,-9.912705577010328e-18,-0.035714285714285726,0.080952380952380956
0.0033703415710800481,529.08353989636009,59736.930373834977,-0.0025983847612568536,0.011063821543759933,0.053807747388604645,0.2376106309666729,6.5580669844500592e-05,2.7293664028677097e-05,-1.3877787807814457e-17,-0.049999999999999989,0.080952380952380956
0.0032495247449983063,528.8599455350959,59671.638967629842,-0.0035092406466480713,0.010264030570319221,0.049528500235517921,0.17919074990425019,5.6301183104853899e-05,2.4382521117369086e-05,-1.7842870038618585e-17,-0.064285714285714307,0.080952380952380956
0.0029575235255912278,528.83200347997774,59668.376874086163,-0.01221596681215986,0.0065875989267736882,0.038170558273694345,0.10323834267824272,4.9724276381637276e-05,2.0855108026206645e-05,-2.1807952269422714e-17,-0.07857142857142857,0.080952380952380956
0.0021071626337461273,529.00191086830137,59666.851604984586,-0.019758406061718244,0.003785477155082134,0.020367669074628805,0.11701928172280732,4.853187906970732e-05,1.4679511710480884e-05,-2.5773034500226855e-17,-0.09285714285714286,0.080952380952380956
0.0021648868820435484,529.08131632697575,59666.619843180852,-0.017647073491722072,0.0037545305199031924,0.0046195316834892596,0.15619351156101396,6.3101482405894763e-05,1.7197091019236275e-05,-2.9738116731030972e-17,-0.10714285714285715,0.080952380952380956
0.0023389233386353191,529.03073073467692,59667.141602488722,-0.014804449240418498,0.0033278505992063042,-0.018855347110799794,0.1041047360415512,5.6297804175054354e-05,1.754937747678195e-05,-3.3703198961835113e-17,-0.12142857142857144,0.080952380952380956
0.01155682226715205,528.38157239144152,59668.719210410767,-0.0051996664376217335,0.0035464381528542434,-0.062811323017553919,0.18021731049113279,0.00018313069745735794,0.00015639361162842613,-3.7668281192639229e-17,-0.13571428571428573,0.080952380952380956
0.01721250756477832,527.82163803595859,60412.487049901669,0.0014302636686228717,-0.010032851060982353,-0.058436079156623258,0.4504260388555098,0.00035475230645980323,0.00032419533255218316,3.7668281192639242e-17,0.13571428571428573,0.07285714285714287
0.0098401313102108295,527.7539391133821,60409.066069892084,0.0045354592546671072,-0.014490603866098559,-0.024260947003074795,0.38528237288795131,0.00028875919953780141,0.00016721252633377561,3.3703198961835113e-17,0.12142857142857144,0.07285714285714287
0.0070031076067225053,527.81728415392968,60407.750416374292,0.0079385816252254791,-0.01672159748756823,0.0036708143517880181,0.34412702394672207,0.00021410138141677082,0.0001024708961487917,2.9738116731030978e-17,0.10714285714285715,0.07285714285714287
0.0064802915286242598,527.82480813580196,60408.405725191253,0.008746833531465114,-0.018475385587342508,0.022620363343888578,0.34020906884652835,0.00018961005054811864,8.9232943857207563e-05,2.5773034500226849e-17,0.092857142857142874,0.07285714285714287
0.0059260094479233879,528.02299914527566,60411.192399563217,0.0094090466178727555,-0.016368970763513607,0.041956422207984394,0.40429467236536659,0.00016904398461391656,7.7048147295318532e-05,2.180795226942272e-17,0.078571428571428584,0.07285714285714287
0.0065792361596174569,528.44096850421431,60414.718904316476,0.017628923493338521,-0.0032181621769928697,0.054065875046283247,0.64036761015582266,0.00032335852318688839,0.00011830895869295225,1.7842870038618589e-17,0.064285714285714293,0.07285714285714287
0.0064511911914686597,528.69333862150086,60477.393215508222,0.013747936932260195,0.011094762497697792,0.053940753115338157,0.80111421631073065,0.00034271294031077456,0.0001194277264264589,1.3877787807814457e-17,0.050000000000000017,0.07285714285714287
0.0084143605902239401,528.65603691912759,60478.638292393516,0.0010647570614162815,0.017408292878062302,0.052671627932067165,0.81883649767973721,0.00026835350248345251,0.00013783983779570575,9.912705577010328e-18,0.035714285714285726,0.07285714285714287
0.1018286125276411,526.89168123249408,60480.876940335707,0.018266584924348839,0.011339419301713009,0.070348732988303075,0.18118329613665174,0.00063077118351662217,0.0025574417374590831,5.9476233462061993e-18,0.021428571428571436,0.07285714285714287
1.4872743350724016,512.95378635740792,60485.292159115706,-0.0078542942700717926,0.010874876052574747,0.43583741255349495,0.47346393803209369,0.0094638817783376881,0.14468574235601425,1.9825411154020705e-18,0.0071428571428571452,0.07285714285714287
1.5073109812074339,515.18239136105501,60489.058472365497,-0.0013243031103172399,-0.0045216730185566037,0.39153248571212057,0.64227956560949806,0.011037793891641993,0.15835945675059382,-1.9825411154020705e-18,-0.0071428571428571452,0.07285714285714287
0.010689386268846043,529.25980279006228,60482.984415386236,-0.010918600416629157,-0.0026945658920299411,0.052953337540853962,0.17285991502153888,0.00011698112957552336,0.00011561406631212972,-5.9476233462061931e-18,-0.021428571428571436,0.07285714285714287
0.0036629144526037997,529.33136364721622,60481.719078244023,-0.014841292864659567,0.0040991918063219617,0.051466867878028018,0.17641527878814237,9.4297326241525123e-05,3.5569393922441207e-05,-9.912705577010328e-18,-0.035714285714285726,0.07285714285714287
0.0035236388417835456,529.10582030621265,60479.60707584575,-0.002278187922705642,0.014408635694080234,0.052011097376459071,0.21467976173641576,6.851558808323378e-05,2.916661866246406e-05,-1.3877787807814457e-17,-0.049999999999999989,0.07285714285714287
0.0034982209829542417,528.87090653009022,60414.28197296249,-0.0029311513779308076,0.014189085270879535,0.048581022930804116,0.19102929952988829,6.0568608782854958e-05,2.7225197541458263e-05,-1.7842870038618585e-17,-0.064285714285714307,0.07285714285714287
0.0032029102157288391,528.80361902049867,60410.829324503669,-0.010375585171406566,0.010828425919315194,0.038044487704590527,0.11600239853996519,5.3601557758407396e-05,2.3449493701020687e-05,-2.1807952269422714e-17,-0.07857142857142857,0.07285714285714287
0.0022612669293684486,528.96080205641897,60409.047864213193,-0.019103299439387791,0.0069869476261798409,0.020343089401005321,0.10205694105340032,4.7180358424050265e-05,1.5532181228585879e-05,-2.5773034500226855e-17,-0.09285714285714286,0.07285714285714287
0.0022117942687188159,529.05324958398342,60408.80624569903,-0.017955584226319325,0.0061797576884747504,0.0044688696736291033,0.14331673617757593,6.031312190301198e-05,1.717713119786257e-05,-2.9738116731030972e-17,-0.10714285714285715,0.07285714285714287
0.0026548888268647366,528.98152684997399,60409.420040903751,-0.014851111638765643,0.00529507277103835,-0.018812286462448972,0.10368439355457192,5.9381399443387817e-05,2.0458394740607527e-05,-3.3703198961835113e-17,-0.12142857142857144,0.07285714285714287
0.011743415021523066,528.49251042898425,60411.542608775017,-0.0051509637825546406,0.0054728733778461021,-0.062408388189660859,0.20330719655261364,0.00018567707544206045,0.00016001973725206518,-3.7668281192639229e-17,-0.13571428571428573,0.07285714285714287
0.017025574226670181,527.99130303503262,61405.634086269682,0.0016334511039280736,-0.012464780498314789,-0.052235354633266777,0.43501503702931982,0.0003273673748375647,0.00030804876096652927,3.7668281192639242e-17,0.13571428571428573,0.064761904761904757
0.010804206511799933,527.74963392498353,61401.881529340615,0.0037706143426325545,-0.02014995732074085,-0.023741723155872425,0.40311537072526488,0.0002961218515617135,0.00018592085367519866,3.3703198961835113e-17,0.12142857142857144,0.064761904761904757
0.0080949299112534519,527.78754691253641,61400.106863768349,0.006257971173093034,-0.023422742683841914,0.0033712731400737466,0.37434664729813272,0.00023576127040253499,0.00012429375952318177,2.9738116731030978e-17,0.10714285714285715,0.064761904761904757
0.0071534292320564541,527.85738527357159,61400.610505404416,0.0076092765674076451,-0.02458775822193492,0.021888226612501754,0.36849620486934198,0.00020161525224127096,0.00010157246140601421,2.5773034500226849e-17,0.092857142857142874,0.064761904761904757
0.0061517127817729018,528.11188533471852,61403.195256121049,0.0086656972014243216,-0.021237173315268462,0.039228516380889651,0.41403200158252118,0.00017059544654736826,8.0348868993834258e-05,2.180795226942272e-17,0.078571428571428584,0.064761904761904757
0.0061924680532860705,528.48348668516064,61406.592482969339,0.014935188120122385,-0.0073839638699902373,0.049143556488833756,0.47051092916045767,0.00027901914183382884,0.00010343815703252431,1.7842870038618589e-17,0.064285714285714293,0.064761904761904757
0.0066813793042749406,528.67738128547705,61344.858244719981,0.014739955866815254,0.010748318999966021,0.051402372294179925,0.86477393425607363,0.00035349228118781761,0.00012561922074828531,1.3877787807814457e-17,0.050000000000000017,0.064761904761904757
0.007966091696231109,528.66896516219833,61345.578112747156,0.0012533321458696419,0.017568717239438626,0.04988726249164472,0.85987435805688817,0.00028458861570117397,0.00013438601095915493,9.912705577010328e-18,0.035714285714285726,0.064761904761904757
0.053530403610964269,527.69900760200437,61347.910548817868,0.019286278365908908,0.0095241483655660215,0.05409890095718712,0.13123235987062143,0.00032161055037411516,0.00095998768437854313,5.9476233462061993e-18,0.021428571428571436,0.064761904761904757
1.6113821478779784,512.64531292088907,61351.237342439599,-0.0087718232053957818,0.010506869586184192,0.44110656599907799,0.39917083793457503,0.0091154494128953163,0.15384648937070336,1.9825411154020705e-18,0.0071428571428571452,0.064761904761904757
1.6360596837827142,514.64253416483587,61356.093202655509,-0.0019474398589368219,-0.0048227620380048384,0.40149010841698635,0.53039318471448549,0.010638337714335715,0.16874698779039043,-1.9825411154020705e-18,-0.0071428571428571452,0.064761904761904757
0.0052392152216570688,529.38504435419156,61350.049783681367,-0.013620340501481667,-4.9173617711592988e-05,0.047352646805829783,0.19193150027706818,9.4625138213628621e-05,5.0964703580182934e-05,-5.9476233462061931e-18,-0.021428571428571436,0.064761904761904757
0.0034794460216620747,529.34981192482667,61348.660942023802,-0.013778548126884461,0.0087137000864228736,0.047914429911404793,0.212022320828126,8.4169636093722711e-05,3.1921833512830413e-05,-9.912705577010328e-18,-0.035714285714285726,0.064761904761904757
0.0037008573382358296,529.14214383127126,61346.555080576545,-0.0023026413313714444,0.018167970237714111,0.04876933502553002,0.20562809793009637,7.2436502274294919e-05,3.1497862284490528e-05,-1.3877787807814457e-17,-0.049999999999999989,0.064761904761904757
0.0038567451047464832,528.90761921674357,61405.182715354909,-0.0022097111552745164,0.019594605754768433,0.045889661330101264,0.18359530899782703,6.7333627892081428e-05,3.1647320425960569e-05,-1.7842870038618585e-17,-0.064285714285714307,0.064761904761904757
0.003626030873138412,528.77629667087263,61401.519358815458,-0.0075070074599248174,0.017427411328448907,0.037085857182603869,0.15368322341100432,6.0477584413898531e-05,2.8198675875977408e-05,-2.1807952269422714e-17,-0.07857142857142857,0.064761904761904757
0.002756421087795322,528.87336908086388,61399.190057141393,-0.016409993490858327,0.012700704571143997,0.02046125775527332,0.099542914232301521,4.9615714796937587e-05,1.9415795542807591e-05,-2.5773034500226855e-17,-0.09285714285714286,0.064761904761904757
0.0024091237994051801,528.97938997375195,61398.820549410368,-0.017568338211724429,0.010365953122050502,0.004317544945048938,0.11626023307719238,5.537492528592728e-05,1.7927333373129513e-05,-2.9738116731030972e-17,-0.10714285714285715,0.064761904761904757
0.0036115687934318917,528.86877501576464,61399.679030660882,-0.014008630715103545,0.009235759350835173,-0.019415867037912531,0.099372191260783393,6.8346965532130918e-05,2.9857642279904299e-05,-3.3703198961835113e-17,-0.12142857142857144,0.064761904761904757
0.011838487884203179,528.64644677157844,61403.074535317057,-0.0049565503866164963,0.0088063762848298536,-0.060022829991964864,0.22818826959872687,0.00018063048369015936,0.00015910790467279002,-3.7668281192639229e-17,-0.13571428571428573,0.064761904761904757
0.017072195054621028,528.12312872948007,62150.771688274857,0.0018795325489184801,-0.014029391438144028,-0.046459933949169217,0.40911576475600597,0.00030575475861288295,0.00029852174835743347,3.7668281192639242e-17,0.13571428571428573,0.056666666666666671
0.011240660033842295,527.81173136850452,62147.024659459224,0.0035739993110178994,-0.023820264310206191,-0.022303283276780092,0.40953108830649082,0.00028910153470174967,0.00019112478577639407,3.3703198961835113e-17,0.12142857142857144,0.056666666666666671
0.0086987564305005972,527.82442801091872,62144.955027603581,0.0056824902867542958,-0.027914813759376374,0.00318824931895918,0.39043789892238051,0.00024036182285748937,0.00013486209908051446,2.9738116731030978e-17,0.10714285714285715,0.056666666666666671
0.0075089873110930089,527.92832918164856,62145.241957551465,0.0071459580506772671,-0.028505921665617794,0.020750294153284381,0.3866336864192636,0.00020342638220826502,0.00010709889949501551,2.5773034500226849e-17,0.092857142857142874,0.056666666666666671
0.0061862856208767395,528.20693718764971,62147.510291447485,0.0081080592670823327,-0.024094833043374238,0.036337989947779439,0.4110456195993607,0.00016833182748018607,8.0262574617859396e-05,2.180795226942272e-17,0.078571428571428584,0.056666666666666671
0.005644741925041029,528.5301992712474,62150.664300954501,0.012669503157111192,-0.010283402461070229,0.044070327416276721,0.40100556687680622,0.00023131218438352598,8.585060220675625e-05,1.7842870038618589e-17,0.064285714285714293,0.056666666666666671
0.0069248400425779098,528.66007549164249,62088.763527264506,0.015406722035964195,0.011030919477682909,0.048415268127758905,0.89326579991018518,0.0003579525233623356,0.00013101543411224838,1.3877787807814457e-17,0.050000000000000017,0.056666666666666671
0.0077678988340966863,528.66507144418006,62089.038046345093,0.001636681015287824,0.017953820143951409,0.046816816046201783,0.88074098915578758,0.00029778795155391226,0.00013404700715681275,9.912705577010328e-18,0.035714285714285726,0.056666666666666671
0.025149588546894974,528.11977595682572,62091.48822584872,0.018600875926232267,0.0083285414070849093,0.045016453615728896,0.16726938437226088,0.00023851896596283276,0.00038841173550542628,5.9476233462061993e-18,0.021428571428571436,0.056666666666666671
1.720396977087961,512.36811400886575,62093.789642600219,-0.0093291490155078399,0.0100060620384706,0.44582083973914172,0.33990123180764542,0.0087150821886726165,0.16060697944650196,1.9825411154020705e-18,0.0071428571428571452,0.056666666666666671
1.8183952578163327,514.19835670315297,62098.897877948148,-0.0027059991665784942,-0.0046090948586854528,0.40777701123057819,0.43587661397305871,0.010439615878616139,0.18579351440130301,-1.9825411154020705e-18,-0.0071428571428571452,0.056666666666666671
0.0037057546642716532,529.4360772100722,62093.514241934783,-0.015790581537657097,0.0031323816289139852,0.042338499483447901,0.1913875177787841,8.1944071090627539e-05,3.3545589806683343e-05,-5.9476233462061931e-18,-0.021428571428571436,0.056666666666666671
0.0034224800872806305,529.37007702450933,62092.029183697334,-0.012842010743421646,0.012376010876439015,0.044131710934312798,0.19362625986347221,7.802046712941775e-05,3.0230491147011987e-05,-9.912705577010328e-18,-0.035714285714285726,0.056666666666666671
0.0038210485259747365,529.18290318145307,62089.993882917239,-0.0027134803596583408,0.021066366734248453,0.045021927321917482,0.20121673185186276,7.5677469572674717e-05,3.3240370374105246e-05,-1.3877787807814457e-17,-0.049999999999999989,0.056666666666666671
0.0041070111083803262,528.95471731334032,62148.804593217254,-0.0019335739926520411,0.023584566907814953,0.042709335114169744,0.18495505169099136,7.2694302255387079e-05,3.5016768394989955e-05,-1.7842870038618585e-17,-0.064285714285714307,0.056666666666666671
0.0040289163131866021,528.7757905995777,62145.135346702511,-0.0054454562809951772,0.022985283442370261,0.035393031901769484,0.16730170820075665,6.660770628096036e-05,3.2881414037472566e-05,-2.1807952269422714e-17,-0.07857142857142857,0.056666666666666671
0.003463386140318497,528.7928021330963,62142.407009733557,-0.012765251240184005,0.0188265246590338,0.020396512707319098,0.12021106671118081,5.7527068681080381e-05,2.6268606634787999e-05,-2.5773034500226855e-17,-0.09285714285714286,0.056666666666666671
0.0029775413120346982,528.87927547940444,62141.818439827905,-0.015805457019795806,0.015356714717631271,0.0041413002538036132,0.10148049633320599,5.5866270760030502e-05,2.2255258176906557e-05,-2.9738116731030972e-17,-0.10714285714285715,0.056666666666666671
0.0050956373514477651,528.74789067245365,62143.085915863929,-0.011926395881019245,0.014552526970013878,-0.021149358263804444,0.1031225407962376,8.5197941965735032e-05,4.7034124500818615e-05,-3.3703198961835113e-17,-0.12142857142857144,0.056666666666666671
0.011932307728963042,528.77794549610212,62147.655984706449,-0.0047177544470836854,0.011794356608515605,-0.056499702884246369,0.23497261244958978,0.00017348106717052854,0.00015716306419451772,-3.7668281192639229e-17,-0.13571428571428573,0.056666666666666671
0.017141370549628714,528.2579787761706,62895.806889929379,0.0021938184760991234,-0.015179690412373395,-0.039923826648884268,0.37592249160857871,0.00028211417494230465,0.00028791082718692887,3.7668281192639242e-17,0.13571428571428573,0.048571428571428571
0.011479023887441989,527.92887468998993,62892.274517023929,0.0036495769895659208,-0.026498253229996382,-0.020019199282107721,0.41042912072076554,0.00027464708688819362,0.00019023589155611233,3.3703198961835113e-17,0.12142857142857144,0.048571428571428571
0.0090532302721942001,527.92013197723145,62890.028311185531,0.0055020589085191468,-0.031310592781110917,0.0029774240887374009,0.40214958097698866,0.00023543236489244882,0.00013891100375606311,2.9738116731030978e-17,0.10714285714285715,0.048571428571428571
0.0076655440109549954,528.04282409015116,62890.040408466943,0.0068449738924420168,-0.031385218843997087,0.019071728132214322,0.39881920502051554,0.00019851943248414472,0.00010800515734468033,2.5773034500226849e-17,0.092857142857142874,0.048571428571428571
0.0060555499898263922,528.32348512289218,62891.873259211759,0.0075250432741388977,-0.026068926770043906,0.032752339619555995,0.39857554895493214,0.000161872694313865,7.7044278311556936e-05,2.180795226942272e-17,0.078571428571428584,0.048571428571428571
0.0050058457463528893,528.5865986126438,62894.617810696996,0.011041024420540094,-0.012740846894925053,0.038306858563209374,0.36845318483065848,0.00018289746189682066,6.7698851683305493e-05,1.7842870038618589e-17,0.064285714285714293,0.048571428571428571
0.0073278382457105367,528.63473641446581,62956.968249210629,0.0160597189259668,0.011891885156878607,0.044116689269412479,0.87623551171123015,0.00035735176699546139,0.00013852362280581624,1.3877787807814457e-17,0.050000000000000017,0.048571428571428571
0.007778653336709674,528.63971625994714,62956.800332433108,0.0027352150285496653,0.018744788309065372,0.042243327720305125,0.83582192322022386,0.00030938713602230556,0.00013682187676698784,9.912705577010328e-18,0.035714285714285726,0.048571428571428571
0.013350185113208204,528.3388638472361,62959.277752334892,0.01922765559947489,0.0070921426696021065,0.036954566596170003,0.22284665624628555,0.00022481705151353827,0.00020017134693668475,5.9476233462061993e-18,0.021428571428571436,0.048571428571428571
1.8090923677717801,511.98464058887367,62960.449185909187,-0.0094878967642969599,0.008882588796812238,0.45323645203571367,0.27735305797006055,0.0079482738948909448,0.16128617912969181,1.9825411154020705e-18,0.0071428571428571452,0.048571428571428571
2.0311002555152644,513.62246100725861,62965.458218246305,-0.00376631732608024,-0.0035141320768456584,0.41414104889595171,0.35425971505943682,0.010098296501367628,0.20410583466713714,-1.9825411154020705e-18,-0.0071428571428571452,0.048571428571428571
0.0032026100529856274,529.46336418932412,62960.980659984794,-0.017607821343628361,0.0071719883611387246,0.036210060237329762,0.16900364352441935,7.1090325076140985e-05,2.700283188799132e-05,-5.9476233462061931e-18,-0.021428571428571436,0.048571428571428571
0.0033750765523749694,529.39647526688861,62959.443078765325,-0.012255313199538724,0.015819844060372491,0.038644252944885091,0.16654788233025986,7.2949823808897817e-05,2.8826754630135329e-05,-9.912705577010328e-18,-0.035714285714285726,0.048571428571428571
0.0039160885658048525,529.23921577358703,62957.543939937917,-0.0035508838415784188,0.023955269156391165,0.03958521719965017,0.19439901770900228,7.8226510415604903e-05,3.4636139798421007e-05,-1.3877787807814457e-17,-0.049999999999999989,0.048571428571428571
0.0043141569244820564,529.0199347217366,62892.671058862827,-0.0019872962100521258,0.027278782031727868,0.038532411370107905,0.186208932634777,7.7483397322995607e-05,3.7975217108110374e-05,-1.7842870038618585e-17,-0.064285714285714307,0.048571428571428571
0.0044650198741716229,528.80813994383686,62889.191482610586,-0.00372828436844,0.028547551620091878,0.032484034376570339,0.1628190276164494,7.3876336935304454e-05,3.8377446327889532e-05,-2.1807952269422714e-17,-0.07857142857142857,0.048571428571428571
0.0043068753836055943,528.73551426138363,62886.357219932441,-0.0087052707676296397,0.0263695698409653,0.019439865489380533,0.15708976751406736,6.9273385045990439e-05,3.584639705102738e-05,-2.5773034500226855e-17,-0.09285714285714286,0.048571428571428571
0.0042641237267552097,528.75465880204831,62885.591991781694,-0.011837854518510627,0.02321781411420035,0.0034433060863558154,0.12031132017301815,6.8937245130620711e-05,3.5404360941337103e-05,-2.9738116731030972e-17,-0.10714285714285715,0.048571428571428571
0.0066910820838261423,528.65914055761539,62887.551332747651,-0.0087200226465774799,0.022018250948927603,-0.023331644101574227,0.12411615332383828,0.00010758862489885277,6.940320654853938e-05,-3.3703198961835113e-17,-0.12142857142857144,0.048571428571428571
0.012251314741709242,528.92409768763343,62892.913525003452,-0.0044271946878802065,0.014830083572675429,-0.051349311383728592,0.22659330592715837,0.00016624949353360151,0.00015796572413585966,-3.7668281192639229e-17,-0.13571428571428573,0.048571428571428571
0.016968541938624154,528.39536576049227,63640.430787318866,0.0025373741817988501,-0.015734030936853678,-0.032799961780443358,0.33703518315345149,0.00025472214518773193,0.00027081821915986331,3.7668281192639242e-17,0.13571428571428573,0.040476190476190499
0.011530201300041489,528.08836685860649,63637.273862542104,0.0038529628187708742,-0.027954960933498307,-0.017102856887284839,0.4020223583104805,0.00025358009688222121,0.0001836092138901497,3.3703198961835113e-17,0.12142857142857144,0.040476190476190499
0.0091191330654198793,528.06833834917836,63635.001850483924,0.0054651317571514819,-0.033235692712905766,0.0027632408133510572,0.40629039405454015,0.00022157601530387489,0.00013574221354238747,2.9738116731030978e-17,0.10714285714285715,0.040476190476190499
0.0075613002877831332,528.1941751248271,63634.735540304813,0.0065319051649347761,-0.032919436652286457,0.016957885837523261,0.40020958783054805,0.00018664625905211101,0.00010330138178142064,2.5773034500226849e-17,0.092857142857142874,0.040476190476190499
0.0057365117653642404,528.45399171108465,63636.075595048373,0.0070062792360807737,-0.027016904139602171,0.028554418642201852,0.3739155555344208,0.00015059209356857895,7.0396160719468789e-05,2.180795226942272e-17,0.078571428571428584,0.040476190476190499
0.0044551084046676702,528.64289095773324,63638.307975515658,0.010564499858145263,-0.014573820664411501,0.032298243847709678,0.32371691010521481,0.00014303023595887426,5.3280979921133229e-05,1.7842870038618589e-17,0.064285714285714293,0.040476190476190499
0.007834057464347734,528.60867261742453,63701.385501717588,0.016593386429362398,0.012532467176393614,0.039604357478227284,0.84145503052519255,0.00035026362437054172,0.000146616980596795,1.3877787807814457e-17,0.050000000000000017,0.040476190476190499
0.0079656039939872102,528.59740958659506,63700.829949043124,0.0048331701554931083,0.01920284871477667,0.037047658906805711,0.68699031305180525,0.00030908376661104839,0.00014004151806528358,9.912705577010328e-18,0.035714285714285726,0.040476190476190499
0.0089214575635122133,528.42995942147468,63702.89158410237,0.021338443841554328,0.0057286241787759392,0.030153876384858443,0.25980516017562683,0.00020608524184977567,0.00012807349470397983,5.9476233462061993e-18,0.021428571428571436,0.040476190476190499
1.8147241585243388,511.55125619401457,63703.010781565354,-0.0090111736010747272,0.0073746712890806945,0.46316105254866952,0.22300909943788874,0.006881141954475113,0.1505361759171619,1.9825411154020705e-18,0.0071428571428571452,0.040476190476190499
2.1089307486910496,512.89752350528693,63709.015155408764,-0.0044313170320378686,-0.0022510759818644369,0.42637302646691266,0.2852130786159574,0.0090367610269746126,0.20047892173642148,-1.9825411154020705e-18,-0.0071428571428571452,0.040476190476190499
0.0031041028960830941,529.47237331361225,63704.413257188695,-0.018480091516197592,0.0102409326040257,0.030541480430270891,0.14917905526615627,6.4960210615861599e-05,2.5018416666601382e-05,-5.9476233462061931e-18,-0.021428571428571436,0.040476190476190499
0.0033247940827374647,529.41962802344722,63702.900601925176,-0.012180682811204756,0.01807095751844499,0.033199194490850445,0.15166995828807689,6.897659837327008e-05,2.761313012362638e-05,-9.912705577010328e-18,-0.035714285714285726,0.040476190476190499
0.0039369956865271533,529.29265466446611,63701.163273348844,-0.0045614582011296624,0.025898836709994932,0.034146836070301612,0.18616698724323882,7.8693605181019284e-05,3.4924858883515239e-05,-1.3877787807814457e-17,-0.049999999999999989,0.040476190476190499
0.0044592623634487627,529.10223601167911,63636.608455222857,-0.0024425866115020184,0.030398116109675064,0.033455097714304806,0.18557868069808484,8.0914797165742913e-05,4.0112247840006172e-05,-1.7842870038618585e-17,-0.064285714285714307,0.040476190476190499
0.0048396805787914781,528.88466368867262,63633.518161165281,-0.0028297511168207984,0.033419123070373126,0.028334643653718506,0.17139294777066319,8.0914915872157104e-05,4.3534242531704403e-05,-2.1807952269422714e-17,-0.07857142857142857,0.040476190476190499
0.0050849446420129715,528.7406826408295,63630.981153693836,-0.0053794570202873619,0.033711653044663295,0.016994798183075782,0.15655433318317682,8.1609056387346246e-05,4.5936236112173109e-05,-2.5773034500226855e-17,-0.09285714285714286,0.040476190476190499
0.0055721806653942878,528.6954474606157,63630.426266905757,-0.0073035899011321612,0.032116785040876929,0.0017175109893756378,0.14034661167951629,8.8213469200696515e-05,5.2335049591170132e-05,-2.9738116731030972e-17,-0.10714285714285715,0.040476190476190499
0.0076670033976538217,528.68327182139399,63633.079574189789,-0.0059917972968060521,0.028798261619516784,-0.023768464230143671,0.15766726457887614,0.00012175546629642925,8.4599907824191059e-05,-3.3703198961835113e-17,-0.12142857142857144,0.040476190476190499
0.012868060054409835,529.08822119763147,63638.43485344635,-0.0041625335320960247,0.017348024785656103,-0.044808476917449859,0.20911107224448661,0.00015937952738625478,0.0001624536024544123,-3.7668281192639229e-17,-0.13571428571428573,0.040476190476190499
0.015579576377723213,528.58820161361177,64632.225491618949,0.0029518543707763275,-0.015086026556884,-0.022766067825586954,0.27977621956250454,0.00020983685900454444,0.00022568179793343846,3.7668281192639242e-17,0.13571428571428573,0.032380952380952371
0.011078528648398298,528.33946543226409,64629.745485268941,0.0040555842804033239,-0.027754811565264246,-0.012641376755583029,0.36920057134235273,0.00021480138411523729,0.00016236806790804955,3.3703198961835113e-17,0.12142857142857144,0.032380952380952371
0.0086422779801926548,528.32075443737403,64627.632308550048,0.0052904796583090529,-0.033253342918937792,0.0025217342930044986,0.3915781966409449,0.00019064915037323612,0.00011932890857799326,2.9738116731030978e-17,0.10714285714285715,0.032380952380952371
0.0069252192483746661,528.43226875606763,64627.083822452827,0.0060178987443218626,-0.032663309151512387,0.013658925299960269,0.37691734316554154,0.00016081568479207336,8.7820868892512054e-05,2.5773034500226849e-17,0.092857142857142874,0.032380952380952371
0.0050681558333106882,528.63058673445937,64627.788934668039,0.0070145135538061919,-0.026665403751215178,0.022237519033243926,0.31954283689664864,0.00012914928117529697,5.7596481877784842e-05,2.180795226942272e-17,0.078571428571428584,0.032380952380952371
0.0040378035802107618,528.70290216492867,64629.381767676277,0.012105875439840466,-0.016170168060239191,0.024122103145207408,0.24061656739884563,0.00010911147044672419,4.2177457169850031e-05,1.7842870038618589e-17,0.064285714285714293,0.032380952380952371
0.0085126486508855289,528.57566486412668,64569.922447298748,0.016850587442829201,0.0102062067689659,0.031367574235870083,0.41961150223253224,0.00031596271665570969,0.00015131522515716574,1.3877787807814457e-17,0.050000000000000017,0.032380952380952371
0.0077644506542362312,528.52240348700457,64568.935822073072,0.010550574578139901,0.016497829822010656,0.027725113119335405,0.29615526587120444,0.00026037446141970454,0.00012528812980944519,9.912705577010328e-18,0.035714285714285726,0.032380952380952371
0.0059739891895475138,528.49085841596411,64569.944363423412,0.024573144501938288,0.0037674164194093055,0.021927149478295983,0.28551143555887359,0.00016325234574428882,7.6329804056590549e-05,5.9476233462061993e-18,0.021428571428571436,0.032380952380952371
1.7188100953517806,510.89989061011846,64568.839236704262,-0.007406588031296661,0.0051144124746568065,0.47842033577290072,0.16293111224567758,0.005369472540178527,0.12594870564561836,1.9825411154020705e-18,0.0071428571428571452,0.032380952380952371
1.9812490463217713,511.73782110373389,64576.737749940963,-0.0045637993630951983,-0.00059629419565383789,0.45135178025476325,0.1963075064966161,0.0067551052594340098,0.16283776422492574,-1.9825411154020705e-18,-0.0071428571428571452,0.032380952380952371
0.0030598076147249267,529.47361740360134,64571.402366944152,-0.018989295024375193,0.013296206453964048,0.023432887726021277,0.12854528004330912,5.8259355352691763e-05,2.3354843341266111e-05,-5.9476233462061931e-18,-0.021428571428571436,0.032380952380952371
0.0032544978472044332,529.44275683164631,64569.99679798742,-0.012406421469870624,0.02015276500945096,0.026288538080957071,0.13691753902574361,6.3102028542023745e-05,2.5852684665354409e-05,-9.912705577010328e-18,-0.035714285714285726,0.032380952380952371
0.0038682703037736343,529.35587807823367,64568.495369864337,-0.0060334347132130388,0.02735117228293665,0.0271838703305043,0.17462216878466735,7.6275851225833443e-05,3.378394374354952e-05,-1.3877787807814457e-17,-0.049999999999999989,0.032380952380952371
0.0045144647875292165,529.22823014704409,64628.2984124992,-0.0037299549217863662,0.033191959478780245,0.02564419935990998,0.1811826943975049,8.2184107548777702e-05,4.0926084031284319e-05,-1.7842870038618585e-17,-0.064285714285714307,0.032380952380952371
0.0051503029185482763,529.04961763850395,64625.883838094865,-0.0029844285385991804,0.037922169685026541,0.021436221175266626,0.18269662258906846,8.6532952399072914e-05,4.7909709099917603e-05,-2.1807952269422714e-17,-0.07857142857142857,0.032380952380952371
0.0058157280489325464,528.88783915290026,64624.177617609457,-0.0035112734674387059,0.040269576995637574,0.012023445238758309,0.18313339326652717,9.3785983132523251e-05,5.6321350221115724e-05,-2.5773034500226855e-17,-0.09285714285714286,0.032380952380952371
0.006648011680331016,528.81884802451702,64624.352117119604,-0.0042296333160026893,0.039534612285995696,-0.0010502885261372916,0.17850142401443403,0.00010549004896823686,6.8280630195918972e-05,-2.9738116731030972e-17,-0.10714285714285715,0.032380952380952371
0.0085533223255107003,528.89711842641827,64627.412980408859,-0.0043291775697401596,0.033382609438037086,-0.021149783446533947,0.19296761503206203,0.00012904689686668943,9.7164723972926117e-05,-3.3703198961835113e-17,-0.12142857142857144,0.032380952380952371
0.013924682532995279,529.32374803869595,64631.861716232248,-0.0040093731660717658,0.018935352811286166,-0.034355711017954954,0.17811856075877161,0.00014757065931091592,0.00016915518378316096,-3.7668281192639229e-17,-0.13571428571428573,0.032380952380952371
0.012893840605382283,528.75593589730306,65375.146680316822,0.0032039775640607679,-0.013318873124527219,-0.015312595004326773,0.23915194265244238,0.00016727723188037809,0.00016676338950792817,3.7668281192639242e-17,0.13571428571428573,0.024285714285714299
0.0099587422841908215,528.54640545054463,65373.245422592146,0.0040803697498067882,-0.025728349182476844,-0.0091158155394726256,0.32422891704574108,0.00017782572583007738,0.00013280113558476633,3.3703198961835113e-17,0.12142857142857144,0.024285714285714299
0.0077119609050785159,528.53136380311253,65371.35632972484,0.0051313141795534438,-0.031307096425121438,0.0023064040010406326,0.35577338875351278,0.00015972097615485559,9.7464351436409068e-05,2.9738116731030978e-17,0.10714285714285715,0.024285714285714299
0.006056860727101529,528.61967053035664,65370.686511780819,0.0061251932855810676,-0.030787781316126563,0.010848096356916361,0.33296684055825382,0.00013596583028142515,7.0625653120207584e-05,2.5773034500226849e-17,0.092857142857142874,0.024285714285714299
0.0045467993237152983,528.75048940165004,65371.03486018008,0.0085127564506026227,-0.025385045462122249,0.017107575247449835,0.26186943966405385,0.00011181335642990848,4.8078690330363487e-05,2.180795226942272e-17,0.078571428571428584,0.024285714285714299
0.0038605871444059312,528.74127267885228,65372.270987909047,0.014922917258053822,-0.016762290607169199,0.018051272164135351,0.20402608985762385,9.4544497528658701e-05,3.7538031048490363e-05,1.7842870038618589e-17,0.064285714285714293,0.024285714285714299
0.0054367233385920399,528.56407397052703,65312.534020640283,0.01764094782102045,-0.0049484853686794826,0.016714726644947685,0.11834728971897339,0.00013939970717325188,6.4190116534378224e-05,1.3877787807814457e-17,0.050000000000000017,0.024285714285714299
0.0045899340269702979,528.47803402911529,65312.186087751412,0.019210044956180748,0.0041435489670081163,0.01569966540592729,0.10106647728171946,0.00011098294480173121,4.8354240403420415e-05,9.912705577010328e-18,0.035714285714285726,0.024285714285714299
0.0044290256859426391,528.52469470962819,65312.526148045567,0.027458735276703356,0.0018087414877377009,0.01511447230606869,0.24628558069981024,0.00011863258806116281,4.8240322381073075e-05,5.9476233462061993e-18,0.021428571428571436,0.024285714285714299
1.5916406674702566,510.25669062936976,65310.841854149614,-0.0055023127162121509,0.0029900359309206368,0.49219114978810863,0.12145647588234197,0.0041605757551348224,0.10266484223765354,1.9825411154020705e-18,0.0071428571428571452,0.024285714285714299
1.7651138656891519,510.69701949843193,65319.338521386773,-0.0038010125850464573,0.00084088724620402246,0.47444928941915498,0.13575847470218172,0.0048517432039157657,0.12294804562711854,-1.9825411154020705e-18,-0.0071428571428571452,0.024285714285714299
0.0030596436984481803,529.46476662112013,65314.074696510492,-0.019030717533580776,0.015742660689121588,0.017060137204007491,0.10945188731460979,5.1118322955478049e-05,2.1875558700616492e-05,-5.9476233462061931e-18,-0.021428571428571436,0.024285714285714299
0.0032332202839735784,529.45311489710423,65312.84222452902,-0.012544548974048716,0.021664945119841135,0.020189692850730998,0.12282295594027179,5.6597165770364673e-05,2.4323867917779578e-05,-9.912705577010328e-18,-0.035714285714285726,0.024285714285714299
0.0037362775618241034,529.4033699198734,65311.587108395775,-0.0074097520436437071,0.027828612832871184,0.021026627963541749,0.16295626822601122,7.0987352491154392e-05,3.147963016036737e-05,-1.3877787807814457e-17,-0.049999999999999989,0.024285714285714299
0.0044190361717988662,529.32190639173098,65371.66952473476,-0.005256723477499608,0.033965140912752961,0.019379599890423278,0.17410938682895158,7.967120884973364e-05,3.9443755661191547e-05,-1.7842870038618585e-17,-0.064285714285714307,0.024285714285714299
0.0051893159320843783,529.19859122360776,65369.733313361801,-0.0039797615439163764,0.039423044702319457,0.015818071072237122,0.18522959908790065,8.648689943087979e-05,4.825977311586122e-05,-2.1807952269422714e-17,-0.07857142857142857,0.024285714285714299
0.0060771303712514619,529.07590556222749,65368.670553721226,-0.0037323014236426018,0.042226414943138002,0.0080635971313488958,0.20159162245868795,9.622085961434082e-05,5.9611928173490922e-05,-2.5773034500226855e-17,-0.09285714285714286,0.024285714285714299
0.0070914630084140829,529.02863916315994,65369.380468279152,-0.0039717169166595262,0.041168170162519037,-0.0025011229117093314,0.20351276093004106,0.00010881934091431558,7.3975666615045738e-05,-2.9738116731030972e-17,-0.10714285714285715,0.024285714285714299
0.0090745174055477298,529.13351946307193,65372.443619661615,-0.0042277126936318158,0.033650441125826776,-0.017842106678579911,0.1968466116698793,0.00012565770184658803,0.00010172275042423874,-3.3703198961835113e-17,-0.12142857142857144,0.024285714285714299
0.014005761413879176,529.48894167763081,65375.902235059941,-0.0041960855033633055,0.017895607041673225,-0.025492623440427176,0.1501216383862147,0.00013306119319505611,0.00016155947406449643,-3.7668281192639229e-17,-0.13571428571428573,0.024285714285714299
0.0088769330628039878,528.94579366217863,66117.38804471631,0.0040663009529451578,-0.011248400749258524,-0.0092027849556879874,0.19268296478044911,0.00011199790094306584,9.3943748817079664e-05,3.7668281192639242e-17,0.13571428571428573,0.0161904761904762
0.0078598143432749012,528.7657245602245,66116.012866935591,0.0046879470295501866,-0.022196106574789244,-0.0057864388625708703,0.2597851519341195,0.00013340485530638865,9.0781657058298067e-05,3.3703198961835113e-17,0.12142857142857144,0.0161904761904762
0.0062784490900808232,528.74578247175134,66114.364969276721,0.0061922801406623781,-0.027927198606310901,0.0018567836103543763,0.29106341366582933,0.00012599846051142722,7.0474985704768706e-05,2.9738116731030978e-17,0.10714285714285715,0.0161904761904762
0.0050790045149355471,528.7998605304856,66113.657461079114,0.0081936766496900175,-0.027811521564969178,0.0076726141182770777,0.26123056993703975,0.00011202716272772474,5.3757649001260808e-05,2.5773034500226849e-17,0.092857142857142874,0.0161904761904762
0.0041582021751669076,528.85941282159183,66113.824759192794,0.012131929169787881,-0.023589816170710643,0.011754771118941004,0.20877887917547558,9.5859355673578824e-05,4.0712039011479945e-05,2.180795226942272e-17,0.078571428571428584,0.0161904761904762
0.0037502533005617585,528.79413673177339,66114.791107383659,0.018360797181805222,-0.017024791227338559,0.012180296246318976,0.18107663268997365,8.132134639038918e-05,3.3819165119839198e-05,1.7842870038618589e-17,0.064285714285714293,0.0161904761904762
0.003569997504667341,528.62373568126566,66177.983765015553,0.022244687031663796,-0.0094596941188604487,0.0090830291686535836,0.17873809634168483,7.3959229882272223e-05,3.0701818695631955e-05,1.3877787807814457e-17,0.050000000000000017,0.0161904761904762
0.0033051738894701544,528.53367518247637,66177.938819637435,0.023522631228732521,-0.0020825067013985829,0.0081055181053724217,0.14104947617411431,6.2227804664219993e-05,2.6072732751813501e-05,9.912705577010328e-18,0.035714285714285726,0.0161904761904762
0.0036487183468388103,528.54906196110289,66178.036765559795,0.029661166825405382,-0.0008246547044045853,0.008117205239171893,0.16325477598113231,7.2864087485636627e-05,3.1145628968663015e-05,5.9476233462061993e-18,0.021428571428571436,0.0161904761904762
1.4428460120421787,509.52959074885985,66175.8380346903,-0.0033676871408827667,0.0007047942479166074,0.50666054594449106,0.088782150096471016,0.0031122704232481226,0.080493098639473751,1.9825411154020705e-18,0.0071428571428571452,0.0161904761904762
1.5388773640753608,509.69804313690366,66184.126554351606,-0.0021251365746049449,0.0023660501273120829,0.49662752933505766,0.092938249602592685,0.0033764523143980495,0.089419929222051067,-1.9825411154020705e-18,-0.0071428571428571452,0.0161904761904762
0.003245141265148199,529.41851905613578,66179.803085212421,-0.0181245242004354,0.018156083212350977,0.0094593442477791251,0.080239221986361506,4.0104224618694373e-05,2.0550796982781723e-05,-5.9476233462061931e-18,-0.021428571428571436,0.0161904761904762
0.0035073039935520126,529.43615644969998,66178.945106885309,-0.01191797710700929,0.0227822257885287,0.013031668054994309,0.098044873622266812,4.7783797181427762e-05,2.4244528299874307e-05,-9.912705577010328e-18,-0.035714285714285726,0.0161904761904762
0.0036630604993465221,529.43686550548739,66178.051119718599,-0.0087700911656007647,0.027549347907334085,0.013970594613054801,0.13948616282983337,6.083490912839194e-05,2.8570676474337876e-05,-1.3877787807814457e-17,-0.049999999999999989,0.0161904761904762
0.0041885391166735812,529.39915277985813,66114.578078490391,-0.0071726767402635781,0.03356179390309437,0.013194572492174851,0.16224427509332276,7.2722768366795631e-05,3.5718875431449587e-05,-1.7842870038618585e-17,-0.064285714285714307,0.0161904761904762
0.005009598789917624,529.33822151617062,66112.987819328249,-0.00576385549101089,0.039130188042618974,0.0102737183649915,0.17972125452603033,8.2223198718824113e-05,4.5425543209288633e-05,-2.1807952269422714e-17,-0.07857142857142857,0.0161904761904762
0.0060369640814474899,529.27751382679048,66112.434911585617,-0.0049506077622158131,0.041814120563274673,0.0045364342908962843,0.20734523353285267,9.3028276251877172e-05,5.8227223109080856e-05,-2.5773034500226855e-17,-0.09285714285714286,0.0161904761904762
0.0071860339821854793,529.26546654820356,66113.541325110302,-0.0047735097406413057,0.040057040899603887,-0.0030790577472926822,0.20813631840997554,0.00010459474146095936,7.3492698150085087e-05,-2.9738116731030972e-17,-0.10714285714285715,0.0161904761904762
0.009119858434869333,529.3678825835666,66116.51238055453,-0.0048565157381764128,0.031066848579396254,-0.013544974403152461,0.17490157842084619,0.00011506392016364898,9.7826762245798349e-05,-3.3703198961835113e-17,-0.12142857142857144,0.0161904761904762
0.011746208745187432,529.5954246426669,66118.89140609384,-0.0049972667105516386,0.014428481105296896,-0.01632086698396084,0.12699211514738656,0.00010679985285842145,0.00012139003642040187,-3.7668281192639229e-17,-0.13571428571428573,0.0161904761904762
0.0055754209277465187,529.10802480221844,66859.213849389373,0.0099380813155063707,-0.0079839776974811177,-0.0049045352329104893,0.14314928935611726,8.0716909571413987e-05,5.0091025584458358e-05,3.7668281192639242e-17,0.13571428571428573,0.0080952380952380998
0.0055641038543583037,528.98592180842775,66858.186354984515,0.0093263884311100345,-0.017767585122907641,-0.0030875018354210378,0.20051496861252582,0.00010046458049976082,5.577013748267498e-05,3.3703198961835113e-17,0.12142857142857144,0.0080952380952380998
0.0049355037948940047,528.96618922248763,66856.733492192143,0.01115119151019222,-0.023707577945476972,0.0010115650083243784,0.22658679822183941,9.9441592566524615e-05,4.9217043936698186e-05,2.9738116731030978e-17,0.10714285714285715,0.0080952380952380998
0.0043770623971992164,528.98631245742922,66856.072942369618,0.013303142885147376,-0.024487770570947538,0.0041318453949291348,0.20939867669796833,9.000080849214955e-05,4.1524646419280914e-05,2.5773034500226849e-17,0.092857142857142874,0.0080952380952380998
0.004027249795596744,528.99155682320918,66856.195875919278,0.016576336538313037,-0.021943664037614066,0.006400416758884751,0.1763722867786319,7.7700045142414104e-05,3.5499252123625532e-05,2.180795226942272e-17,0.078571428571428584,0.0080952380952380998
0.0039709882634784074,528.89510069132041,66856.916325564263,0.021064158908763394,-0.017088249224433423,0.006594199225677045,0.15057305666401005,6.5717363712237107e-05,3.2191311463117379e-05,1.7842870038618589e-17,0.064285714285714293,0.0080952380952380998
0.0039647941503718875,528.7178971096298,66919.674718500071,0.024223106318784868,-0.010434009025862096,0.0039946616101779802,0.13181507152947092,5.6875053540675975e-05,2.990071360152936e-05,1.3877787807814457e-17,0.050000000000000017,0.0080952380952380998
0.0036301711232201196,528.60327670087406,66919.59317182716,0.024964922918061641,-0.0044626833628776891,0.003495637814164133,0.11007173891070648,4.5292770492846404e-05,2.4431016731079332e-05,9.912705577010328e-18,0.035714285714285726,0.0080952380952380998
0.0038485593193806401,528.49953597044055,66919.41133231367,0.029272585634444719,-0.0033097771079098103,0.0036966527374557908,0.10631566696700898,4.3666283635006356e-05,2.5431460422359704e-05,5.9476233462061993e-18,0.021428571428571436,0.0080952380952380998
1.32794551181339,509.02275274526289,66915.423168675523,-0.0017719877832195177,-0.00099823124843397286,0.51732555935465219,0.07065436366876543,0.0025022442578590829,0.066427071426728837,1.9825411154020705e-18,0.0071428571428571452,0.0080952380952380998
1.3778566014527678,509.07255463859303,66923.622795398391,-0.0009433521548035728,0.0036456652622220676,0.51213070709034647,0.071617063217846166,0.002593267098375348,0.070166149804680292,-1.9825411154020705e-18,-0.0071428571428571452,0.0080952380952380998
0.0042668721031587538,529.22924751605012,66921.198843284816,-0.014099103697766957,0.017604348050630513,0.0032310491683634713,0.047322943876221137,3.2678046994231878e-05,2.4391452989775875e-05,-5.9476233462061931e-18,-0.021428571428571436,0.0080952380952380998
0.00510663565164625,529.33050068834325,66920.817345610209,-0.0083848264379298675,0.020158582172288681,0.0061505260092996859,0.05750842140859562,4.5083116829437951e-05,3.428797520390349e-05,-9.912705577010328e-18,-0.035714285714285726,0.0080952380952380998
0.0044448599732336419,529.41960010076707,66920.267395259958,-0.0088976340674515181,0.025920374669733948,0.0077906333457449179,0.093532678986244913,5.0724570422006305e-05,3.165681897532403e-05,-1.3877787807814457e-17,-0.049999999999999989,0.0080952380952380998
0.0041871807467307523,529.43959627306447,66857.006953756179,-0.0088400507616793189,0.032304408525318733,0.0074147996636372204,0.13426979627925301,6.0556282557352672e-05,3.2583768514526583e-05,-1.7842870038618585e-17,-0.064285714285714307,0.0080952380952380998
0.0046292925314064806,529.43374613995809,66855.573931044841,-0.0081739319492298151,0.037384404911912639,0.0052747014214498166,0.16529324510717552,7.0872447805786886e-05,3.8972058133406331e-05,-2.1807952269422714e-17,-0.07857142857142857,0.0080952380952380998
0.0055332615673512921,529.42894591078061,66855.3071215042,-0.0074055649665730238,0.039127259585991406,0.0018389169341302288,0.19605058058209704,8.3621445845466927e-05,5.0598778975172228e-05,-2.5773034500226855e-17,-0.09285714285714286,0.0080952380952380998
0.0065474318654629386,529.44618031271318,66856.64192236049,-0.0069306312548489211,0.036191168706029272,-0.0024304398332478019,0.18765352118989317,9.4708953730382255e-05,6.3718641386677671e-05,-2.9738116731030972e-17,-0.10714285714285715,0.0080952380952380998
0.0076945184089292403,529.51377281358862,66859.527447281929,-0.0067681609136665362,0.025372961585750222,-0.0078574656671846071,0.14378724367002199,9.64382053738166e-05,7.5562445158751813e-05,-3.3703198961835113e-17,-0.12142857142857144,0.0080952380952380998
0.0073132054602803778,529.56024239854048,66861.137144303066,-0.0071605513253359034,0.0097861871488775076,-0.008564320710322499,0.098672366533711406,6.7567168724244481e-05,6.0114001157616606e-05,-3.7668281192639229e-17,-0.13571428571428573,0.0080952380952380998
0.8507985294323247,529.44149688361858,67724.110486158039,0.000166338696867915,-1.4265597209008495e-05,-1.878393602461594e-07,7.5306051984995516e-08,3.4358037011584693e-09,4.9870176143353181e-05,3.7668281192639242e-17,0.13571428571428573,0
0.99243287989852591,508.61125014400648,67762.649923197081,-0.00039606367492097972,0.0026828210533216892,0.53734445010627385,0.072417477887129836,0.0018890839938113086,0.043134699654723961,1.9825411154020705e-18,0.0071428571428571452,0
0.99554672873750116,508.61332672530796,67768.958278920749,-0.00043705985547900166,-0.0019763997718725418,0.53571812677346597,0.07280197566909262,0.0019002296091785342,0.043397497831073509,-1.9825411154020705e-18,-0.0071428571428571452,0
52.552363852077633,524.13739731530723,50903.964192774067,0,0,0,6.6405016237992855e-05,3.0598348996847884e-06,0.091926611653852144,2.5773034500226849e-17,0.092857142857142874,0.17000000000000001
97.563925740559682,521.25815573894465,50920.410436608618,0,0,0,4.4792041685394098e-08,1.0226617981120478e-05,0.31200049531857726,1.3877787807814457e-17,0.050000000000000017,0.17000000000000001
182.99418975175848,518.38210038784428,51125.171016139873,0,0,0,1.5059397716705721e-07,3.4735704252500438e-05,1.078512926970745,5.9476233462061993e-18,0.021428571428571436,0.17000000000000001
661.84796679122348,516.55540178967021,51904.271801027426,0,0,0,1.8089360073158239e-06,0.00041966955512744662,13.558510172829379,1.9825411154020705e-18,0.0071428571428571452,0.17000000000000001
0.78531496325586325,529.30423020548426,67724.66662573193,0,0,0,1.3546829911970931e-08,6.3919603118311625e-10,1.9854589274229242e-05,4.163336342344337e-17,0.15000000000000002,0
1.8758455762657427,529.46518310846591,67723.711346808486,0,0,0,9.3371114881001853e-08,4.1911029889931095e-09,0.00012143985777688346,3.3703198961835113e-17,0.12142857142857144,0
1.7521612302116734,529.47784633106266,67722.15399769762,0,0,0,8.1294615207752864e-08,3.6495985306814638e-09,0.00010585140162651467,2.9738116731030978e-17,0.10714285714285715,0
1.6180744324052876,529.49745174886698,67721.411731257016,0,0,0,6.9268029200909897e-08,3.1099697834394513e-09,9.0235323626849161e-05,2.5773034500226849e-17,0.092857142857142874,0
1.5305534596130972,529.47195945715259,67721.489108436101,0,0,0,6.1768647619821103e-08,2.7758315939535422e-09,8.0638986472131448e-05,2.180795226942272e-17,0.078571428571428584,0
1.4943153892038381,529.18386278966057,67722.103371976162,0,0,0,5.8470211166005207e-08,2.6320672100912237e-09,7.666387313718474e-05,1.7842870038618589e-17,0.064285714285714293,0
1.6600705986898754,528.85444745064149,67722.787490359857,0,0,0,6.8085094762574141e-08,3.1121942129815379e-09,9.2610430560994433e-05,1.3877787807814457e-17,0.050000000000000017,0
1.3094391168495731,528.43336160636704,67722.904531541979,0,0,0,4.4825727379109623e-08,2.0191306147435883e-09,5.8839302704467419e-05,9.912705577010328e-18,0.035714285714285726,0
1.2737082294512831,527.19284514420406,67722.659276211474,0,0,0,4.0614969412624626e-08,1.8521833711927672e-09,5.4816581103343069e-05,5.9476233462061993e-18,0.021428571428571436,0
0.99303806841408315,527.54399570957207,67724.43154247725,0,0,0,2.4066367959101216e-08,1.1070950474335132e-09,3.3041393231848252e-05,-5.9476233462061931e-18,-0.021428571428571436,0
1.020498163530918,528.72421229979818,67724.155198627719,0,0,0,2.7771103788941245e-08,1.2391773994763718e-09,3.592352700438947e-05,-9.912705577010328e-18,-0.035714285714285726,0
1.1285036242372899,529.07493436471793,67723.623623135718,0,0,0,3.5676580191175152e-08,1.5788325489089178e-09,4.4840556491338969e-05,-1.3877787807814457e-17,-0.049999999999999989,0
1.7719518638366492,529.26493267459261,67722.437059534728,0,0,0,8.1089394767065724e-08,3.665086842009085e-09,0.0001072738962055706,-1.7842870038618585e-17,-0.064285714285714307,0
1.9048537663242895,529.38166489130515,67720.983303162371,0,0,0,9.3409888788946609e-08,4.2257304582871563e-09,0.00012382619755018886,-2.1807952269422714e-17,-0.07857142857142857,0
2.0714768166560495,529.44053741020218,67720.914437006766,0,0,0,1.111717533073525e-07,5.0202337164307779e-09,0.00014677160561480342,-2.5773034500226855e-17,-0.09285714285714286,0
2.2857658599462924,529.45691797386212,67722.519739128838,0,0,0,1.361234835968203e-07,6.1379354450298144e-09,0.00017907827407351613,-2.9738116731030972e-17,-0.10714285714285715,0
2.1725372386692694,529.4298047572247,67725.507780561718,0,0,0,1.2165003937757414e-07,5.5030750996834947e-09,0.00016116470926427401,-3.3703198961835113e-17,-0.12142857142857144,0
1.6908998725797786,529.27407003029862,67726.7878240102,0,0,0,7.2347354900096325e-08,3.2899051966697489e-09,9.6986119475870992e-05,-3.7668281192639229e-17,-0.13571428571428573,0
0.53121959010747766,528.79187301091201,67726.616388254814,0,0,0,6.5819507408916511e-09,3.0629331805875014e-10,9.2970002722451214e-06,-4.163336342344337e-17,-0.15000000000000002,0
12.948448934802945,530.33855848958865,50794.465934854008,0,0,0,4.2896722936653282e-06,1.9420815937647987e-07,0.0057062590609409432,4.163336342344337e-17,0.15000000000000002,0.17000000000000001
9.0230436311568862,533.33560386058105,51039.757795288591,0,0,0,2.2066300249885072e-06,9.8169399648513229e-08,0.0028270997029134284,-4.163336342344337e-17,-0.15000000000000002,0.17000000000000001
18.095855013084268,529.65157537387017,51805.67985532387,0,0,0,8.339713727652945e-06,3.7805067826312734e-07,0.011126385902613728,4.163336342344337e-17,0.15000000000000002,0.16190476190476191
12.746810959636758,532.35427952794555,51792.141307572834,0,0,0,4.2722060195389665e-06,1.9180505246098177e-07,0.0055825364399133314,-4.163336342344337e-17,-0.15000000000000002,0.16190476190476191
18.546458675658826,529.4269040344833,52552.277837854424,0,0,0,8.7496224183544501e-06,3.9680058275503479e-07,0.011682805510662683,4.163336342344337e-17,0.15000000000000002,0.15380952380952381
14.454038367394626,531.68329562163512,52541.23475798851,0,0,0,5.3955892766491721e-06,2.4356585670067461e-07,0.0071334136322719656,-4.163336342344337e-17,-0.15000000000000002,0.15380952380952381
17.221872462897799,529.42424903620542,53281.406554652225,0,0,0,7.5488506527308048e-06,3.4232231356077433e-07,0.010076227700718386,4.163336342344337e-17,0.15000000000000002,0.14571428571428574
13.936812623768654,531.3631683278802,53278.152924863447,0,0,0,4.9659957178135447e-06,2.2482920930845668e-07,0.0066083011726273894,-4.163336342344337e-17,-0.15000000000000002,0.14571428571428574
14.843778971151506,529.57588587275234,54006.189540396488,0,0,0,5.6231902885616245e-06,2.5484198308235348e-07,0.0074934181326621911,4.163336342344337e-17,0.15000000000000002,0.13761904761904764
12.515688515838507,531.28677887727781,54008.447453932706,0,0,0,3.9786364717043504e-06,1.8048140169057856e-07,0.0053170528085754228,-4.163336342344337e-17,-0.15000000000000002,0.13761904761904764
12.090488375030846,529.95505695536974,54979.502843409668,0,0,0,3.739037818630546e-06,1.6934670047150379e-07,0.0049754482500803214,4.163336342344337e-17,0.15000000000000002,0.12952380952380954
10.553783233431547,531.46289512903661,54984.267701257253,0,0,0,2.824202426681876e-06,1.2817939058968947e-07,0.0037784812468302045,-4.163336342344337e-17,-0.15000000000000002,0.12952380952380954
11.005041079841934,530.28432040304199,55714.933761797016,0,0,0,3.1025243225793399e-06,1.4044455294205191e-07,0.0041242417852907116,4.163336342344337e-17,0.15000000000000002,0.12142857142857144
9.4618436011910312,531.70510849354287,55719.955305096737,0,0,0,2.2758467437959583e-06,1.0321214078755461e-07,0.0030397730351514156,-4.163336342344337e-17,-0.15000000000000002,0.12142857142857144
10.452033998800665,530.57030893501496,56453.362738473566,0,0,0,2.8001838855550753e-06,1.2672728276471912e-07,0.0037207961339012245,4.163336342344337e-17,0.15000000000000002,0.11333333333333334
9.0084542692667764,531.93829232661562,56458.116185450788,0,0,0,2.0718618658832272e-06,9.3840486956504254e-08,0.0027595953507900351,-4.163336342344337e-17,-0.15000000000000002,0.11333333333333334
10.14806882048647,530.74177440066046,57193.691911054149,0,0,0,2.6412083551766023e-06,1.1951291346131232e-07,0.0035082523162847622,4.163336342344337e-17,0.15000000000000002,0.10523809523809526
8.8604352264849116,532.05893230365439,57197.809272682753,0,0,0,2.0071850949560799e-06,9.0871071258389902e-08,0.0026709630434833022,-4.163336342344337e-17,-0.15000000000000002,0.10523809523809526
9.9090478617717679,530.63797151481731,58182.723782928653,0,0,0,2.5131930081553348e-06,1.1377818658754986e-07,0.0033424231446657865,4.163336342344337e-17,0.15000000000000002,0.097142857142857156
8.8070000292640138,531.88897912283107,58185.629989806854,0,0,0,1.980340900631923e-06,8.9697491032091875e-08,0.0026376559437941388,-4.163336342344337e-17,-0.15000000000000002,0.097142857142857156
9.6961094864147022,530.21891247531221,58925.598409698039,0,0,0,2.3957361614442281e-06,1.0861039383960051e-07,0.0031954586722688573,4.163336342344337e-17,0.15000000000000002,0.089047619047619056
8.7545599154017566,531.42193627194399,58927.382467995783,0,0,0,1.9496061283448586e-06,8.841198879447194e-08,0.0026030942887699327,-4.163336342344337e-17,-0.15000000000000002,0.089047619047619056
9.3880951362679763,529.75909586294756,59669.245284207696,0,0,0,2.2350540808500279e-06,1.0148061103427916e-07,0.0029906736117314044,4.163336342344337e-17,0.15000000000000002,0.080952380952380956
8.6081978235383581,530.90679294834297,59669.800460174542,0,0,0,1.8780325879699948e-06,8.5270529228097987e-08,0.0025136900038758526,-4.163336342344337e-17,-0.15000000000000002,0.080952380952380956
9.0016552832540437,529.41501061911538,60413.521447415849,0,0,0,2.0466428680936218e-06,9.3040826836999772e-08,0.0027457384051166045,4.163336342344337e-17,0.15000000000000002,0.07285714285714287
8.3579642532731455,530.50806410171424,60412.915688669906,0,0,0,1.7662805325390863e-06,8.0258688137892951e-08,0.0023678082952654912,-4.163336342344337e-17,-0.15000000000000002,0.07285714285714287
8.3405768730466399,529.17012059842602,61406.619599234546,0,0,0,1.7506868498761665e-06,7.9676934107855873e-08,0.0023543032207688492,4.163336342344337e-17,0.15000000000000002,0.064761904761904757
7.8964325270655022,530.18699131435108,61404.896659257334,0,0,0,1.5744654416308564e-06,7.157760500247105e-08,0.0021126108706288798,-4.163336342344337e-17,-0.15000000000000002,0.064761904761904757
7.7390110887061452,529.09315218816323,62151.671958319035,0,0,0,1.5056229708032286e-06,6.854830982870941e-08,0.0020262071541748924,4.163336342344337e-17,0.15000000000000002,0.056666666666666671
7.4823480419778434,530.04628317115089,62149.697441402932,0,0,0,1.4131962375184834e-06,6.4255700874867151e-08,0.0018966785736469491,-4.163336342344337e-17,-0.15000000000000002,0.056666666666666671
7.018592072241864,529.07664113843111,62896.591020626838,0,0,0,1.2381779497226786e-06,5.6374334825837628e-08,0.0016664439723520043,4.163336342344337e-17,0.15000000000000002,0.048571428571428571
7.0054915623838294,529.95626469589808,62894.975105202248,0,0,0,1.239386744590456e-06,5.6347311823992213e-08,0.0016629347748930508,-4.163336342344337e-17,-0.15000000000000002,0.048571428571428571
6.1779190900660046,529.10454615181209,63641.06766728338,0,0,0,9.6011419369084415e-07,4.3702830607508226e-08,0.0012915076995851642,4.163336342344337e-17,0.15000000000000002,0.040476190476190499
6.3887832814550176,529.8949850643321,63640.294895825362,0,0,0,1.0333546448451163e-06,4.6946999157904782e-08,0.001384274042160733,-4.163336342344337e-17,-0.15000000000000002,0.040476190476190499
4.8945577487169469,529.2014164486111,64632.619015440949,0,0,0,6.0579078991626574e-07,2.7541464609091593e-08,0.00081228226792985983,4.163336342344337e-17,0.15000000000000002,0.032380952380952371
5.2093923457377009,529.81359117286411,64633.167876535714,0,0,0,6.9066152690549007e-07,3.1339315667163434e-08,0.00092221423597155401,-4.163336342344337e-17,-0.15000000000000002,0.032380952380952371
3.7640154092631972,529.33041836129712,65375.531210401095,0,0,0,3.9524998516729631e-07,1.7620670945000126e-08,0.00049964622812871738,4.163336342344337e-17,0.15000000000000002,0.024285714285714299
4.1389876906854104,529.69715474976692,65376.714608246672,0,0,0,4.3464078874799164e-07,1.9743565066669502e-08,0.00058157659774460792,-4.163336342344337e-17,-0.15000000000000002,0.024285714285714299
1.0760166219473517,529.42551556824128,66117.707964891713,0,0,0,3.1131328629762003e-08,1.3923828874054944e-09,4.0151180510279727e-05,4.163336342344337e-17,0.15000000000000002,0.0161904761904762
1.322844660401157,529.38710052954184,66119.359621833049,0,0,0,5.307868522326161e-08,2.2842554226050689e-09,6.3223885284388468e-05,-4.163336342344337e-17,-0.15000000000000002,0.0161904761904762
1.2591723595838769,529.34379334538971,66859.981107219995,0,0,0,4.0068660816075995e-08,1.8240254231286521e-09,5.3777502038975622e-05,4.163336342344337e-17,0.15000000000000002,0.0080952380952380998
0.82707655372475442,529.03325893436158,66861.689267747453,0,0,0,1.6702799878722891e-08,7.6761267149779238e-10,2.2914837252595902e-05,-4.163336342344337e-17,-0.15000000000000002,0.0080952380952380998
0.016192196914355115,530.85514404860987,51033.559879475753,-0.018868544270519202,-0.0063738962699785868,0.00026307622756404812,0.12822304984971064,0.00018046279978734146,0.00021752021414968203,-0.095964491732460008,-0.09596449173246005,0.17000000000000001
0.036519643082271382,530.24911199887651,51033.220218994691,-0.028608574410196822,-0.020294905162781943,-0.013761211306740427,0.16696598857432432,0.00037467435500228356,0.00070689271918750749,-0.085862966286937903,-0.085862966286937931,0.17000000000000001
0.090960022000815113,527.13042166574701,51037.145361168914,-0.047778279025592424,-0.044601642781646154,-0.01053735319017623,0.18385904326932578,0.00070546328869178644,0.0024159490212325701,-0.075761440841415797,-0.075761440841415825,0.17000000000000001
23.337572586633279,524.61177478289051,50909.137165731656,-0.0023265270477617075,-0.0023408452357190726,4.2972273583900058e-06,5.2152244380938979e-05,2.4080166203484209e-06,0.036214744188878246,-0.055558389950371587,-0.055558389950371607,0.17000000000000001
30.046347929288256,523.58269968595846,50912.433295881718,-0.0028167469985755245,-0.002974539375111196,5.3589614915119018e-06,8.5540635135382721e-05,3.9598418422391586e-06,0.059790283428449158,-0.045456864504849481,-0.045456864504849495,0.17000000000000001
39.208254272119639,522.31216952199861,50915.322979464661,-0.0036740153155585182,-0.0041507224164213626,5.450523115057283e-06,0.00014956442134603776,6.945786904751134e-06,0.1033328085551998,-0.035355339059327376,-0.03535533905932739,0.17000000000000001
304.27462919685246,516.97184796533463,51537.160534453287,-0.011503396716246247,-0.022562136105856785,0.0024977340250247095,1.5586199826819948e-06,0.00036081391587327086,5.7797277448169044,-0.0050507627227610596,-0.0050507627227610596,0.17000000000000001
316.54997394463624,516.91398497672537,51732.413645574015,0.017047114799379034,0.007907308470278443,0.0043225036490329464,1.6669736044754058e-06,0.00038600205585202768,6.2192367700579849,0.0050507627227610596,0.0050507627227610596,0.17000000000000001
84.789331330370644,519.16999140936878,51063.900950893854,0.012308391571380421,0.010833910296597549,0.00012291816947947721,1.3044251693355952e-07,2.9951554617686455e-05,0.46403516697916164,0.015152288168283151,0.015152288168283165,0.17000000000000001
55.085449812703075,521.17772674407377,50933.893665421878,0.0073524546658074999,0.0069744199760320997,2.7668066192752112e-05,5.649399688804954e-08,1.2901268353408817e-05,0.19785776754011833,0.02525381361380527,0.025253813613805284,0.17000000000000001
41.978718813843692,522.91978715470952,50916.581122166659,0.0048822668179574827,0.0048040736616287959,1.0053244534562314e-05,3.3491189181912186e-08,7.6134746496699716e-06,0.11582988704684696,0.035355339059327362,0.035355339059327376,0.17000000000000001
36.632833305569967,524.13401576105775,50909.84830071716,0.0036524841107758673,0.0036599707622312046,6.4226786696384002e-06,0.00012638114183602262,5.8423467859280361e-06,0.088545027207355104,0.045456864504849481,0.045456864504849495,0.17000000000000001
0.17044056762990653,526.59037404513356,51036.171559255046,0.055036535536804258,0.053854584715295112,-0.012637875158134419,0.18356982851212431,0.00093416017559843571,0.0052093513074919183,0.075761440841415784,0.075761440841415825,0.17000000000000001
0.054779601302282072,527.95077530652918,51028.939299882142,0.035741820589203957,0.02851196312145169,-0.01485889024187265,0.17710964590395792,0.00049667713016216843,0.0012208321243844485,0.085862966286937903,0.085862966286937945,0.17000000000000001
0.030127955436133138,527.91281724842543,51030.871817548046,0.023766792502019515,0.016560290226133985,0.005153485975027669,0.15724566552482655,0.00030251301294443699,0.00052401255294416292,0.095964491732459994,0.095964491732460036,0.17000000000000001
0.033428623876479449,528.55701297644896,51779.69741238976,-0.03525137037805387,-0.029438381574363497,-0.013310570851372336,0.24140458097568024,0.00038693607222228517,0.00065756412046711341,-0.095964491732460008,-0.09596449173246005,0.16190476190476191
0.046522362763189599,526.94924192076894,51773.132149238561,-0.053326315751061476,-0.048009911484194791,-0.023562216577230385,0.45586571830251554,0.00047222558742918879,0.001010965932952761,-0.085862966286937903,-0.085862966286937931,0.16190476190476191
0.057235970128569888,526.46589316433358,51771.650976343684,-0.055661135961095815,-0.050072786011755702,-0.011391711942739195,0.45142844443067986,0.00063031111603500305,0.0014369661293014147,-0.075761440841415797,-0.075761440841415825,0.16190476190476191
0.07859437027186765,526.4617868798282,51770.804239061261,-0.056143828253441753,-0.050151163027932696,0.0024956010714996067,0.51315165120941741,0.00095218667533580154,0.0024252275242013471,-0.065659915395893692,-0.06565991539589372,0.16190476190476191
0.11522457434779966,526.0534955819578,51773.229293376302,-0.056940313667414644,-0.051576687891460291,0.0060881783374275066,0.58614134478218594,0.0014504490307238555,0.0043883003909389482,-0.055558389950371587,-0.055558389950371607,0.16190476190476191
0.1724240571172441,525.48969737086497,51776.812909734232,-0.056675847378494557,-0.052578328285251462,0.0069122307795589037,0.67203165616893723,0.0022119895861876493,0.0081094126237693572,-0.045456864504849481,-0.045456864504849495,0.16190476190476191
0.24990426760485576,524.92117265149682,51778.077292037677,-0.056693112728024304,-0.053623196365517226,0.0087389389146553826,0.75187661906229686,0.0032520700836588031,0.014251271725840869,-0.035355339059327376,-0.03535533905932739,0.16190476190476191
0.37888087181584723,523.71146583583777,51717.084397504535,-0.065631112256488974,-0.065989563656706982,0.014244919628841172,0.8664228169056496,0.0049625246354916335,0.026690334575808033,-0.02525381361380527,-0.025253813613805284,0.16190476190476191
0.46921453987275252,522.25706218870539,51740.492751966245,-0.078199704374869394,-0.08113001008470587,0.048524934051581606,1.2694331845871218,0.0070430232278438885,0.039377761276151405,-0.015152288168283165,-0.015152288168283165,0.16190476190476191
0.76585116385058716,518.2012704896091,51993.72001495416,-0.061492154334526122,-0.079238315621630043,0.1843018865942139,1.9413366925058761,0.013853524246578659,0.090141444080611449,-0.0050507627227610596,-0.0050507627227610596,0.16190476190476191
0.71775155919810107,517.56895284936979,52085.595286277057,0.069101542495889789,0.049317614273992935,0.22612937842653005,1.8779685985985839,0.01232059553460192,0.079669115377058397,0.0050507627227610596,0.0050507627227610596,0.16190476190476191
0.39003634281661881,522.63622322042829,51763.506767786814,0.090246283046749129,0.079468037314205195,0.068051223115064161,1.1219390758330865,0.0056031880085840608,0.029195954159798646,0.015152288168283151,0.015152288168283165,0.16190476190476191
0.33537089518208801,524.74515715070163,51719.233526825621,0.071530723223101431,0.065036018917399782,0.021031349387072858,0.64042228811505486,0.0042377531202271159,0.021831983591984617,0.02525381361380527,0.025253813613805284,0.16190476190476191
0.25555568033890647,526.14419379101969,51775.611633212531,0.05631936433792864,0.056017904909748006,0.013140333163313565,0.63722596120856134,0.0032473641798089685,0.014563006272522829,0.035355339059327362,0.035355339059327376,0.16190476190476191
0.19697330672037303,526.37319450580947,51772.997039006717,0.057605472297616041,0.058264632763484717,0.0087731051603460418,0.63298572393019348,0.0025473791470594647,0.0099415515871108268,0.045456864504849481,0.045456864504849495,0.16190476190476191
0.14677059645161017,526.59297464487247,51769.886368111715,0.058137628327787065,0.058952783388279639,0.0065018227208665045,0.59321732108172998,0.0018991560267693232,0.0063961609287730937,0.055558389950371573,0.055558389950371587,0.16190476190476191
0.10955469808282774,526.74631447530669,51768.374805458763,0.057543177761231315,0.058466398885397917,0.0022317467177361853,0.54413111031874317,0.0013841877076596427,0.0040759467393147114,0.065659915395893692,0.065659915395893706,0.16190476190476191
0.087326306317148078,526.62726045571333,51769.215386914504,0.059654906532613426,0.060804540893057923,-0.012611634201912808,0.49644717215863854,0.00097943723063706424,0.0027329607545192765,0.075761440841415784,0.075761440841415825,0.16190476190476191
0.070202594083512232,526.67697274887553,51770.152371029973,0.060742051185086167,0.060966490815305169,-0.022902931971140655,0.49946231560559734,0.00065984950794146927,0.0018033316658064178,0.085862966286937903,0.085862966286937945,0.16190476190476191
0.049255174086171319,527.08051379353401,51781.499687945274,0.04399100156466746,0.04203131288296745,-0.010697658131823273,0.27519861731305906,0.00049710008091513375,0.0010981806199938718,0.095964491732459994,0.095964491732460036,0.16190476190476191
0.029394134937145905,527.43064816396804,52522.36689471818,-0.036616047027873438,-0.031006204978057769,-0.028594254192739841,0.30219853146024711,0.00035284113696297271,0.00055214137182289747,-0.095964491732460008,-0.09596449173246005,0.15380952380952381
0.02824086635358531,527.46082556429258,52510.946624142693,-0.043446571758319806,-0.036360010652495493,-0.020269754853469664,0.32982501821725541,0.0003618136193124177,0.0005371807865682636,-0.085862966286937903,-0.085862966286937931,0.15380952380952381
0.021532703520588656,528.2709392207197,52508.6256478832,-0.040284682582442381,-0.031188237921567382,-0.0035719650594775504,0.37483344392101825,0.00032949257500745899,0.00039086013430156367,-0.075761440841415797,-0.075761440841415825,0.15380952380952381
0.019416954159052899,528.65689950503497,52509.744232937366,-0.038624913151448406,-0.027515086496379855,0.009081779300888668,0.43543570366088402,0.0003382290848358656,0.00035709731154261811,-0.065659915395893692,-0.06565991539589372,0.15380952380952381
0.021765581425507996,528.78104889975543,52513.527823057324,-0.034373960677363813,-0.021851264146090132,0.015358978875338202,0.44990478073024426,0.00037954975222487334,0.00042403785514807805,-0.055558389950371587,-0.055558389950371607,0.15380952380952381
0.025943248120843782,528.81331671590976,52517.5158930139,-0.026240024238307368,-0.012892276601946735,0.017672668759587652,0.39687885403516854,0.00039688666047638598,0.00051684176441894848,-0.045456864504849481,-0.045456864504849495,0.15380952380952381
0.025311590058061866,528.82396465988768,52518.952207374605,-0.018217797120336325,-0.0022982302109353309,0.01983112810716085,0.3395705609626038,0.00034607352733092358,0.00047087281490679981,-0.035355339059327376,-0.03535533905932739,0.15380952380952381
0.033102707202826494,528.27777888809646,52457.51798502967,-0.015603000100767653,0.0034230271488476616,0.021268944714300332,0.377264763726398,0.00042017363992362063,0.00067854384302175525,-0.02525381361380527,-0.025253813613805284,0.15380952380952381
0.15203274215486554,525.70582570175588,52462.933788966024,-0.028431606856875926,-0.0033296382741373151,0.054866515047735813,0.84669732768171879,0.0023632851916630766,0.0073908637406503814,-0.015152288168283165,-0.015152288168283165,0.15380952380952381
0.71389172309933013,519.39090079354821,52554.985078553851,-0.030931266440749353,-0.013486091799096125,0.24840109232026814,1.6947002055239528,0.011440745381817266,0.076358872473671791,-0.0050507627227610596,-0.0050507627227610596,0.15380952380952381
0.70474190194389263,518.39953275602727,52586.02342587163,0.023580448928067047,0.021890410434980027,0.29034132856552392,1.3846597045080113,0.010228029660314945,0.07127317136557125,0.0050507627227610596,0.0050507627227610596,0.15380952380952381
0.14299336531581122,525.9690802173518,52468.574870932054,0.022596480140861127,0.010382651202203982,0.060348673298741148,0.52368794254472584,0.001913171442255938,0.0062545033876758426,0.015152288168283151,0.015152288168283165,0.15380952380952381
0.012068757772215801,528.81462111229916,52458.014547147024,0.010336732819428101,0.0093133361431750883,0.022762975562904814,0.32897792792497893,0.00021444510921258734,0.00017673421846190095,0.02525381361380527,0.025253813613805284,0.15380952380952381
0.011068291212747458,529.10432701869172,52515.16635083608,0.012994196616227138,0.012332220620730826,0.022827166745456737,0.39735856079006771,0.00021909209795843078,0.00016383018971527933,0.035355339059327362,0.035355339059327376,0.15380952380952381
0.019426783017548414,528.84126612112198,52513.017754042616,0.01962980114769006,0.015418714652029031,0.018362291029632671,0.44165700483070414,0.000354905922429715,0.00036598013480297511,0.045456864504849481,0.045456864504849495,0.15380952380952381
0.022498397551060055,528.63034807793917,52510.11123583257,0.026415580012061235,0.019749524066289475,0.014531124526223887,0.47482357030743483,0.00043489385839670165,0.00046918403281224553,0.055558389950371573,0.055558389950371587,0.15380952380952381
0.024294680459153912,528.43905830810638,52507.664324307319,0.030473780251647806,0.024029503960994535,0.0087867356619689765,0.45355801528829054,0.00045544706115430936,0.00051847777333625315,0.065659915395893692,0.065659915395893706,0.15380952380952381
0.03030290158086691,528.12182965943214,52506.782438915543,0.033846800645273817,0.030026885284455147,-0.0017887086311308077,0.37893234546748905,0.0004931901809870293,0.00067296337040356378,0.075761440841415784,0.075761440841415825,0.15380952380952381
0.043345540475720368,527.4814728943652,52508.761099000236,0.041618958364583465,0.040961460358640164,-0.01690222036591069,0.34334973627000259,0.00058472272078059057,0.0010481402707397702,0.085862966286937903,0.085862966286937945,0.15380952380952381
0.042750159773114686,527.03151176417123,52523.480690475066,0.037981057898696248,0.037029167779284097,-0.028095361488295081,0.3368380720568267,0.00050591700125802194,0.0009615621928689669,0.095964491732459994,0.095964491732460036,0.15380952380952381
0.020891686370870476,527.55312286521462,53258.878635032605,-0.02656797276085503,-0.020033069172318306,-0.037262369049506257,0.2707751921700563,0.00027306854082338088,0.00034523063917406586,-0.095964491732460008,-0.09596449173246005,0.14571428571428574
0.011023035705715651,528.52304516546042,53249.085999043811,-0.031118095850520618,-0.023141402982656829,-0.015872314639671727,0.25960765501373978,0.0001936341583282617,0.00015338828800532216,-0.085862966286937903,-0.085862966286937931,0.14571428571428574
0.005681274630185063,528.99923237544874,53246.823233846248,-0.033593434170114324,-0.023428743632926855,0.00044308694714223577,0.26222878452811721,0.00014526710592172522,6.847458764083799e-05,-0.075761440841415797,-0.075761440841415825,0.14571428571428574
0.0049392268258907088,529.14932382942777,53248.302120725879,-0.034612296456968915,-0.021883819716502544,0.014769206538550341,0.39353467489590366,0.00016058339473233333,6.2590624997081834e-05,-0.065659915395893692,-0.06565991539589372,0.14571428571428574
0.0050055684448660868,529.26722675424458,53252.371867762457,-0.031846350421989293,-0.017054082147904222,0.024200380239602581,0.51056872386220664,0.00019550963150167464,6.9990240004304312e-05,-0.055558389950371587,-0.055558389950371607,0.14571428571428574
0.0050938824257716888,529.34064483161876,53256.473378193565,-0.024724346313004672,-0.0096164769465005712,0.027883034644128644,0.48333015545346658,0.00020435634809017612,7.2818710353130233e-05,-0.045456864504849481,-0.045456864504849495,0.14571428571428574
0.0045640564588333501,529.3429677041014,53258.332896740772,-0.016262958124589683,-0.0010853631237619822,0.027891463476507089,0.45095994952175444,0.00018246822671911809,6.1651640012478151e-05,-0.035355339059327376,-0.03535533905932739,0.14571428571428574
0.0046296402380817947,529.22464142544811,53320.674868387723,-0.010067094094496706,0.0063457028206705688,0.02810698317098588,0.42225119902581071,0.0001668764465736234,5.9806001268538757e-05,-0.02525381361380527,-0.025253813613805284,0.14571428571428574
0.10011059053547315,527.39026407461461,53320.852983268487,-0.011864751090252276,0.012780499493432886,0.051940896755007897,0.54219646634756713,0.0013401178555829797,0.0036648104747827783,-0.015152288168283165,-0.015152288168283165,0.14571428571428574
0.76064303510206654,519.67616192640776,53348.778742983726,-0.018019523701719501,0.0047051159431191533,0.27492856860498532,1.4215112844829068,0.011604542857830065,0.081939802222501704,-0.0050507627227610596,-0.0050507627227610596,0.14571428571428574
0.74618888083877233,518.67159817857896,53351.621645203719,0.0059313656978345532,0.0066953394343796362,0.30179501016814547,1.257416291720526,0.010759616840277214,0.077401107739103817,0.0050507627227610596,0.0050507627227610596,0.14571428571428574
0.082988793505217789,527.30672101629614,53323.709467646797,0.00033477389555118178,-0.00164884901482532,0.051573366358646934,0.4102069124976912,0.0010729930293077589,0.0027184284151294761,0.015152288168283151,0.015152288168283165,0.14571428571428574
0.0040940953870393258,529.21042407928564,53320.059149365734,0.0043675974779175293,0.0060146383511966448,0.029833040431723325,0.42551805351203303,0.00015281197465822859,5.0610036534948174e-05,0.02525381361380527,0.025253813613805284,0.14571428571428574
0.0040651938111030232,529.18316428656237,53254.478910631718,0.011796924294200983,0.0086505038471395637,0.027736152233030404,0.74716091311812849,0.00019631001515932111,5.6957705275251656e-05,0.035355339059327362,0.035355339059327376,0.14571428571428574
0.005271288338287286,528.97532384408362,53252.095247172881,0.019199844209023178,0.0090824411619590643,0.02462620948895709,0.98611466064113351,0.00027928447940826897,8.8092751174865375e-05,0.045456864504849481,0.045456864504849495,0.14571428571428574
0.0060626658346754122,528.82665130665544,53249.431924265678,0.024943332616916773,0.011473052882542396,0.020307874587908191,0.97291635614414962,0.00030971792589746464,0.00010669567181851592,0.055558389950371573,0.055558389950371587,0.14571428571428574
0.0067579286324493939,528.70481325668277,53247.209552665292,0.027531602196265201,0.014563762343359465,0.013238803879376952,0.81139159888779722,0.00029887709284703845,0.00011683149019225602,0.065659915395893692,0.065659915395893706,0.14571428571428574
0.0083443640028511359,528.58665024159438,53246.267645869884,0.026916526318813475,0.017367884094326658,0.0028756924330349157,0.5514591430194542,0.00028165608740097657,0.00014004022888065585,0.075761440841415784,0.075761440841415825,0.14571428571428574
0.015187569117995616,528.30104470183312,53247.84216884803,0.024612757576780577,0.019962794873082518,-0.010357858264059886,0.37340627961645795,0.0003105665247279233,0.00026764897747416796,0.085862966286937903,0.085862966286937945,0.14571428571428574
0.030009794070028045,527.445689187261,53257.725765995492,0.022377754316093006,0.020477658593502018,-0.036718363339502527,0.31418790406300617,0.00040270097618397461,0.00060221886560274298,0.095964491732459994,0.095964491732460036,0.14571428571428574
0.01416402661926241,527.93896626776746,53994.409222214861,-0.017358931446152946,-0.010530533756952766,-0.042231355719135832,0.21776124384531992,0.00020727834244578313,0.0002039218196486242,-0.095964491732460008,-0.09596449173246005,0.13761904761904764
0.0044214062042007363,528.90245549318433,53987.452414943706,-0.023316602894872081,-0.015491998043079233,-0.01627585695576439,0.23630725380295661,0.00010078200950654335,4.438660445859239e-05,-0.085862966286937903,-0.085862966286937931,0.13761904761904764
0.0029832341113216008,528.99102939565466,53985.196802503597,-0.02750648564843065,-0.016539116445600362,0.0012395931086429607,0.10222255739469961,6.1086164859478246e-05,2.3316253380706023e-05,-0.075761440841415797,-0.075761440841415825,0.13761904761904764
0.0033929718330863137,529.07046438524867,53986.584144735571,-0.030482880015664002,-0.017214190607561353,0.018281133229172349,0.13507338026932442,7.7872918979749736e-05,2.9941495013023082e-05,-0.065659915395893692,-0.06565991539589372,0.13761904761904764
0.0039119343458457641,529.25500264813911,53990.965949064514,-0.030421915210184135,-0.013682550603966838,0.031567104454825232,0.32410479294055244,0.00012931165306951872,4.4484671638503876e-05,-0.055558389950371587,-0.055558389950371607,0.13761904761904764
0.0042648057112086909,529.37835912504249,53995.373406477993,-0.02504049877377337,-0.0078687542274214189,0.036657327069785223,0.41132490328972843,0.00016107524177304036,5.4126961382831975e-05,-0.045456864504849481,-0.045456864504849495,0.13761904761904764
0.0043964591225381031,529.42072088520217,53997.719551825365,-0.015568914045626594,-0.0011084211286582363,0.035419683576213778,0.37527768682242746,0.00016030293751589529,5.5663919061102693e-05,-0.035355339059327376,-0.03535533905932739,0.13761904761904764
0.0040876609424210361,529.37742722572,54060.324145931387,-0.0070428965207750341,0.0063391149696438425,0.034748486814973584,0.36385448035039369,0.000147520190765755,4.9647867366261945e-05,-0.02525381361380527,-0.025253813613805284,0.13761904761904764
0.059287513546610875,528.3236252713931,54059.349677475111,-0.0032155829500251044,0.014463285766449731,0.048116904647421313,0.30750095975951425,0.00067188453025252102,0.0015367759586857994,-0.015152288168283165,-0.015152288168283165,0.13761904761904764
0.80511214928248009,519.70264512473636,54069.767329878974,-0.012059214695152627,0.0077430080145599114,0.28449071152901273,1.3154024041097145,0.011658271992723908,0.086930759092090498,-0.0050507627227610596,-0.0050507627227610596,0.13761904761904764
0.78861616905004428,518.63989744205958,54069.160517022749,0.00053209690066788708,0.0017187690063141974,0.3010662537749948,1.2134733710758818,0.011041880377506086,0.082868064640655936,0.0050507627227610596,0.0050507627227610596,0.13761904761904764
0.064416303823835258,527.74485772745982,54061.104302016902,-0.0043558818236304735,-0.0017013450031185032,0.052305592349939124,0.35093346455134644,0.00077880444735852969,0.001797670174584995,0.015152288168283151,0.015152288168283165,0.13761904761904764
0.0037656942257302465,529.25634058200706,54058.873623169668,0.0021894059228981088,0.0039831090708527363,0.03607761865449842,0.4529591880153554,0.00014747921488832236,4.5730975010939713e-05,0.02525381361380527,0.025253813613805284,0.13761904761904764
0.004222787481686625,529.13646457813741,53993.983358765181,0.011742900204630358,0.0043249397965292426,0.032950346678619923,0.62881429347784046,0.00020743622648932195,6.0819315385190743e-05,0.035355339059327362,0.035355339059327376,0.13761904761904764
0.0047042470175935698,528.91536462763372,53991.825103555857,0.020739897375271259,0.0036517151156733635,0.030329836657875014,1.0234259528771628,0.00027656270380244639,7.8232448779824235e-05,0.045456864504849481,0.045456864504849495,0.13761904761904764
0.0047866157541288134,528.76976929843534,53989.265700136035,0.026387098560258435,0.0060304687464323697,0.025389812761256788,0.97734651742907674,0.00028590337568588968,8.0935342228515705e-05,0.055558389950371573,0.055558389950371587,0.13761904761904764
0.004784079638286416,528.65546865944441,53986.978709476949,0.028034248549063879,0.0096769572960957589,0.016684314671958935,0.84774053145845107,0.00026418733118709618,7.7759667407621978e-05,0.065659915395893692,0.065659915395893706,0.13761904761904764
0.0050092031538744898,528.59863688268865,53986.017181405594,0.025191913304560293,0.012084923226913406,0.0041481600051219156,0.70871673562005144,0.00024502144828747138,7.8409863288587074e-05,0.075761440841415784,0.075761440841415825,0.13761904761904764
0.0071708772559777086,528.50813652378179,53987.564115517118,0.01891055683336269,0.011570818558264981,-0.010878728515108998,0.58264475919611913,0.0002451970739956488,0.00011228711675264053,0.085862966286937903,0.085862966286937945,0.13761904761904764
0.020248678016599179,527.77318957266357,53993.217953088089,0.011934114028995656,0.0091072783077349902,-0.040334424233616259,0.25335486807114432,0.0003093746546724159,0.00035615499554530973,0.095964491732459994,0.095964491732460036,0.13761904761904764
0.010037508294260835,528.26563613905614,54977.012126310387,-0.010029286831382064,-0.0035255217811523566,-0.04785297877626539,0.17685221849613045,0.00016720987756940414,0.00012979467687729821,-0.095964491732460008,-0.09596449173246005,0.12952380952380954
0.0024405258739234278,528.93039790540399,54972.838254447917,-0.01578321701661475,-0.0050957097698635708,-0.017966454769094701,0.11006912232589915,4.5239991615541129e-05,1.6415143142498425e-05,-0.085862966286937903,-0.085862966286937931,0.12952380952380954
0.0016245680204931843,528.89636335738976,54971.291504917404,-0.021541618337740469,-0.00084840360388210823,-0.00016071719321394284,0.055901005387711547,2.7664486932237514e-05,8.5447470337446406e-06,-0.075761440841415797,-0.075761440841415825,0.12952380952380954
0.0027889347580482044,528.91334682898241,54971.800991804135,-0.021828732065563464,-0.0050226223058422656,0.016878492707754048,0.069897045765178481,4.482985966672353e-05,1.8673341708718442e-05,-0.065659915395893692,-0.06565991539589372,0.12952380952380954
0.0036308413946606675,529.13200002499502,54975.55932804566,-0.024773031963432321,-0.007301502344045082,0.037849112761883165,0.13829354505704572,7.7975755331113043e-05,3.2061738918754218e-05,-0.055558389950371587,-0.055558389950371607,0.12952380952380954
0.0040048516912025763,529.37073554380413,54980.347657148915,-0.023858022487353425,-0.0034731371144587899,0.046114963597991041,0.32491302341896522,0.00012966278886038211,4.5603073847961536e-05,-0.045456864504849481,-0.045456864504849495,0.12952380952380954
0.0043865248888371759,529.45577059717925,54983.241277964182,-0.014770073207231888,0.00042965829404693207,0.044753536383189019,0.3037683674477481,0.00014177766302581,5.2230538634012121e-05,-0.035355339059327376,-0.03535533905932739,0.12952380952380954
0.0040283130042031981,529.44712820664665,54923.084857373222,-0.0040685449644250584,0.0063269890855627512,0.041931530190571491,0.32213583737915008,0.00013259670183312099,4.6386282564263965e-05,-0.02525381361380527,-0.025253813613805284,0.12952380952380954
0.026462775445952907,528.89907154791172,54922.234534013143,0.0026643617013338058,0.013085576334093137,0.047326364629595254,0.2172780002543552,0.00028248931058444263,0.00044477093682911942,-0.015152288168283165,-0.015152288168283165,0.12952380952380954
0.86047730168645797,519.62794238307492,54925.794060584034,-0.0076313111528477483,0.0082747848981564332,0.28978648916654265,1.2273594468895195,0.011728275805702086,0.093187251758002521,-0.0050507627227610596,-0.0050507627227610596,0.12952380952380954
0.84356883401450844,518.45208440953081,54926.091670952068,-0.0017835373181786106,0.00044916112552801106,0.301601790041437,1.1631665272003935,0.011227476307522919,0.089384373360743688,0.0050507627227610596,0.0050507627227610596,0.12952380952380954
0.052512157542950022,528.07634575973509,54922.754524555508,-0.0064969681755648627,-0.00059430127072564827,0.054622551158478222,0.29346885688507851,0.00056724880553772172,0.001250681302745143,0.015152288168283151,0.015152288168283165,0.12952380952380954
0.0037718888217222976,529.2634934847631,54921.062682652453,0.00094288199296691021,0.0018769319063493847,0.042205577113901285,0.47186826541189741,0.00014747745866672539,4.5805930079882447e-05,0.02525381361380527,0.025253813613805284,0.12952380952380954
0.0045886411214841995,529.05997943691989,54979.962624705011,0.012691106292938481,-0.0015450978260319343,0.03992799000795999,0.56384904948599979,0.00021854532938436047,6.7835160593918633e-05,0.035355339059327362,0.035355339059327376,0.12952380952380954
0.0047425089172421983,528.8264154456873,54978.154160877166,0.022687222757933952,-0.0034225555740252647,0.037566111049670607,0.91495429045654808,0.00025819002561273659,7.620402072394348e-05,0.045456864504849481,0.045456864504849495,0.12952380952380954
0.0046569998092627213,528.64986313269003,54975.765454508772,0.028148421521012931,-0.00052182784273151856,0.031947436472762943,0.76254184029310901,0.00024231519320051578,7.2493078476641444e-05,0.055558389950371573,0.055558389950371587,0.12952380952380954
0.0045676664143382562,528.50437298861095,54973.340277393145,0.02814216933247491,0.0046777104983845054,0.020668033694187782,0.56765907497210999,0.00021273880348400957,6.662201059104818e-05,0.065659915395893692,0.065659915395893706,0.12952380952380954
0.0044650006877079533,528.48889533086867,54972.304802454892,0.022830433737820982,0.007681255912887491,0.0037896008340957683,0.56918609382592844,0.00021456136819322674,6.5402943590325201e-05,0.075761440841415784,0.075761440841415825,0.12952380952380954
0.005396623785372881,528.52524737267356,54973.567291002451,0.014727219151928279,0.006238869616681156,-0.014941891995943448,0.5271815968461353,0.00024433184397910148,8.435526216351319e-05,0.085862966286937903,0.085862966286937945,0.12952380952380954
0.015648494900965478,527.98234397333306,54976.912150667733,0.0060507645262513985,0.0028549136648241299,-0.045430546079594056,0.24668395707290697,0.00028744035947735812,0.000265305617910633,0.095964491732459994,0.095964491732460036,0.12952380952380954
0.0090164817511269747,528.38013421167489,55715.576402320898,-0.0067395194949314719,-0.00051656734369817171,-0.051286623147405959,0.16765128978176469,0.00015990770495947381,0.00011401757584811446,-0.095964491732460008,-0.09596449173246005,0.12142857142857144
0.0018326799963449204,528.91908426411635,55712.885218580232,-0.013633271800065442,0.0016159738891335263,-0.019035517862143955,0.071159853881682125,3.3745251803251701e-05,1.0646159688338447e-05,-0.085862966286937903,-0.085862966286937931,0.12142857142857144
0.0013466263826602163,528.92362225180409,55711.705764287151,-0.020001636781863761,0.0047836041792091895,-0.0010456179260668946,0.09678020762339222,3.0301755643496221e-05,7.4127783527598663e-06,-0.075761440841415797,-0.075761440841415825,0.12142857142857144
0.0022397372348467561,528.88445171320654,55711.874097582957,-0.019902488708467159,0.0025743610074547268,0.015255389563478911,0.066368566172986754,3.684019441412356e-05,1.3594336843162125e-05,-0.065659915395893692,-0.06565991539589372,0.12142857142857144
0.0036726847749415045,529.04953980166226,55714.67564563184,-0.018935567829263384,-0.0020734404704020335,0.039203860363174178,0.11574907634438403,6.7793144391273724e-05,3.0239634912918382e-05,-0.055558389950371587,-0.055558389950371607,0.12142857142857144
0.0039097558752519586,529.36154730589078,55719.379018370695,-0.021586514279768942,0.00074803118145841819,0.051260638400243599,0.27060768682783698,0.00011374190342150855,4.16974874646824e-05,-0.045456864504849481,-0.045456864504849495,0.12142857142857144
0.0042951347799009823,529.46988021994832,55722.445919751932,-0.014120203977514853,0.0026051489247542635,0.050728988855902983,0.27355881574022967,0.00013244493217961104,4.9430439172690448e-05,-0.035355339059327376,-0.03535533905932739,0.12142857142857144
0.0040214328112484965,529.48028980010622,55662.675946297204,-0.0019458942252628573,0.0065588589675513748,0.047240266830429742,0.30100085243064323,0.00012400680735626509,4.4782009759516409e-05,-0.02525381361380527,-0.025253813613805284,0.12142857142857144
0.015170604204352279,529.10623769309802,55662.322352754629,0.0050300456783135446,0.011949890496256468,0.049855433940711597,0.21863221496313764,0.00018215142205628651,0.00020474776086071601,-0.015152288168283165,-0.015152288168283165,0.12142857142857144
0.91148554445383034,519.49594340479155,55664.145949195808,-0.0053931878152719314,0.0083281609855912243,0.29240782659500691,1.1613161855438583,0.011781577706057696,0.098935353857822567,-0.0050507627227610596,-0.0050507627227610596,0.12142857142857144
0.89503878474992526,518.22095035429527,55665.504720102261,-0.002509581375242305,0.0013030557853227355,0.30498919519242429,1.1090128870045006,0.011287243466835692,0.09509020889933513,0.0050507627227610596,0.0050507627227610596,0.12142857142857144
0.042768089164135555,528.34074444773375,55662.007617218806,-0.0075988276550256542,0.00032489417396027885,0.05611957220313471,0.24561834195892804,0.00041728980492773411,0.00087365252011056826,0.015152288168283151,0.015152288168283165,0.12142857142857144
0.0038742633341996716,529.25908160545862,55660.39843923103,0.0003371781322323075,0.00024990679155086315,0.046498913875034069,0.46251272211824679,0.00015022444594909627,4.7485327969141893e-05,0.02525381361380527,0.025253813613805284,0.12142857142857144
0.0047832394068338165,529.01450181399252,55719.57617825237,0.013387564017678769,-0.0057128206020647509,0.044562698459531883,0.54581435536611811,0.00022340726688173832,7.1494192632555147e-05,0.035355339059327362,0.035355339059327376,0.12142857142857144
0.0047432387110794621,528.77928080275217,55717.947252315069,0.023518721118162184,-0.008238608666358822,0.042423469320718922,0.82876498596129078,0.00024062734651838556,7.3577914291538533e-05,0.045456864504849481,0.045456864504849495,0.12142857142857144
0.0046720118393362344,528.57486873163339,55715.568438247537,0.027978639194810334,-0.0047403772206290563,0.036394502685652426,0.59852331872677944,0.00021196835429894211,6.8020441840695341e-05,0.055558389950371573,0.055558389950371587,0.12142857142857144
0.0047156247959563666,528.41044280417532,55712.966006084425,0.025655774432599251,0.001640764059050546,0.023118909611834305,0.39790355677837819,0.00018880339659965427,6.4795395368887767e-05,0.065659915395893692,0.065659915395893706,0.12142857142857144
0.0045323254978670083,528.40769555633824,55711.946252985806,0.019555293028727962,0.0052117928323039166,0.0030811613706865373,0.42185942733607223,0.00019551983097142311,6.3374784939650774e-05,0.075761440841415784,0.075761440841415825,0.12142857142857144
0.0052472725914095748,528.49620054104344,55713.164754812016,0.011917873116624256,0.0037246028708331443,-0.018371375572959162,0.51114835585939289,0.00024667283718081125,8.2412728050808182e-05,0.085862966286937903,0.085862966286937945,0.12142857142857144
0.014802535436635733,528.06619228767693,55715.806185038891,0.0038710395108778502,0.00078453596563849988,-0.049443045739638737,0.27009798059625295,0.00030368276349396417,0.00025795632485498086,0.095964491732459994,0.095964491732460036,0.12142857142857144
0.0089415415734530115,528.45135533193684,56455.258550580264,-0.0045329230328460422,0.0015075324743996029,-0.054061138030598664,0.16941365979579301,0.00016402041631028547,0.00011451473042457088,-0.095964491732460008,-0.09596449173246005,0.11333333333333334
0.0016960020770202412,528.92415396068736,56453.412042767945,-0.01231808595570655,0.0055775730638387266,-0.020626245023641181,0.068741830512306659,3.4204962917034858e-05,9.9190696941154328e-06,-0.085862966286937903,-0.085862966286937931,0.11333333333333334
0.0013686591484425297,528.95681793934182,56452.410501555125,-0.018292904757126558,0.0083256353330304119,-0.0015089677227673223,0.12311107585299873,3.6977562763584385e-05,8.3227039436899494e-06,-0.075761440841415797,-0.075761440841415825,0.11333333333333334
0.001969875118418847,528.88795160533596,56452.418047052313,-0.018689587321773199,0.0072971289524870432,0.015022145050457951,0.071276727629931133,3.5021869622307286e-05,1.1657578755160372e-05,-0.065659915395893692,-0.06565991539589372,0.11333333333333334
0.0038293335752832779,529.00733890821471,56454.598370315209,-0.014440130634980444,0.0026960591359582739,0.03982351341904862,0.12410964976640519,7.0098784653316638e-05,3.2061101854476571e-05,-0.055558389950371587,-0.055558389950371607,0.11333333333333334
0.0038342107292539986,529.35723209066248,56458.967191527154,-0.018569422944858676,0.0050663631238316896,0.054699168089599029,0.23330531221436004,0.00010011592472716864,3.8364324847129889e-05,-0.045456864504849481,-0.045456864504849495,0.11333333333333334
0.0042057754076970611,529.48276038733297,56461.994495832732,-0.013193122012400615,0.0053457778933770524,0.055383461566557601,0.25680583768315079,0.00012649936049832298,4.7303169616985778e-05,-0.035355339059327376,-0.03535533905932739,0.11333333333333334
0.0040377691221884322,529.50583609730586,56525.852942322075,0.00017883828107970396,0.0071972546534145639,0.052227745290742179,0.28296172750198595,0.00011847010553087767,4.3948683507156195e-05,-0.02525381361380527,-0.025253813613805284,0.11333333333333334
0.0095551408598099491,529.22807074722664,56526.146350624353,0.0067806146300007641,0.011172395286110384,0.053135345421859201,0.24457923697205794,0.00014143758204029452,0.00011363693338841946,-0.015152288168283165,-0.015152288168283165,0.11333333333333334
0.97672963074942809,519.271715535986,56527.604734195404,-0.0040079605177423348,0.0082880110558009468,0.29498101346482442,1.0883864637192524,0.011829315220712268,0.10623170829779988,-0.0050507627227610596,-0.0050507627227610596,0.11333333333333334
0.95946084142305788,517.90732494975862,56529.532471395221,-0.0028477929972033169,0.0031410316933199911,0.31121717403050991,1.0309632621266323,0.011253528592529866,0.10178214845531509,0.0050507627227610596,0.0050507627227610596,0.11333333333333334
0.030483633397616918,528.62925588089331,56525.179658022927,-0.0086197924449574505,0.0011358162384742421,0.05705581056834981,0.20154929839011701,0.00027336945436217541,0.00050401298224128112,0.015152288168283151,0.015152288168283165,0.11333333333333334
0.0040387751088865973,529.25023890047862,56523.388631711736,-0.00023153381956024155,-0.0014863834465350752,0.050494743351426286,0.43387693780743591,0.00015591751503393495,5.0430946976266496e-05,0.02525381361380527,0.025253813613805284,0.11333333333333334
0.0049309485977634343,528.98160906605597,56459.432147602049,0.013802804163530299,-0.0096819434652167177,0.048427472370316527,0.53768936991965577,0.00022685039290598377,7.4267745959158375e-05,0.035355339059327362,0.035355339059327376,0.11333333333333334
0.0047470913475936589,528.74866664655065,56457.926933796727,0.023587679697316431,-0.012663325723418587,0.046488364040393908,0.75839798728031627,0.00022619927292566818,7.1395886618379195e-05,0.045456864504849481,0.045456864504849495,0.11333333333333334
0.004772516387042635,528.52268705315566,56455.502029026226,0.02621543583639949,-0.0085186775312278383,0.039904897039631022,0.48727940787180823,0.00019513439047754821,6.6667525601039177e-05,0.055558389950371573,0.055558389950371587,0.11333333333333334
0.0049241752300775155,528.37001002192835,56452.808044420308,0.021567324069880343,-0.0017561447167174023,0.024779776631830251,0.37289404345503752,0.00019013904523821696,6.7899902960065099e-05,0.065659915395893692,0.065659915395893706,0.11333333333333334
0.0047204568140456638,528.37623915418806,56451.855112846832,0.015270944287916364,0.0022921600575861725,0.0026425620882635998,0.38971244123918242,0.00019865339752739864,6.6532221899320783e-05,0.075761440841415784,0.075761440841415825,0.11333333333333334
0.0053278334606698301,528.46617281410624,56453.090704306836,0.0090425511567105085,0.0015650378599084826,-0.021311778475367554,0.50033620546597124,0.00024783625544331481,8.3875101821787159e-05,0.085862966286937903,0.085862966286937945,0.11333333333333334
0.014678837726644606,528.13679995898394,56455.398729572473,0.0022946958478715931,-0.00059920440274814819,-0.052909322293478216,0.29997413099938602,0.00032269206185870188,0.00026368523389059655,0.095964491732459994,0.095964491732460036,0.11333333333333334
0.0093263337162036945,528.51887551043239,57195.76177681487,-0.0029070470637958547,0.0029635744009127193,-0.056299763715717495,0.17963847113317913,0.00017404883856392251,0.00012304005487930139,-0.095964491732460008,-0.09596449173246005,0.10523809523809526
0.0018435232073969619,528.93024250726467,57194.274457624793,-0.010893041161596107,0.0079288663492636888,-0.022268506809365513,0.074111923936217725,3.9150614627570718e-05,1.1535008034860438e-05,-0.085862966286937903,-0.085862966286937931,0.10523809523809526
0.0014948231733744762,528.98057205691202,57193.36546609299,-0.016720583970416161,0.010921023182909963,-0.001746532208687849,0.13199771865023199,4.3359102421161792e-05,9.8430561709121451e-06,-0.075761440841415797,-0.075761440841415825,0.10523809523809526
0.0019322779584445436,528.89774651699349,57193.292672221665,-0.016855385300442623,0.010481392688575453,0.015227930764552144,0.075064476639882735,3.6359049428949657e-05,1.1651339583355119e-05,-0.065659915395893692,-0.06565991539589372,0.10523809523809526
0.0040078539542558198,528.99243760626746,57195.165066847803,-0.010888713709283402,0.0066584405155193311,0.040768772999074922,0.12993614708194223,7.4863667637929416e-05,3.4677472611343554e-05,-0.055558389950371587,-0.055558389950371607,0.10523809523809526
0.0037921269809855882,529.36482699853184,57199.207446868735,-0.015350198688122065,0.008953703744803523,0.056823736317475677,0.21619017174083813,8.9968827828995095e-05,3.5969044617508548e-05,-0.045456864504849481,-0.045456864504849495,0.10523809523809526
0.0041351053087947953,529.49747115156231,57202.053345947577,-0.011966639569943212,0.0083510402476797471,0.058627773321852122,0.2477051812392965,0.00012275283560843765,4.5814435605878231e-05,-0.035355339059327376,-0.03535533905932739,0.10523809523809526
0.0040570302154591953,529.52076392675099,57266.16817365335,0.0018252815392147384,0.008039461259817398,0.055361547573443262,0.27090775119083937,0.00011666054552358309,4.3819785129723586e-05,-0.02525381361380527,-0.025253813613805284,0.10523809523809526
0.0074272279918135287,529.2860821721456,57266.998400768432,0.0079456182563674496,0.010900871005957638,0.055337060252192573,0.27073722647451809,0.00012931138377221004,8.4458844437587831e-05,-0.015152288168283165,-0.015152288168283165,0.10523809523809526
1.0394753602001152,519.02767903294523,57268.503674649961,-0.0034262685417604448,0.0081572783033666846,0.29726762760710784,1.0259459831980342,0.011865852062424414,0.1132305622894913,-0.0050507627227610596,-0.0050507627227610596,0.10523809523809526
1.0179134996498507,517.61426974498988,57270.296119991188,-0.0029777196794404841,0.0045528134319043423,0.31713677895879305,0.95949416255033459,0.01116400495340868,0.10755259275043826,0.0050507627227610596,0.0050507627227610596,0.10523809523809526
0.020771605950603463,528.8288574499212,57265.602585627537,-0.0092621100021741849,0.0016131804779881175,0.057557461099243042,0.18762078129042897,0.00019102315508369653,0.00028708670591476922,0.015152288168283151,0.015152288168283165,0.10523809523809526
0.0041999298895234261,529.24204270840278,57263.558565943829,-0.0008154734212727382,-0.0029843611856198654,0.053035207530563289,0.40340810590310588,0.00016239049686584303,5.3520769138724433e-05,0.02525381361380527,0.025253813613805284,0.10523809523809526
0.0050421673004937802,528.9610802035703,57199.645005862047,0.013789462106526628,-0.013470004476419039,0.051357449237636958,0.53689002471635661,0.00022966913306458789,7.6413231645247988e-05,0.035355339059327362,0.035355339059327376,0.10523809523809526
0.0047619124145043068,528.73196576918667,57198.255775380778,0.022879435434433035,-0.016734458025172122,0.049559557559791773,0.70349672670617103,0.00021636063223307944,7.0043933028616587e-05,0.045456864504849481,0.045456864504849495,0.10523809523809526
0.0049279150620667161,528.49277469161336,57195.827988005462,0.023443616832877247,-0.012105771109935659,0.042238575067531536,0.43967127139363199,0.00018953339713310188,6.7843162937279318e-05,0.055558389950371573,0.055558389950371587,0.10523809523809526
0.0051476486526277256,528.36258014403916,57193.211313106207,0.017595864176606968,-0.0054606820045065528,0.025753886828197001,0.39612552866432293,0.00020180220944208458,7.3126006267136757e-05,0.065659915395893692,0.065659915395893706,0.10523809523809526
0.004980847469186386,528.37751686314209,57192.310274439078,0.011273566608202432,-0.0010082890799927996,0.0024386390487340843,0.40413054929935416,0.00021547050890495693,7.3113430406337269e-05,0.075761440841415784,0.075761440841415825,0.10523809523809526
0.0055251449480003944,528.44332040992003,57193.535903839947,0.0062050636425572776,-0.00056051807638603777,-0.023421118401614802,0.49424694627189825,0.00025193380937216708,8.7697437312588374e-05,0.085862966286937903,0.085862966286937945,0.10523809523809526
0.014647391564664464,528.21376989094085,57195.686467613683,0.00098760291178614287,-0.0017332799085899018,-0.05546012333120999,0.3303509880827043,0.00033548811677568157,0.00026828652635366433,0.095964491732459994,0.095964491732460036,0.10523809523809526
0.010022519833685363,528.633038672829,58184.099530803513,-0.0011753623016165201,0.0044859197939843849,-0.058316087500814941,0.20177019375418853,0.00018854862886203021,0.00013762223723866253,-0.095964491732460008,-0.09596449173246005,0.097142857142857156
0.0023190569760567561,528.92273018124251,58182.613716356776,-0.0083216774872102404,0.0098451903489297221,-0.024311386466099722,0.086833299791037571,5.0179227141128038e-05,1.6427572888342831e-05,-0.085862966286937903,-0.085862966286937931,0.097142857142857156
0.0017166453153359051,528.99356155074008,58181.698885362064,-0.014269466130277792,0.013577718193842238,-0.002014743470210462,0.12884906347687494,4.9197295547892376e-05,1.2040684795743214e-05,-0.075761440841415797,-0.075761440841415825,0.097142857142857156
0.0021411144374887513,528.90732716739001,58181.601616953936,-0.012895402884730536,0.013223990056400323,0.015774695569471153,0.080464419837153925,4.1994491454225295e-05,1.3875097485353574e-05,-0.065659915395893692,-0.06565991539589372,0.097142857142857156
0.0042534845135472083,529.00083223068077,58183.416472302037,-0.0065685260676649447,0.011079768293865954,0.04266920174675129,0.13869902803928091,8.1074365025427816e-05,3.8298929395102624e-05,-0.055558389950371587,-0.055558389950371607,0.097142857142857156
0.0038371841734965899,529.39949518640969,58187.198978537599,-0.011229201889672852,0.013233888899880251,0.05836229790303369,0.21856268925307851,8.3342980107950666e-05,3.5030566234607571e-05,-0.045456864504849481,-0.045456864504849495,0.097142857142857156
0.0040506408416818599,529.52241423665089,58189.762835244517,-0.0099148941839892341,0.012332120810177555,0.060781333481606803,0.23822394794942414,0.00011883401944058871,4.4156447982136347e-05,-0.035355339059327376,-0.03535533905932739,0.097142857142857156
0.0040831277843717279,529.53220522185086,58130.540416134922,0.003598227729828745,0.0093006435049659553,0.057601860305934907,0.26431153003952523,0.00011684105316071193,4.4135769529195062e-05,-0.02525381361380527,-0.025253813613805284,0.097142857142857156
0.0062289553849521236,529.3287557164806,58131.930818957211,0.0091345421216225183,0.010942572560422014,0.056837507219433377,0.30240857383931874,0.00012591202176892574,6.9895436105575095e-05,-0.015152288168283165,-0.015152288168283165,0.097142857142857156
1.1212950707768579,518.67627672248727,58133.766160611056,-0.0031491758732057019,0.0078476183967484126,0.30056601895677226,0.95518133417738227,0.011901532481578127,0.12232672708175557,-0.0050507627227610596,-0.0050507627227610596,0.097142857142857156
1.0914637651858383,517.24376137255797,58134.823165518523,-0.0030572270764557658,0.0057027939457473921,0.32371553031866612,0.87268820819409465,0.011014759495972019,0.11455045850763569,0.0050507627227610596,0.0050507627227610596,0.097142857142857156
0.012901957664169659,528.98347617732634,58130.149540891114,-0.0097698786211991608,0.0021122586604073101,0.057819414025251856,0.20203726608317665,0.00014111064936298879,0.00015326235963425425,0.015152288168283151,0.015152288168283165,0.097142857142857156
0.0044057686783060858,529.23308534558771,58127.727475262873,-0.0017356969135906483,-0.0047446890775123679,0.054809869277946996,0.3962951274387948,0.00017079435922616991,5.757824889786341e-05,0.02525381361380527,0.025253813613805284,0.097142857142857156
0.0051825124386855282,528.95005816850471,58187.302489669244,0.01304178089046076,-0.018174773444300962,0.053637806088413259,0.55236061122728219,0.00023349411772708052,7.9191455506348685e-05,0.035355339059327362,0.035355339059327376,0.097142857142857156
0.0048264842055544179,528.72921506439775,58186.115448297336,0.020929208203522651,-0.021591021155263637,0.051943135792697923,0.6599457089959474,0.00020910430567353257,6.9793082041122337e-05,0.045456864504849481,0.045456864504849495,0.097142857142857156
0.0051624191450547752,528.48216275132609,58183.835507233984,0.019339468164657377,-0.016735783758694861,0.043723783691751492,0.44101332890830325,0.00018949884524822183,7.1065128657056361e-05,0.055558389950371573,0.055558389950371587,0.097142857142857156
0.0054434765208060815,528.37255602179289,58181.417528858598,0.012871086487986355,-0.01024194237724297,0.026332215514095942,0.42324869438859131,0.00021837437110469376,8.0440949394978062e-05,0.065659915395893692,0.065659915395893706,0.097142857142857156
0.0053857225155678409,528.39228962239895,58180.596213982433,0.0068100919419855866,-0.0054194480975057668,0.0022638195701860922,0.43097023444809252,0.00024090316864038667,8.3592098905609257e-05,0.075761440841415784,0.075761440841415825,0.097142857142857156
0.0059813669017788305,528.42330548400878,58181.788753514935,0.0028064268334175697,-0.0035046789775406368,-0.024911029195037376,0.49096290013808624,0.00026425449478626985,9.7232540849057929e-05,0.085862966286937903,0.085862966286937945,0.097142857142857156
0.014470516654626255,528.33694856981947,58183.879050159863,-0.00052567115651669339,-0.0031528546640792058,-0.057206803925995649,0.3657071095431077,0.00033945166358719751,0.00026660789634805999,0.095964491732459994,0.095964491732460036,0.097142857142857156
0.010500943792385814,528.74008180477722,58926.039553889772,-1.5391054700020899e-05,0.0055700224245810379,-0.058832930244219629,0.22066056024962771,0.00019629747051920732,0.00014712473226759687,-0.095964491732460008,-0.09596449173246005,0.089047619047619056
0.002830823901107094,528.89946794410957,58924.327775964521,-0.0057312421888140244,0.010858317896222831,-0.025546974282763774,0.10284425863184349,6.1451746755625413e-05,2.2191158217257189e-05,-0.085862966286937903,-0.085862966286937931,0.089047619047619056
0.0019171819955492505,528.98866610361017,58923.305856394465,-0.011460428154748943,0.015174997758924745,-0.0023952318984870693,0.11687078152153429,5.1551593758914196e-05,1.3765259087588375e-05,-0.075761440841415797,-0.075761440841415825,0.089047619047619056
0.0024876049006571162,528.90839126697415,58923.241105260007,-0.0084848047359269586,0.014728794252613892,0.016613062025776084,0.089839590179274981,5.0420191208106411e-05,1.7663780035372794e-05,-0.065659915395893692,-0.06565991539589372,0.089047619047619056
0.0044476220287837558,529.02868541885698,58925.212514533232,-0.0034905030954278317,0.014189543073655785,0.044343741456087174,0.14943819883912596,8.5117928708705972e-05,4.1033484296521246e-05,-0.055558389950371587,-0.055558389950371607,0.089047619047619056
0.0039252451408744718,529.44232886874545,58928.917462894613,-0.0083505671054134312,0.015932727614502502,0.058717231676516934,0.23575601191912199,8.2125890167699674e-05,3.5571880904563163e-05,-0.045456864504849481,-0.045456864504849495,0.089047619047619056
0.0039965475719450569,529.54441067669848,58931.305805418546,-0.0082200638264710336,0.015019073810005133,0.060893674508427899,0.24374102527552169,0.00011572667926396644,4.2993394182434706e-05,-0.035355339059327376,-0.03535533905932739,0.089047619047619056
0.0041215241192752716,529.53738028377836,58872.081275086755,0.0049306748232664666,0.010511135005610317,0.058280109696876047,0.26988708029115632,0.00011854495984072994,4.4874476234909829e-05,-0.02525381361380527,-0.025253813613805284,0.089047619047619056
0.0056941337451293875,529.35382498875435,58873.862807325087,0.010033886289486709,0.011234299012181483,0.057122615604276179,0.33426877041514003,0.0001279279852299907,6.4403644457467006e-05,-0.015152288168283165,-0.015152288168283165,0.089047619047619056
1.2012553379003008,518.31232425706037,58876.187771003912,-0.0031533048144639347,0.0074181838791464172,0.30442514160634465,0.8890605376391516,0.011909046302849863,0.13109128555508257,-0.0050507627227610596,-0.0050507627227610596,0.089047619047619056
1.1589541726690553,516.89929341479717,58876.329624501166,-0.0031040583379024294,0.0063117427364943494,0.32864496356066442,0.79888279459479605,0.010849667972616482,0.12071868260902772,0.0050507627227610596,0.0050507627227610596,0.089047619047619056
0.0091146796447479604,529.0603196131334,58871.828786013713,-0.010057385476212835,0.0025201748310978564,0.057488428151050236,0.22530061589110034,0.00012227432300609227,0.00010078804994252754,0.015152288168283151,0.015152288168283165,0.089047619047619056
0.0045873087997142506,529.22665351415833,58869.008086653892,-0.0028027808042980999,-0.006147472883066489,0.055251287389365474,0.42409802105437427,0.00017783098785939218,6.1173270060042043e-05,0.02525381361380527,0.025253813613805284,0.089047619047619056
0.0053077487449351328,528.9514959136352,58928.634835366473,0.011975935926759671,-0.021373476470376459,0.054112247574504883,0.57821233805001804,0.00023677747220781441,8.1673383243790058e-05,0.035355339059327362,0.035355339059327376,0.089047619047619056
0.0049108139157744857,528.7398538314286,58927.659779763759,0.018922949673615071,-0.024813270639690969,0.052465441490186122,0.6759256080965409,0.00020659724019638333,7.0585539052080075e-05,0.045456864504849481,0.045456864504849495,0.089047619047619056
0.005332386609583112,528.49007618456267,58925.574590090277,0.016270539829618163,-0.020013310846738276,0.043875053495624587,0.45757102273259137,0.00019021783621288175,7.3544000106928368e-05,0.055558389950371573,0.055558389950371587,0.089047619047619056
0.0056539240050394709,528.3867689753647,58923.309897843028,0.0096088150203674106,-0.013627078698339562,0.026341115364747453,0.43551339584218218,0.00022783893245820395,8.5342219881283317e-05,0.065659915395893692,0.065659915395893706,0.089047619047619056
0.0056874489417201917,528.40178705805261,58922.55820889592,0.0038964020682343004,-0.0086091798025511885,0.0021680907807729395,0.4522706883844998,0.00025709885349682051,9.1194276223581329e-05,0.075761440841415784,0.075761440841415825,0.089047619047619056
0.0064502956018238416,528.4147201655079,58923.744012180818,0.00058427307485934405,-0.0057844800089401731,-0.0252296191463427,0.49071405710172517,0.00027626903715648584,0.00010721257449145783,0.085862966286937903,0.085862966286937945,0.089047619047619056
0.014260823223073352,528.44230190078611,58925.861460261505,-0.0015314609663276664,-0.004255801422739805,-0.05727338795964669,0.38635374258009236,0.00033423893076847244,0.00026071925896279004,0.095964491732459994,0.095964491732460036,0.089047619047619056
0.01090434448838495,528.8654046855562,59668.588309259401,0.0010851896088044102,0.006801596442309446,-0.058300939331862763,0.23837829367579194,0.00020026324344698862,0.00015431217267256045,-0.095964491732460008,-0.09596449173246005,0.080952380952380956
0.0034674172291019106,528.8627590918295,59666.517332721065,-0.0028948112161868511,0.011901669150856109,-0.026002194037782651,0.12845577977005468,7.6166820650629201e-05,3.0261400033888434e-05,-0.085862966286937903,-0.085862966286937931,0.080952380952380956
0.0021801780694992003,528.96700658963664,59665.336174269491,-0.0073424020791351902,0.016468534710332838,-0.0029029411656420457,0.10887775540386449,5.381281228868148e-05,1.5993179489413554e-05,-0.075761440841415797,-0.075761440841415825,0.080952380952380956
0.0031009555759890879,528.90035867964264,59665.346402702206,-0.0034399674531820951,0.016532120201646003,0.01842439686190598,0.10748960952968466,6.4528512425393326e-05,2.4909864854964325e-05,-0.065659915395893692,-0.06565991539589372,0.080952380952380956
0.0046446917062018898,529.0813801664267,59667.560173334976,-0.00059010395122724901,0.017340903092255486,0.045820770252854352,0.16398173588327516,8.8441627150107931e-05,4.3680264029073231e-05,-0.055558389950371587,-0.055558389950371607,0.080952380952380956
0.00404317297173313,529.49579058613438,59671.240173267244,-0.0056397352858773295,0.018360321287572971,0.058304286768905346,0.26849761152580115,8.2634414387339989e-05,3.6753846585468624e-05,-0.045456864504849481,-0.045456864504849495,0.080952380952380956
0.0039431723638151837,529.56734792984821,59673.450857049356,-0.0064864223234635844,0.017320279918979178,0.059845124683655299,0.25573749843236182,0.00011209799654923799,4.1748866314219838e-05,-0.035355339059327376,-0.03535533905932739,0.080952380952380956
0.0041882547794613667,529.5385845829793,59737.94620072691,0.0062051682639474868,0.011924081740740595,0.057648033445745928,0.28130900708683759,0.00012188067739792641,4.6238157760730986e-05,-0.02525381361380527,-0.025253813613805284,0.080952380952380956
0.0053877482952509378,529.37434165603941,59740.108232571001,0.010891307299129684,0.011858196897227294,0.056241855812874747,0.36364203024417135,0.00013425771260258215,6.2427640391994252e-05,-0.015152288168283165,-0.015152288168283165,0.080952380952380956
1.3048374990997555,517.80309712393625,59743.191070834633,-0.0034489504490916576,0.0066237062341915525,0.31071159480890842,0.8067872640050846,0.011834266693591954,0.14194728990786984,-0.0050507627227610596,-0.0050507627227610596,0.080952380952380956
1.244546812816179,516.4510592618318,59742.087940288082,-0.0031014315109009569,0.0067118338126980742,0.33397073680563133,0.71389771305828065,0.010604155915759949,0.12815905289513366,0.0050507627227610596,0.0050507627227610596,0.080952380952380956
0.0068244897433393107,529.10858591894385,59737.813566783916,-0.010305832116965218,0.002938985937365207,0.056241729946935132,0.25286171546626945,0.00011284750089779771,7.2496352788668984e-05,0.015152288168283151,0.015152288168283165,0.080952380952380956
0.0047976605661130276,529.21997319741615,59734.499044912482,-0.0043650197285661097,-0.0076140329999070892,0.054539942627344955,0.47263376410365032,0.00018581231011059323,6.5398345269485081e-05,0.02525381361380527,0.025253813613805284,0.080952380952380956
0.0054574646895442953,528.95914930336789,59670.476999887251,0.010549134464304047,-0.024244825514397689,0.053560998717044943,0.59389572747818031,0.00024042991159644263,8.4622369702018501e-05,0.035355339059327362,0.035355339059327376,0.080952380952380956
0.0049973221895958974,528.7600974927218,59669.778506329574,0.01667316070548942,-0.027718096386383718,0.052020276212381096,0.7161177988487949,0.00020491538988394117,7.1535997727360689e-05,0.045456864504849481,0.045456864504849495,0.080952380952380956
0.0054805038548442209,528.50960589784074,59667.918326097009,0.013322780110358652,-0.023098901775544623,0.043322148107133342,0.47481226031681761,0.00018946886574711076,7.5437869590175993e-05,0.055558389950371573,0.055558389950371587,0.080952380952380956
0.0058541094416560448,528.40580818428293,59665.797021079386,0.0066003171392963597,-0.016903173073110431,0.02605467391189464,0.44563878421597453,0.00023304814482652379,8.9368334076746995e-05,0.065659915395893692,0.065659915395893706,0.080952380952380956
0.0059849100281375587,528.40970032867233,59665.115739796813,0.0012974739275823002,-0.011723019724281332,0.0021707971147338885,0.47009168410788582,0.00026884591480782555,9.8131705497094487e-05,0.075761440841415784,0.075761440841415825,0.080952380952380956
0.0069916145012765959,528.41465400403479,59666.31713460086,-0.001420754372960042,-0.0081271110542403008,-0.025037093969504719,0.49046439433307754,0.00028772231047271613,0.00011859441687480149,0.085862966286937903,0.085862966286937945,0.080952380952380956
0.014025027596576544,528.5572486078172,59668.521926554633,-0.002450508270286025,-0.0054370356389572203,-0.056337031294161267,0.40103172792029251,0.00032422218990402587,0.00025253704355685739,0.095964491732459994,0.095964491732460036,0.080952380952380956
0.01124251012334461,529.00740147509828,60411.79534667587,0.0021871594357594291,0.0083618213696047758,-0.056608164715413897,0.252472986371716,0.00020057914084506019,0.00015922313500961246,-0.095964491732460008,-0.09596449173246005,0.07285714285714287
0.0043693378883798073,528.82506957171915,60409.227384977188,-0.00027330172487475955,0.013533535196568865,-0.025298755243944048,0.16344036205696066,9.684544079583779e-05,4.299868963367029e-05,-0.085862966286937903,-0.085862966286937931,0.07285714285714287
0.0026350916520679118,528.92079502505806,60407.890644582905,-0.0025343016338200109,0.017787124310741569,-0.0026253941474356133,0.12545991829599584,6.1339258069213558e-05,2.06378753237091e-05,-0.075761440841415797,-0.075761440841415825,0.07285714285714287
0.0040359656049672949,528.89256414055421,60408.014607559548,0.0012376213668934615,0.01932471064251105,0.02149056982191545,0.13590008608689902,8.4023750192933373e-05,3.6995464721301846e-05,-0.065659915395893692,-0.06565991539589372,0.07285714285714287
0.0048376961909532027,529.16538684068371,60410.489014115097,0.0021214800516322044,0.020543007983195763,0.046646056407007024,0.18287322455555599,9.1219272214576708e-05,4.6204246537139099e-05,-0.055558389950371587,-0.055558389950371607,0.07285714285714287
0.0041622404570422654,529.55693247463876,60414.139926183969,-0.0030808994445069211,0.020547764369311605,0.057000204045817945,0.29728877295276923,8.36948126316342e-05,3.80782023123169e-05,-0.045456864504849481,-0.045456864504849495,0.07285714285714287
0.0038841693223751745,529.58855520904729,60416.149183946909,-0.0048145520588601101,0.019179759437685594,0.057722649951811415,0.25478100819707206,0.00010791134913738563,4.0348901444711839e-05,-0.035355339059327376,-0.03535533905932739,0.07285714285714287
0.0042522138302032815,529.53509713572942,60480.701697851764,0.0070789139918820869,0.013009432152532337,0.055869896435255847,0.29440493994907324,0.00012514995291411683,4.756970311253936e-05,-0.02525381361380527,-0.025253813613805284,0.07285714285714287
0.0052919833687136439,529.38565025657022,60483.101621267349,0.011368825633930759,0.012632188573957698,0.054441642819014251,0.37655816865005715,0.00014293438494545501,6.3268396731805033e-05,-0.015152288168283165,-0.015152288168283165,0.07285714285714287
1.4069136835232108,517.29060066651084,60486.661139157943,-0.0039466839710487894,0.005610123699554527,0.31811802769790104,0.72253375791541852,0.011662696904516474,0.15193818988497632,-0.0050507627227610596,-0.0050507627227610596,0.07285714285714287
1.3283491774063605,516.02446768510083,60484.860845126052,-0.0029780750102419975,0.0068946219746663416,0.33854749266569439,0.63746338958915905,0.010341060202474753,0.13508116091179931,0.0050507627227610596,0.0050507627227610596,0.07285714285714287
0.0057694961567150288,529.12740285947552,60480.610255196436,-0.010466249629203261,0.0032549078130021231,0.054352284304019408,0.26883962591956084,0.00010957086478950035,6.0392837229615396e-05,0.015152288168283151,0.015152288168283165,0.07285714285714287
0.0049583880709870402,529.21517770290916,60476.854816965468,-0.0060236370203545671,-0.0087096536148340929,0.05293761716865799,0.48117029424934454,0.00019174446747063966,6.8659705291487764e-05,0.02525381361380527,0.025253813613805284,0.07285714285714287
0.0056358271991237517,528.97170779028704,60412.777992611576,0.0088185988438709458,-0.026794495549350913,0.05204480186244502,0.57694813143408086,0.00024421862832249525,8.8073866486720274e-05,0.035355339059327362,0.035355339059327376,0.07285714285714287
0.005076771260383829,528.78899872834074,60412.429901103875,0.014301451884972493,-0.030335181054273443,0.050687316508338034,0.72536514130037699,0.00020297447625023713,7.2328308885674962e-05,0.045456864504849481,0.045456864504849495,0.07285714285714287
0.0056107075701453896,528.54028455054947,60410.807055637764,0.010439301101084245,-0.025976878784929203,0.042088718479252836,0.48362078868471309,0.00018670322665918746,7.6664365505589333e-05,0.055558389950371573,0.055558389950371587,0.07285714285714287
0.0060470876679331155,528.43273880738525,60408.826772548375,0.0038391146907555043,-0.020105286950812602,0.025477294267620739,0.44831459502504545,0.00023306611989580594,9.2317883221337149e-05,0.065659915395893692,0.065659915395893706,0.07285714285714287
0.0063019686707732944,528.42124848573576,60408.210773244857,-0.0010706278027570561,-0.014801774315947746,0.0022629587193129411,0.47982216560723973,0.00027488635127430469,0.00010448473081072025,0.075761440841415784,0.075761440841415825,0.07285714285714287
0.0075685091240228998,528.42913072575243,60409.455859509973,-0.0032909357651100444,-0.010554698035832567,-0.02444785300011032,0.48688553505278109,0.00029567526320318962,0.00013014210735272662,0.085862966286937903,0.085862966286937945,0.07285714285714287
0.01380543371085032,528.67638134406286,60411.800573626511,-0.0033095446070777316,-0.0067200082892505172,-0.054462422886992469,0.40801145539907252,0.00031056999287025011,0.00024329310496592582,0.095964491732459994,0.095964491732460036,0.07285714285714287
0.011662349965360648,529.21972051751527,61403.850782756766,0.0038733042064741296,0.011088131966020173,-0.052379340972958155,0.25988402411803374,0.00019592373977413805,0.00016324113308757596,-0.095964491732460008,-0.09596449173246005,0.064761904761904757
0.0061068897811451953,528.81896565767829,61400.450607358674,0.0034216771017499142,0.017285508035685727,-0.022979724824291638,0.20419698059915251,0.00013228665399465077,7.0238964065678011e-05,-0.085862966286937903,-0.085862966286937931,0.064761904761904757
0.0042456701391889642,528.85319488703669,61398.845056328384,0.003356833279418367,0.021428635632117117,0.00071318722616877219,0.16896064803453717,9.2217374936120781e-05,4.0771118604537839e-05,-0.075761440841415797,-0.075761440841415825,0.064761904761904757
0.0052154624556835921,528.94430154080476,61399.220468073669,0.0066081751461446198,0.024182411023206309,0.025680906233381106,0.178955860117441,0.00010556748026753706,5.3586809609732091e-05,-0.065659915395893692,-0.06565991539589372,0.064761904761904757
0.0051011956322329554,529.3237769132221,61401.962823312664,0.0055248524538487652,0.02460146431544084,0.046025940197844679,0.21002086101389048,9.4415605579883938e-05,4.9567141099571678e-05,-0.055558389950371587,-0.055558389950371607,0.064761904761904757
0.0042601945082723774,529.6469133282809,61405.439685435762,7.4417841720571623e-06,0.023029325155676707,0.053642686864452817,0.2529616332628023,8.5049283897105658e-05,3.9288437640525626e-05,-0.045456864504849481,-0.045456864504849495,0.064761904761904757
0.0037955521895321814,529.60707675866308,61407.148398469057,-0.0028443585710726804,0.020894622033620684,0.053206888521748832,0.23266984859410753,0.00010185536377409726,3.8306010160549887e-05,-0.035355339059327376,-0.03535533905932739,0.064761904761904757
0.004349403815395724,529.52559942779146,61347.801549350988,0.0077453453809583264,0.013887322921729083,0.052434314851706652,0.30558236306532716,0.00012898983738686447,4.9397785360587877e-05,-0.02525381361380527,-0.025253813613805284,0.064761904761904757
0.0053200175667684219,529.39186336105502,61350.361244034561,0.011439153027365657,0.013815727415264543,0.05109688527724069,0.37809593444502537,0.0001565731455597554,6.656894966942554e-05,-0.015152288168283165,-0.015152288168283165,0.064761904761904757
1.5378812457922342,516.62198011608734,61354.872235878647,-0.0047313256461702646,0.0041357803796929823,0.32840754272678896,0.61635944890755345,0.011269924522363601,0.16326132038319768,-0.0050507627227610596,-0.0050507627227610596,0.064761904761904757
1.4398535737822884,515.485416218198,61352.087820556066,-0.0026645555718962902,0.0070086221283891317,0.34404423194523692,0.54806566132100087,0.0099630503122128001,0.1437191004978435,0.0050507627227610596,0.0050507627227610596,0.064761904761904757
0.0051408761105479909,529.12641836988007,61347.722492659523,-0.010505516670763838,0.0036772610763406563,0.051125651919975187,0.27385714302809844,0.00010894009761684408,5.3657572126425152e-05,0.015152288168283151,0.015152288168283165,0.064761904761904757
0.0051288847167692136,529.2123373323044,61343.419384734676,-0.0082949396023440786,-0.0096504771613086116,0.049989898248401742,0.45775719823936423,0.00019669946759186767,7.1932396522684182e-05,0.02525381361380527,0.025253813613805284,0.064761904761904757
0.0059258160983882745,528.99479180871015,61403.085196658605,0.0060740402391525972,-0.029620413385987095,0.048652347645578409,0.53383757457944803,0.00024895688151803266,9.3499704241625878e-05,0.035355339059327362,0.035355339059327376,0.064761904761904757
0.0051544369618722104,528.84193251402439,61403.278288406997,0.011068580688255301,-0.033297170013112193,0.04756063137683076,0.6584764860301825,0.00019857279829767804,7.2634192150866693e-05,0.045456864504849481,0.045456864504849495,0.064761904761904757
0.0057503905962300612,528.60081813248371,61402.026486853087,0.0066828308707159436,-0.029448249560240423,0.039408563980926292,0.46857209334404165,0.00017991521376752219,7.7131413418828038e-05,0.055558389950371573,0.055558389950371587,0.064761904761904757
0.0062915006969165863,528.48874826633789,61400.253453060126,0.00043393697565144093,-0.024265128232275248,0.024174142000455937,0.44280686336438801,0.0002251481823938343,9.4403581659942661e-05,0.065659915395893692,0.065659915395893706,0.064761904761904757
0.0067813937155335596,528.4562915568514,61399.73264694598,-0.0040287452408044608,-0.01892803170314326,0.0024127066058624068,0.47376766172480478,0.00027217968954309075,0.00011187854680087913,0.075761440841415784,0.075761440841415825,0.064761904761904757
0.0083190129111624222,528.48331397025368,61401.080895570543,-0.0057054972761686135,-0.013961672300794861,-0.023172335206987735,0.47152381002492377,0.00029594174590140122,0.00014311162534826779,0.085862966286937903,0.085862966286937945,0.064761904761904757
0.013583676341796443,528.83368869691685,61403.663289111537,-0.0043851576613791387,-0.0086203320245455857,-0.050598088426268666,0.40338597500917789,0.00028829050946371613,0.00023063886804417633,0.095964491732459994,0.095964491732460036,0.064761904761904757
0.012047626673868005,529.39597521686085,62148.6985975024,0.0053563849659360244,0.01344852324542096,-0.047619652313749511,0.2538894960349028,0.00018952936169559608,0.00016585927067239365,-0.095964491732460008,-0.09596449173246005,0.056666666666666671
0.007437280726032924,528.89337601914303,62144.727951104789,0.0070479389116062966,0.021017629292979293,-0.02076966008423918,0.2212501904009079,0.00015501551568775643,9.2598032560862952e-05,-0.085862966286937903,-0.085862966286937931,0.056666666666666671
0.0057520510787761403,528.88436199560863,62142.85895418717,0.0080492889424504353,0.025478991580593895,0.0038828422640144779,0.1982066254262968,0.00012022647309606352,6.3069993682782097e-05,-0.075761440841415797,-0.075761440841415825,0.056666666666666671
0.0058336401295615362,529.07366495084693,62143.425443160981,0.01020207703324753,0.027883094972273061,0.027350401872344502,0.2008629850588152,0.00011438564368213645,6.239149536807129e-05,-0.065659915395893692,-0.06565991539589372,0.056666666666666671
0.0052978859345387593,529.46588596822539,62146.181147072915,0.0077959539163880952,0.027217102096573877,0.044024566816634296,0.2198745690243786,9.6291979679594451e-05,5.1987347725591074e-05,-0.055558389950371587,-0.055558389950371607,0.056666666666666671
0.0042259282552431915,529.70577986600654,62149.365756573898,0.00195742875582791,0.024345155362337563,0.049773540407097576,0.22826919268967261,8.4853384694194383e-05,3.8927517164404463e-05,-0.045456864504849481,-0.045456864504849495,0.056666666666666671
0.0037382556512640113,529.60813437304307,62150.758915622071,-0.0014776359506756273,0.021684984118934353,0.048683050488399139,0.21217256363369513,9.7077917327923033e-05,3.6832332609910896e-05,-0.035355339059327376,-0.03535533905932739,0.056666666666666671
0.004366116718564083,529.51550839051322,62091.388594068507,0.0084387788853297271,0.014355582338976533,0.04833351633379232,0.30221768845080499,0.00012963484018977198,4.971142467893839e-05,-0.02525381361380527,-0.025253813613805284,0.056666666666666671
0.0054998411518310435,529.39113763629064,62093.97060684528,0.01096908303668603,0.015015726692267885,0.04718253933816044,0.37817024250199627,0.00017128728197972711,7.1980143017547592e-05,-0.015152288168283165,-0.015152288168283165,0.056666666666666671
1.6545021259314918,515.97989543641449,62099.30001404183,-0.0055429509575155855,0.0028786631033927189,0.33905886230449783,0.522042599456774,0.010719473129629018,0.17129869307477294,-0.0050507627227610596,-0.0050507627227610596,0.056666666666666671
1.5503778266355031,514.98984489217719,62095.895390705555,-0.0021862307167301136,0.0068369401860590437,0.34921879281077761,0.47156452607875621,0.0095580547965387098,0.15157316056924686,0.0050507627227610596,0.0050507627227610596,0.056666666666666671
0.0048956626162765223,529.10693957685248,62091.279104669251,-0.010339245744275197,0.0039729209887388742,0.04746411277513074,0.27236992367175861,0.00011052406703993487,5.1468310182775172e-05,0.015152288168283151,0.015152288168283165,0.056666666666666671
0.005277375025496237,529.21247577935117,62086.530449522041,-0.010370890251941127,-0.010069467929727873,0.046597751054975281,0.43975300933630218,0.00019913236425751632,7.4471290980576981e-05,0.02525381361380527,0.025253813613805284,0.056666666666666671
0.0062080626859491173,529.01512879875736,62146.123595177509,0.003754396405550487,-0.031256430964972638,0.045205953966891886,0.50707815145588875,0.00025198480957795894,9.8546969630149353e-05,0.035355339059327362,0.035355339059327376,0.056666666666666671
0.0051835570739626807,528.88977652924314,62146.775418148056,0.008607635204090084,-0.035015422419036608,0.044250033773782657,0.59175595420873595,0.00019342506411031431,7.2091532789943875e-05,0.045456864504849481,0.045456864504849495,0.056666666666666671
0.0058165986456520285,528.66234363007834,62145.84265766984,0.0039648377247435123,-0.031699640921777204,0.036600460960346963,0.43872171139424648,0.0001726835760374902,7.6435412678224759e-05,0.055558389950371573,0.055558389950371587,0.056666666666666671
0.0064530901499944317,528.55141636131634,62144.249713395511,-0.0019928783343543723,-0.027242806724859528,0.022684303020211658,0.43232672612872286,0.00021419691937434168,9.444399346439162e-05,0.065659915395893692,0.065659915395893706,0.056666666666666671
0.0071416899430433558,528.5089161531231,62143.818183845258,-0.0062044421257646774,-0.022042988859045487,0.0024002827421997245,0.45508027397152739,0.00026161187453658575,0.00011551269534200808,0.075761440841415784,0.075761440841415825,0.056666666666666671
0.0087977985351086804,528.55780310494765,62145.2817514778,-0.0074883408148096143,-0.016631516062082772,-0.021896001824389121,0.45084403643156329,0.00028614355464213548,0.00014882160932624302,0.085862966286937903,0.085862966286937945,0.056666666666666671
0.013496234740147623,528.94702843008179,62148.035325288089,-0.0051453777776707798,-0.01017458696935832,-0.046732345534449458,0.38846500059432304,0.00026931802233895447,0.00022148551640309371,0.095964491732459994,0.095964491732460036,0.056666666666666671
0.0126020301114384,529.58362082478709,62893.96960485755,0.0068327350801053489,0.015711197827023616,-0.041544775882783103,0.23968663933864745,0.00018163337291292388,0.00016983935697925605,-0.095964491732460008,-0.09596449173246005,0.048571428571428571
0.0084746372971073371,529.067893397842,62889.747907239478,0.010929770263143521,0.024754138222494997,-0.018260981374664927,0.23034303538753151,0.00016599270699462987,0.00010918566506128459,-0.085862966286937903,-0.085862966286937931,0.048571428571428571
0.0068718481809196394,529.03645795850844,62887.639662834612,0.01262312876707811,0.029468492933087412,0.0060226945294330541,0.21527264445735222,0.00013734168136088983,8.0533159168181967e-05,-0.075761440841415797,-0.075761440841415825,0.048571428571428571
0.0062599184444996972,529.27278720273125,62888.224649283977,0.013209768199922192,0.030991289300033864,0.027143708968751821,0.21285997698048556,0.00011762662699755999,6.7892452476838773e-05,-0.065659915395893692,-0.06565991539589372,0.048571428571428571
0.0054016060988441418,529.60995522834708,62890.754274277118,0.0096393465787930135,0.029171333445866809,0.04062043432252805,0.2173218512799491,9.6490467253593259e-05,5.3059739773944524e-05,-0.055558389950371587,-0.055558389950371607,0.048571428571428571
0.0040706938485847791,529.74493762021086,62893.498897138394,0.0034589858493125217,0.025052725627350819,0.044774802484226946,0.20090801061677391,8.2079345234176748e-05,3.6879530414231556e-05,-0.045456864504849481,-0.045456864504849495,0.048571428571428571
0.0037150639406730067,529.5960744085977,62894.492961118543,-0.00019617141554997272,0.021973971008862871,0.043391679120862982,0.19332034113791374,9.2630285484775454e-05,3.5755494946795177e-05,-0.035355339059327376,-0.03535533905932739,0.048571428571428571
0.0043098256091796605,529.49901674699913,62959.128292686088,0.0093620643407100745,0.014421719568042043,0.042365302903361955,0.29224839898014321,0.00012610455380185784,4.8397740021468276e-05,-0.02525381361380527,-0.025253813613805284,0.048571428571428571
0.0059774117809503974,529.38363500566686,62961.621093893482,0.0093756215677269182,0.016250073023058535,0.041337683667568001,0.38379409930286174,0.00019292107536792919,8.3023877437723073e-05,-0.015152288168283165,-0.015152288168283165,0.048571428571428571
1.8036339169620239,515.18298552230283,62967.391997918901,-0.0066103761961381242,0.0015964934651259543,0.35294093005866106,0.41078420876588895,0.0098241850807769884,0.17877083200465191,-0.0050507627227610596,-0.0050507627227610596,0.048571428571428571
1.7051155562781173,514.38534733512381,62963.744690466272,-0.0014625652365480657,0.0063545565624327435,0.35599046372973947,0.38393141717179252,0.0089961768491610295,0.16172710360584344,0.0050507627227610596,0.0050507627227610596,0.048571428571428571
0.0050539894733725062,529.05257570283175,62958.982697804669,-0.0096036301271392021,0.0042370287299024643,0.042038947701364966,0.26355775269429915,0.00011673200088589507,5.4604608528040892e-05,0.015152288168283151,0.015152288168283165,0.048571428571428571
0.0053579688476203292,529.21661000619122,62953.783053341205,-0.012794041959899699,-0.01017474417233258,0.041768849827270582,0.42501504866036405,0.00019800670317674294,7.5394580758363482e-05,0.02525381361380527,0.025253813613805284,0.048571428571428571
0.0065714914749891336,529.03614584898446,62889.316469233148,0.0013334963618550114,-0.032481076735764676,0.041053137567609456,0.47880992202895728,0.00025423501424190589,0.00010478078079908118,0.035355339059327362,0.035355339059327376,0.048571428571428571
0.0051917544727799027,528.94260278180502,62890.464897487123,0.0061971938288258657,-0.036262435263264295,0.04017668912224328,0.5281968116459631,0.00018664814541962239,7.0929350860790262e-05,0.045456864504849481,0.045456864504849495,0.048571428571428571
0.0058338932226836733,528.73659916284339,62889.873588967137,0.0013546634737356354,-0.033568553276915214,0.033074989596078831,0.40173426052679084,0.00016361658783436742,7.4622903276195667e-05,0.055558389950371573,0.055558389950371587,0.048571428571428571
0.0065757839899413728,528.63470474386645,62888.485670883507,-0.0043666165114354723,-0.029968288897300955,0.020632452297631776,0.41611367543765176,0.00020006503870366999,9.3010748576909599e-05,0.065659915395893692,0.065659915395893706,0.048571428571428571
0.007451090320454685,528.59136999394218,62888.175609809412,-0.0083598370117596854,-0.025078214958609298,0.0021658736000007054,0.42969128993499867,0.00024442162943247249,0.00011649026824969443,0.075761440841415784,0.075761440841415825,0.048571428571428571
0.0091486256113595885,528.6637827742062,62889.766583545723,-0.009188032240765533,-0.019313468530771413,-0.020361774499294605,0.42422729063406511,0.00026804896246492439,0.00014978313651136055,0.085862966286937903,0.085862966286937945,0.048571428571428571
0.013487662310501912,529.05514975284837,62892.637697011203,-0.005828730259123868,-0.011779263425488065,-0.042095381482284019,0.36398934939239191,0.00024888142873616094,0.000212781041174313,0.095964491732459994,0.095964491732460036,0.048571428571428571
0.013336472464583301,529.77038397133435,63639.206168644858,0.0079431670126122126,0.017455618122051333,-0.034335602320897607,0.21998644487693575,0.0001718381785411646,0.00017482389943686996,-0.095964491732460008,-0.09596449173246005,0.040476190476190499
0.0091935943043614712,529.32801736437136,63635.154923225047,0.014050275995251204,0.027527783749421761,-0.015419759852000121,0.23426042482487644,0.00016479598039130042,0.00011802082399794721,-0.085862966286937903,-0.085862966286937931,0.040476190476190499
0.0075440003355661429,529.28781960317542,63632.936252069732,0.016116434118100813,0.032374877933437456,0.0067830853781186877,0.22545891154041273,0.00014085183445577344,8.9532962093105808e-05,-0.075761440841415797,-0.075761440841415825,0.040476190476190499
0.0064925213480766788,529.50088071428729,63633.333662341152,0.015313878463184253,0.033004589555944444,0.02507692664261026,0.22005770574284605,0.00011588388354612697,6.9891587786122887e-05,-0.065659915395893692,-0.06565991539589372,0.040476190476190499
0.0053216159807164456,529.7318505243353,63635.439078819021,0.010885403837709974,0.030164116481434414,0.03590036178890052,0.2028581170096336,9.3214054996906625e-05,5.1378832599336591e-05,-0.055558389950371587,-0.055558389950371607,0.040476190476190499
0.0037837285675580614,529.75564891031593,63637.62353444851,0.0044661022422352132,0.024967510747978761,0.038789380097655299,0.17205987801614386,7.5888555209638683e-05,3.2961587213757781e-05,-0.045456864504849481,-0.045456864504849495,0.040476190476190499
0.0037530331382789766,529.57163244051401,63638.216464949619,0.0011949536170491042,0.021838882898226032,0.037464842301534115,0.17827732980073038,8.9426744172648302e-05,3.5490826142178146e-05,-0.035355339059327376,-0.03535533905932739,0.040476190476190499
0.0042080691153737297,529.47970875340684,63702.918830695948,0.010235281753662144,0.013902786608984627,0.036281502737115834,0.25856710239262048,0.00011788319579265169,4.5688701440656793e-05,-0.02525381361380527,-0.025253813613805284,0.040476190476190499
0.0064393878887893437,529.37150488089128,63705.250577473067,0.0072260256304599781,0.016793669416455145,0.0351395320195238,0.39478140635685172,0.00021172647224607937,9.369839832557471e-05,-0.015152288168283165,-0.015152288168283165,0.040476190476190499
1.9503419554152248,514.50901204321679,63710.54844444737,-0.0075003325025950933,0.00078307662210352815,0.36463479405133786,0.32462206819644901,0.0089550506248994039,0.18456306168282741,-0.0050507627227610596,-0.0050507627227610596,0.040476190476190499
1.8736144001778758,513.85474296802749,63707.439369602223,-0.00085443821517379231,0.0060223816409933142,0.3625989686281641,0.3135043839286541,0.0084582801632483145,0.17231427166597255,0.0050507627227610596,0.0050507627227610596,0.040476190476190499
0.0057707949732698815,528.96627781045515,63702.749701086985,-0.0082703882342475225,0.0044642606301152285,0.036199853049720412,0.25704876998198056,0.00012938325082962468,6.564092225251996e-05,0.015152288168283151,0.015152288168283165,0.040476190476190499
0.0053608981118388578,529.22220635835254,63697.272967667916,-0.014615692298382641,-0.0099071638784222864,0.036956128134982828,0.41468205765167232,0.00019346694450382345,7.4566015972208532e-05,0.02525381361380527,0.025253813613805284,0.040476190476190499
0.0070300701947040673,529.05599013555877,63632.519430660577,-0.0011525035868879133,-0.033300568107607634,0.036266700756786271,0.45146629137458533,0.00025543631517181676,0.00011235721912463731,0.035355339059327362,0.035355339059327376,0.040476190476190499
0.0051786704842235447,528.99913679628571,63634.222786840088,0.0039236676817362209,-0.037024252111465678,0.035409573981941903,0.46982347468501662,0.00017817657923813803,6.9126343705415801e-05,0.045456864504849481,0.045456864504849495,0.040476190476190499
0.0057858912102666396,528.82084363407569,63633.966555440951,-0.0011397315028735205,-0.034964296466954967,0.028833731073592297,0.36115597907410807,0.00015250511164989272,7.1451683168669833e-05,0.055558389950371573,0.055558389950371587,0.040476190476190499
0.0066324019740510234,528.73699634148693,63632.807800723189,-0.0066555616367532794,-0.032298815676636915,0.017967179627574902,0.3930926219325922,0.0001834334884086098,8.9827673652493887e-05,0.065659915395893692,0.065659915395893706,0.040476190476190499
0.0076600371659225871,528.70457208410028,63632.658440120555,-0.010397667397704339,-0.027860317204213159,0.0016273410664422805,0.40271785266176291,0.00022216356934265217,0.00011417402167547302,0.075761440841415784,0.075761440841415825,0.040476190476190499
0.0093755864611697777,528.79634954716812,63634.372044147269,-0.010711364051716802,-0.021818296374580794,-0.018547817117434754,0.39428503010385413,0.00024361423672338039,0.00014633552687657838,0.085862966286937903,0.085862966286937945,0.040476190476190499
0.013539727160329409,529.15680447954503,63637.255625316182,-0.0063604552586771432,-0.013333766540203896,-0.036766438656906056,0.33179591333238861,0.00022709231446576506,0.00020403803445544707,0.095964491732459994,0.095964491732460036,0.040476190476190499
0.013976045978506714,529.9680334630134,64631.889731165749,0.0078608293783836401,0.018157233995380665,-0.023427307248473243,0.18363732719560003,0.00015173188748835681,0.00017215623288659423,-0.095964491732460008,-0.09596449173246005,0.032380952380952371
0.0096804290409293354,529.70165056147459,64628.682208902486,0.015729966202799029,0.02871493114170684,-0.011373403296078964,0.2279804495290858,0.00014818891072953302,0.00011784263874995104,-0.085862966286937903,-0.085862966286937931,0.032380952380952371
0.0078086096209799907,529.65577479670151,64626.58847706778,0.018066032010167571,0.033505294587181593,0.0060283228495827358,0.22712932294463944,0.0001291815773792998,8.8751152850815953e-05,-0.075761440841415797,-0.075761440841415825,0.032380952380952371
0.006355963475796104,529.75840642504431,64626.606454358363,0.016267473837150676,0.033366033794639545,0.020149660329755795,0.20689679052334367,0.00010470072821781687,6.5036362646777915e-05,-0.065659915395893692,-0.06565991539589372,0.032380952380952371
0.0048173744212493125,529.81449808906552,64628.004988829583,0.011277406159417087,0.029584621172514796,0.027961255717946897,0.16501422858382059,8.0600298287623382e-05,4.3249264564138906e-05,-0.055558389950371587,-0.055558389950371607,0.032380952380952371
0.0032847030798122613,529.71653122878558,64629.425825922903,0.0051531401381862737,0.023594922416491783,0.029778534070078251,0.13342068076972699,6.3227294097996888e-05,2.6118511073460021e-05,-0.045456864504849481,-0.045456864504849495,0.032380952380952371
0.0039402674552776471,529.5233262321932,64629.590897420007,0.003352957357132169,0.021041127351739054,0.028753876148030686,0.16493269855910087,8.8263465299723778e-05,3.7018275968687034e-05,-0.035355339059327376,-0.03535533905932739,0.032380952380952371
0.0039245967217482729,529.45130469308549,64570.435687708647,0.011767741142698504,0.012967692117256869,0.028263461924703033,0.20575380915468619,9.8809426106128703e-05,3.901164155401456e-05,-0.02525381361380527,-0.025253813613805284,0.032380952380952371
0.0069564249753925238,529.34949408970397,64572.504167640691,0.0039722116833079734,0.016273501104612762,0.026310933443226048,0.37510434600354658,0.00022797277094675813,0.00010503344124471403,-0.015152288168283165,-0.015152288168283165,0.032380952380952371
2.1481203507260775,513.74901699751649,64576.691161710456,-0.0081168316100038752,8.7506871536615702e-05,0.37669044956318887,0.23943646081984646,0.0078458435234327606,0.19027355423315809,-0.0050507627227610596,-0.0050507627227610596,0.032380952380952371
2.0969301596399088,513.22000885770899,64574.572828179691,-0.0001966938457526993,0.0058846201086212952,0.37170881076012369,0.23898887864090512,0.0076825326436442886,0.18379604983018255,0.0050507627227610596,0.0050507627227610596,0.032380952380952371
0.007434822917062529,528.80063237097283,64570.260519684409,-0.0055791590282425361,0.0050458929069476079,0.027554111677796866,0.2524798208881085,0.00015806401069281547,9.3473203639409213e-05,0.015152288168283151,0.015152288168283165,0.032380952380952371
0.0053487810725788157,529.22715640037757,64564.674585927918,-0.016091007388436763,-0.009090209149574445,0.030738925091673256,0.40079867222456561,0.00018412667171724702,7.2579366615958509e-05,0.02525381361380527,0.025253813613805284,0.032380952380952371
0.0078765045857288381,529.07725753117279,64623.241540875279,-0.0043985642277436128,-0.03371434875058784,0.029053759970338523,0.41005971663386842,0.00025436760178395939,0.00012562163104563512,0.035355339059327362,0.035355339059327376,0.032380952380952371
0.0051038045337313152,529.07763330743967,64625.760793519512,0.0012907878868506394,-0.037285541860321021,0.028166513228332243,0.40439748818055077,0.00016450115143103679,6.5460377340952389e-05,0.045456864504849481,0.045456864504849495,0.032380952380952371
0.00557105420740946,528.94320037019281,64625.893400835528,-0.0042011273081014487,-0.035877063276928724,0.022178284466496539,0.30482024996181367,0.00013390893530702987,6.4467697996964214e-05,0.055558389950371573,0.055558389950371587,0.032380952380952371
0.0065457486624435277,528.89311760586259,64625.040949177164,-0.0094581190190618745,-0.034442477106559545,0.0135161003335251,0.35133793408781344,0.00015776088639631581,8.2216501861445644e-05,0.065659915395893692,0.065659915395893706,0.032380952380952371
0.0077259464706630259,528.88922235924792,64625.15395132624,-0.012640238988320616,-0.03075414950900535,0.00047115015085258611,0.36778848041136081,0.00018774434174346691,0.00010586078821802708,0.075761440841415784,0.075761440841415825,0.032380952380952371
0.0094902455597098857,528.99382700769252,64626.986337767914,-0.012129416878961713,-0.024456316385193834,-0.015685236690726558,0.3519641327655354,0.00020580105201445153,0.00013614485858339784,0.085862966286937903,0.085862966286937945,0.032380952380952371
0.01353076840597354,529.27706821848017,64629.681438584441,-0.0065818624621377872,-0.015034919357650002,-0.028732775799608073,0.27917455223382981,0.00019522175432931961,0.00018905430283684444,0.095964491732459994,0.095964491732460036,0.032380952380952371
0.012492805819489401,530.00907061435805,65375.203532864456,0.0058174773810915582,0.016817394461214816,-0.014574037987673014,0.14972496787935929,0.00012358356579928495,0.00013888020553824631,-0.095964491732460008,-0.09596449173246005,0.024285714285714299
0.0094076489979366719,529.89968560332409,65372.905869494753,0.014487275143948004,0.027290139024166424,-0.0081901167605255686,0.20160458096105346,0.00012609330073924004,0.00010563968853488917,-0.085862966286937903,-0.085862966286937931,0.024285714285714299
0.0074320240045776401,529.84830511373286,65371.096757786981,0.017196127651209911,0.032005825559713534,0.0047196631314135075,0.20566533241300788,0.00011064267299475628,7.8175097819171399e-05,-0.075761440841415797,-0.075761440841415825,0.024285714285714299
0.0057518033786592825,529.84794015612681,65370.89373705841,0.015373078546955202,0.031661308452337146,0.015498622025376333,0.17307406128770284,8.7525820493264951e-05,5.3811131840644091e-05,-0.065659915395893692,-0.06565991539589372,0.024285714285714299
0.0040638697753776288,529.79373723051538,65371.821566836727,0.010632131223771385,0.027603530517827848,0.021208743415493468,0.12714313330179172,6.4202686795559178e-05,3.2562398304154108e-05,-0.055558389950371587,-0.055558389950371607,0.024285714285714299
0.0029779615211597515,529.65470375586779,65372.818452045402,0.0057111517654859795,0.021977185758974227,0.022661475551182447,0.1080578320771915,5.3470579565929334e-05,2.1775920762263656e-05,-0.045456864504849481,-0.045456864504849495,0.024285714285714299
0.0041043641647860955,529.4760620639878,65372.764845683334,0.0054764433123884555,0.020073530366543923,0.021714081901134684,0.15778521102463364,8.8020352231088793e-05,3.8506800789887919e-05,-0.035355339059327376,-0.03535533905932739,0.024285714285714299
0.0036210187634058053,529.41705075818743,65313.556994399034,0.013414599174884943,0.011911395419691039,0.020847260811274214,0.15553766172005712,7.764108830717445e-05,3.1906310143721654e-05,-0.02525381361380527,-0.025253813613805284,0.024285714285714299
0.0070789341371910487,529.31754683353267,65315.367137661895,0.00087706761207654227,0.014453223213647679,0.016869111004186949,0.30640056643816138,0.00022421535462548522,0.00010599870192726372,-0.015152288168283165,-0.015152288168283165,0.024285714285714299
2.314873139430512,513.06919544802906,65318.124236922842,-0.0081489961055065622,-0.00041256602381392447,0.38704932780694146,0.17937835297204452,0.0067817234162757716,0.19063262690730157,-0.0050507627227610596,-0.0050507627227610596,0.024285714285714299
2.2945045186231101,512.63292820303525,65317.144916869263,0.00044123721538825024,0.0058781563707809726,0.38201709735751571,0.18106139693581882,0.0067617561177578216,0.18867687242461495,0.0050507627227610596,0.0050507627227610596,0.024285714285714299
0.0093880866963544883,528.59153965551559,65313.344329868327,-0.0017924621819387315,0.0065566783044538118,0.01803998360607792,0.26092985857989492,0.00019346346094906809,0.00013057997103217581,0.015152288168283151,0.015152288168283165,0.024285714285714299
0.0054089279588824769,529.22014545828188,65308.02534720378,-0.016566965923567076,-0.008042161321477068,0.025305814778499955,0.40028787704625812,0.00017453598928419758,7.1458466685113208e-05,0.02525381361380527,0.025253813613805284,0.024285714285714299
0.0088321101210111063,529.08801507069336,65365.930913968645,-0.0067130202735704737,-0.033417936545826137,0.023070434237696336,0.3683253111678727,0.00024994490917802545,0.00013963253515365592,0.035355339059327362,0.035355339059327376,0.024285714285714299
0.0050247613276741274,529.13850771654609,65369.165032583456,-0.00020314058038964556,-0.036971934509053721,0.022297196250535674,0.36079950428045598,0.00015292876791029897,6.2138395177908836e-05,0.045456864504849481,0.045456864504849495,0.024285714285714299
0.0052721704063869402,529.039224749494,65369.471758891756,-0.0061659376129437025,-0.035820444038696247,0.016685003115253123,0.26300801440683802,0.00011689433088412322,5.7001484167645285e-05,0.055558389950371573,0.055558389950371587,0.024285714285714299
0.0063074129680743343,529.01478225378423,65368.804413119295,-0.011139692845327679,-0.035170842831131796,0.0097462893411350612,0.31580009631703843,0.00013619124264229631,7.3608142411500213e-05,0.065659915395893692,0.065659915395893706,0.024285714285714299
0.0075821433223078553,529.03325988449717,65369.132734488303,-0.013719468011677843,-0.031997187957627543,-0.00053279149346914707,0.34089836635330467,0.00016029316608405828,9.5995194528261058e-05,0.075761440841415784,0.075761440841415825,0.024285714285714299
0.0093920229710905082,529.13535230355239,65371.004534747299,-0.012421157974188276,-0.025583150512162381,-0.013168689081770825,0.31516539230109225,0.00017587965075382844,0.00012455665693833335,0.085862966286937903,0.085862966286937945,0.024285714285714299
0.013083838573911998,529.34904809270188,65373.393691235498,-0.0060100119533865667,-0.015677841438775909,-0.022093121158655513,0.23364934918362187,0.0001677781010555611,0.00016947389642611924,0.095964491732459994,0.095964491732460036,0.024285714285714299
0.0076801573857192915,529.80798661085475,66117.549359438126,0.0031110441634554157,0.013853472832535024,-0.0059275381404327492,0.10499038329795933,7.1902990489599984e-05,6.5124379225712365e-05,-0.095964491732460008,-0.09596449173246005,0.0161904761904762
0.007580467067277278,529.90314506745938,66116.077842056358,0.010961187865549355,0.023575094355610469,-0.0045988360621589171,0.14582087798240789,8.978486600536069e-05,7.1828621997240027e-05,-0.085862966286937903,-0.085862966286937931,0.0161904761904762
0.0061047129399046784,529.86779083415888,66114.636769045901,0.014391012609251958,0.028443467021001204,0.003335013522625674,0.15258073853221729,8.038621349476802e-05,5.4733854472913553e-05,-0.075761440841415797,-0.075761440841415825,0.0161904761904762
0.0044831364533739751,529.80049076179171,66114.329993273539,0.013298215005194769,0.028227924997739011,0.010533507114868381,0.12057105478619666,6.108930209896299e-05,3.5040035664686173e-05,-0.065659915395893692,-0.06565991539589372,0.0161904761904762
0.0031451186339589996,529.6971937594468,66114.957760648467,0.0099130968040178555,0.024488180733329735,0.014229172597774892,0.091065515499024585,4.6086996141229737e-05,2.1351393915229861e-05,-0.055558389950371587,-0.055558389950371607,0.0161904761904762
0.0028096988670212033,529.57736024149369,66115.741927033741,0.007040185915741572,0.020145593872796866,0.015274601685567303,0.08534366491901435,4.4856433192311068e-05,1.8817942837485605e-05,-0.045456864504849481,-0.045456864504849495,0.0161904761904762
0.004180688560775081,529.41628706706922,66115.513984680772,0.0076745179793530254,0.018698884256767578,0.014450683496478715,0.15087299481208991,8.4063462277294513e-05,3.8331115016139932e-05,-0.035355339059327376,-0.03535533905932739,0.0161904761904762
0.0034019003402153323,529.35337053179501,66179.719544943087,0.015299628634390744,0.010352814215630994,0.012100016342447189,0.10226677507602563,5.3259910074395678e-05,2.4826860334126236e-05,-0.02525381361380527,-0.025253813613805284,0.0161904761904762
0.0064131711146122976,529.24047058509939,66180.942141665597,-0.00024686069039687178,0.012605460200927718,0.0051816988575893331,0.31515294390683968,0.00019129486596680789,8.8700176708038191e-05,-0.015152288168283165,-0.015152288168283165,0.0161904761904762
2.5596953476263318,512.13809828131298,66182.253436451603,-0.0075593187040786883,-0.0012525895808473391,0.40114220063168526,0.12138841706743639,0.0054838131370196583,0.18955253762873803,-0.0050507627227610596,-0.0050507627227610596,0.0161904761904762
2.5466220125798555,511.82221722581374,66181.999769850372,0.00178815722584872,0.005596448393076262,0.39786997420294812,0.12254068701781687,0.0054873327700062542,0.18864493004683203,0.0050507627227610596,0.0050507627227610596,0.0161904761904762
0.01037634814898593,528.31695184491809,66179.156900811926,0.0049379414880733668,0.0086779713312760461,0.0064039821135626141,0.32828403562727548,0.00021655946120365677,0.00015269791813052571,0.015152288168283151,0.015152288168283165,0.0161904761904762
0.0072069978051404861,529.14748930359826,66175.052993676683,-0.015608214512705791,-0.0050442618285800357,0.01895949895484815,0.31827057427246375,0.00018025601556093639,9.6760760553473948e-05,0.02525381361380527,0.025253813613805284,0.0161904761904762
0.01025784103046894,529.09632145398882,66108.120627435026,-0.0087913957512391529,-0.032084885899889476,0.016927965202474908,0.32567458166057317,0.00023793808839203256,0.00015822967950563684,0.035355339059327362,0.035355339059327376,0.0161904761904762
0.0050137111068847438,529.20028526816429,66112.278970647429,-0.00095968087958945582,-0.036215734956889623,0.016071283604868539,0.30646789999181945,0.00013978843203352388,5.9278188413752981e-05,0.045456864504849481,0.045456864504849495,0.0161904761904762
0.0048279605019918162,529.13565524979083,66112.570915449367,-0.0077599613710872279,-0.035077754311242992,0.011075628106681598,0.22273172575743061,9.7207991858531213e-05,4.7600848494794829e-05,0.055558389950371573,0.055558389950371587,0.0161904761904762
0.0058492483447554052,529.13049806954939,66112.021911216303,-0.012267923894678876,-0.034987606478434574,0.0059929728710522191,0.27919599315440718,0.00011274824201044051,6.2109059134369044e-05,0.065659915395893692,0.065659915395893706,0.0161904761904762
0.0071736824950771596,529.16269931771137,66112.551435531932,-0.01398766925933557,-0.032190450964946875,-0.0013393779210563778,0.3084607191306688,0.00013245258446130354,8.2560510453677085e-05,0.075761440841415784,0.075761440841415825,0.0161904761904762
0.0089171005823353196,529.25143821698225,66114.445271577351,-0.0116264447728912,-0.025606355940639407,-0.010136860924884085,0.26679831273948007,0.00014524615932488203,0.00010746721493544185,0.085862966286937903,0.085862966286937945,0.0161904761904762
0.011487044297481383,529.3943121172731,66116.413508266472,-0.0042560058161744364,-0.01538307554328444,-0.015038823212326047,0.18709428461556776,0.00013401376811097811,0.00013297898235856042,0.095964491732459994,0.095964491732460036,0.0161904761904762
0.0015379613555769761,529.27273514365095,66859.290780312789,0.0013743876701806984,0.0094385431813937704,0.0017802228155147772,0.042074339889595767,1.5051975557613764e-05,5.9668095378817829e-06,-0.095964491732460008,-0.09596449173246005,0.0080952380952380998
0.0032511300378629581,529.5673370405849,66858.31468947386,0.0068971975658295879,0.017607675212861659,-0.00047655380877835131,0.060767021411101151,3.2825601452537329e-05,1.8626904449789752e-05,-0.085862966286937903,-0.085862966286937931,0.0080952380952380998
0.003416417692655258,529.64052052083343,66857.187488744283,0.011056164885738759,0.022795742176527464,0.0021028087091071795,0.074990370720243837,3.7659062383350411e-05,2.0965523632857276e-05,-0.075761440841415797,-0.075761440841415825,0.0080952380952380998
0.0028893159510300038,529.61751897245654,66856.893984712224,0.011905342127147124,0.023247007090427495,0.0054283098739233088,0.070116670908387455,3.4297319302494818e-05,1.6920964858698916e-05,-0.065659915395893692,-0.06565991539589372,0.0080952380952380998
0.0025932807698131216,529.56364750141404,66857.418698113688,0.010883945009568676,0.020996961831477253,0.0071230484559117067,0.062523583128785212,3.2164655657005555e-05,1.4707504596012338e-05,-0.055558389950371587,-0.055558389950371607,0.0080952380952380998
0.0026825276430203458,529.48266605381582,66858.129307392141,0.0093319537054809311,0.017852489186362404,0.0073692912225042234,0.059315431060365208,3.3448319821092856e-05,1.5514270507912976e-05,-0.045456864504849481,-0.045456864504849495,0.0080952380952380998
0.004232449377835984,529.33132822379173,66857.793209711017,0.0088196305504690559,0.016537837529710324,0.0072977747291382384,0.11468692315981753,7.0935036365395068e-05,3.5646933036172294e-05,-0.035355339059327376,-0.03535533905932739,0.0080952380952380998
0.003730857974441133,529.24111021088538,66921.35520565926,0.015376505756293063,0.0075155029579984604,0.0047373450219368816,0.057894678664193566,3.6213619324576981e-05,2.2451464893022017e-05,-0.02525381361380527,-0.025253813613805284,0.0080952380952380998
0.0053364723937615998,529.07830769733835,66922.061601594382,0.00080259369740050713,0.011027545915416156,-0.0020875942479093783,0.27633841213673443,0.00013481717681805433,6.1962207434025917e-05,-0.015152288168283165,-0.015152288168283165,0.0080952380952380998
2.9298044770557992,511.12677843410444,66921.991074936872,-0.0069303394671711522,-0.0028116357989577167,0.4143688950107256,0.08407332238301965,0.0046252591170165714,0.19925382734846864,-0.0050507627227610596,-0.0050507627227610596,0.0080952380952380998
2.913978490151699,510.92750022058271,66921.865522552966,0.0039211273538451103,0.0054623666500970454,0.41278694694834256,0.084159368102399851,0.0045988208227366861,0.19761030397130253,0.0050507627227610596,0.0050507627227610596,0.0080952380952380998
0.0096499397770276191,528.04187317036281,66920.837034051903,0.011536329837793992,0.0073075252871969785,-0.00039152611109353536,0.28044293017031507,0.00018927912991551307,0.0001327626671036472,0.015152288168283151,0.015152288168283165,0.0080952380952380998
0.012605275049409748,528.74634335217274,66917.679845904655,-0.0061070658008249264,0.010289153172034894,0.0075898916152787573,0.14256760769284807,0.00020611555350492867,0.0001809704677758534,0.02525381361380527,0.025253813613805284,0.0080952380952380998
0.01282392418068583,529.11850777805432,66849.947167936087,-0.0097391235240376541,-0.028997418508222256,0.011862842175969796,0.23470932944921821,0.00020351634864753597,0.0001829450203556088,0.035355339059327362,0.035355339059327376,0.0080952380952380998
0.0052476457504121261,529.26579667880378,66855.001405654242,-0.00076898183651743287,-0.034894060362692915,0.0088316926717873969,0.22215334093407305,0.00011979810297320571,5.7436700057681763e-05,0.045456864504849481,0.045456864504849495,0.0080952380952380998
0.0044351052749101016,529.22937498455087,66855.090675546453,-0.0089297436477576066,-0.033884970632850821,0.005745985173891085,0.18121084233558882,7.5590181639887565e-05,3.8559964685439151e-05,0.055558389950371573,0.055558389950371587,0.0080952380952380998
0.0051560914518789377,529.23457706039926,66854.605974250342,-0.012768427527224353,-0.033873083209326596,0.0027764812410456872,0.24200863298512787,8.7073253873781709e-05,4.8113062185947179e-05,0.065659915395893692,0.065659915395893706,0.0080952380952380998
0.0062837433416699203,529.26451012837629,66855.27327277945,-0.013199337737371501,-0.031144587946981255,-0.0014034442974170847,0.25938755687912973,0.0001029585391863927,6.3760193157492049e-05,0.075761440841415784,0.075761440841415825,0.0080952380952380998
0.0075249930954470554,529.32420078733719,66857.193054086034,-0.0092645756189624878,-0.024243823494573769,-0.0061156453026543741,0.20304529908740246,0.00011066790407138125,7.9162034685798842e-05,0.085862966286937903,0.085862966286937945,0.0080952380952380998
0.0081054288554311543,529.38858266876002,66858.796462562299,-0.0012663141855690262,-0.014227904779492222,-0.0080685935209980648,0.13839822130310023,8.8210660028488323e-05,7.6126617602333569e-05,0.095964491732459994,0.095964491732460036,0.0080952380952380998
1.1609797745913375,508.66884988643005,67648.421810179163,-0.0049443016760058649,-0.0024343728350535183,0.53164730425460249,0.070160828788494209,0.0018356243908901676,0.049741234988522676,-0.0050507627227610596,-0.0050507627227610596,0
0.64939793829057468,508.56216331478919,67649.045934799593,0.0020461080920340653,0.0027750893803617327,0.58651271956880446,0.056161769032638267,0.0012932375934813392,0.02335339719461263,0.0050507627227610596,0.0050507627227610596,0
1.5360327301942751,526.88421632348786,67723.989624544556,0.0001708312015432966,9.1203195388411614e-05,-6.5479581449311084e-07,2.1076581925786701e-07,9.6767968329357108e-09,0.00015110063218111604,0.015152288168283151,0.015152288168283165,0
0.80407466050286203,529.30851397756464,67724.038483629804,1.9816055470784966e-05,-0.00011186572634269975,-1.0144692350937995e-07,6.4452957461206215e-08,2.9415889882189658e-09,4.3610129025153684e-05,0.095964491732459994,0.095964491732460036,0
17.782625436626464,525.68775130826475,50907.713668440862,0,0,0,7.4128126234874092e-06,3.4309293673080514e-07,0.010416019145629101,-0.065659915395893692,-0.06565991539589372,0.17000000000000001
99.181427607999026,520.70880849521336,50922.441473051222,0,0,0,4.6555256057022084e-08,1.0612492894969673e-05,0.3231015648769528,-0.02525381361380527,-0.025253813613805284,0.17000000000000001
146.76793940744236,518.9482054597139,50997.04408470526,0,0,0,9.9743164083902618e-08,2.2849263964009882e-05,0.70156401407246849,-0.015152288168283165,-0.015152288168283165,0.17000000000000001
57.434854898848016,524.98693447102323,50905.783887095364,0,0,0,7.8276130215308866e-05,3.6186643625535706e-06,0.10925710277347145,0.055558389950371573,0.055558389950371587,0.17000000000000001
45.632274503368791,525.63063810412791,50905.968757102586,0,0,0,4.9793983174852305e-05,2.2977416206176482e-06,0.069170786189761316,0.065659915395893692,0.065659915395893706,0.17000000000000001
0.41267292057200938,529.11042412228255,67724.556866244122,0,0,0,3.8909000664010587e-09,1.6561715869260277e-10,5.3107839786035001e-06,-0.095964491732460008,-0.09596449173246005,0
0.85360649534072164,529.29578471134971,67723.601374411097,0,0,0,1.1328494887721244e-08,6.056762868393546e-10,2.1007675310657245e-05,-0.085862966286937903,-0.085862966286937931,0
0.886059765927106,529.35505393955714,67722.603221044206,0,0,0,1.5553006797666837e-08,7.5708116756131922e-10,2.4380030142823571e-05,-0.075761440841415797,-0.075761440841415825,0
0.93044021139898148,529.3471330516436,67722.296137575817,0,0,0,1.6685046233237687e-08,8.1778663328212116e-10,2.660776983772735e-05,-0.065659915395893692,-0.06565991539589372,0
0.96890010295469453,529.29536034548357,67722.753803664469,0,0,0,1.8441284404987639e-08,8.9969125310015259e-10,2.9062016912590449e-05,-0.055558389950371587,-0.055558389950371607,0
0.89949477980788939,529.21420870681789,67723.402108080089,0,0,0,1.5031182122727629e-08,7.4561622674977609e-10,2.4561581246165298e-05,-0.045456864504849481,-0.045456864504849495,0
0.83132757168177662,529.08314892516762,67723.314442656483,0,0,0,1.7183914058307663e-08,7.6044878444702083e-10,2.2924885197245422e-05,-0.035355339059327376,-0.03535533905932739,0
1.5987224672277529,528.7640497400937,67724.328226196638,0,0,0,6.0211742044219409e-08,2.7933636348281054e-09,8.44961295012867e-05,-0.02525381361380527,-0.025253813613805284,0
2.3815842481421372,527.8208920876092,67725.439189597295,0,0,0,1.3547539143889931e-07,6.2628049905701024e-09,0.0001884735425787152,-0.015152288168283165,-0.015152288168283165,0
2.444340537613015,528.35621142748391,67720.990109215621,0,0,0,1.5719698836367003e-07,7.07056179962908e-09,0.00020553636499167738,0.02525381361380527,0.025253813613805284,0
3.599993994855629,529.24869748450612,67716.361831493283,0,0,0,3.5137476156144437e-07,1.4504080582249627e-08,0.00043355767463276854,0.035355339059327362,0.035355339059327376,0
1.8083619296727325,529.36548508678766,67720.211436449361,0,0,0,8.5207935249772381e-08,3.8298729999007551e-09,0.00011191222799499004,0.045456864504849481,0.045456864504849495,0
1.8703641712113044,529.37206271516288,67720.41790425402,0,0,0,8.5387523667322798e-08,3.921673265753474e-09,0.00011712831034122991,0.055558389950371573,0.055558389950371587,0
1.9857867961955473,529.37378963553806,67720.062738487657,0,0,0,9.6470138417486751e-08,4.4276935522429837e-09,0.00013213607314748355,0.065659915395893692,0.065659915395893706,0
2.1593579942245,529.37798878474348,67721.023189928106,0,0,0,1.1393986196296124e-07,5.2310927057275024e-09,0.00015617835967789761,0.075761440841415784,0.075761440841415825,0
2.1158523307408541,529.37155837467606,67723.124913035368,0,0,0,1.0984029815995593e-07,5.0363033153302883e-09,0.00015015551684198925,0.085862966286937903,0.085862966286937945,0
8.5518305461057142,532.76876685439504,50791.034234585961,0,0,0,1.8111974720953908e-06,8.2705383616120091e-08,0.0024593819253708642,-0.10606601717798211,-0.10606601717798216,0.17000000000000001
12.139705144848595,530.65687535142479,50793.445102650192,0,0,0,3.5933010086136731e-06,1.6495741658059507e-07,0.0049305351781701624,0.10606601717798211,0.10606601717798216,0.17000000000000001
12.363511486782775,532.05742713628342,51790.128241157974,0,0,0,3.8157454791210648e-06,1.7385526433780846e-07,0.005155084156321002,-0.10606601717798211,-0.10606601717798216,0.16190476190476191
16.118079254886293,530.31920468750343,51800.787817056029,0,0,0,6.4430653198468799e-06,2.9432066940702262e-07,0.0087442721988159281,0.10606601717798211,0.10606601717798216,0.16190476190476191
13.402233539870558,531.61711497432304,52536.21024864573,0,0,0,4.5171226662352153e-06,2.0540507276751683e-07,0.0060741115569345663,-0.10606601717798211,-0.10606601717798216,0.15380952380952381
16.0460895621259,530.27667982658886,52543.622230446133,0,0,0,6.451310331575103e-06,2.9383624587575067e-07,0.0086980499084717087,0.10606601717798211,0.10606601717798216,0.15380952380952381
12.522513274657323,531.52276039436231,53272.887714854034,0,0,0,3.9784355881275393e-06,1.8047146562195178e-07,0.0053198057358123064,-0.10606601717798211,-0.10606601717798216,0.14571428571428574
14.40066590481948,530.39828115578985,53273.519457198512,0,0,0,5.2371600039225191e-06,2.380103655169706e-07,0.0070255529373797277,0.10606601717798211,0.10606601717798216,0.14571428571428574
10.85048346951076,531.66783615743111,54004.048690837211,0,0,0,3.0150744239422405e-06,1.3642321966985012e-07,0.0040076818442600498,-0.10606601717798211,-0.10606601717798216,0.13761904761904764
11.832573558308871,530.64518446536272,54002.080808518069,0,0,0,3.5678527819910767e-06,1.6172670951881772e-07,0.0047585001598482854,0.10606601717798211,0.10606601717798216,0.13761904761904764
8.9850292212904446,531.99502713752224,54980.629909462747,0,0,0,2.0784318742375645e-06,9.3894609526910112e-08,0.0027532130789593699,-0.10606601717798211,-0.10606601717798216,0.12952380952380954
9.7477664564513251,531.137454136428,54980.169310963996,0,0,0,2.4229762968142599e-06,1.0980319707238e-07,0.0032300750130813526,0.10606601717798211,0.10606601717798216,0.12952380952380954
8.4278611769925664,532.32226718860636,55717.373610342227,0,0,0,1.822660155795507e-06,8.2423815926480126e-08,0.0024196008689171405,-0.10606601717798211,-0.10606601717798216,0.12142857142857144
9.1708784986560836,531.49951028722865,55717.560598263801,0,0,0,2.1462252429939074e-06,9.7235363286372433e-08,0.002859717020708081,0.10606601717798211,0.10606601717798216,0.12142857142857144
8.2245752456175403,532.56842348345742,56457.54181449407,0,0,0,1.7359054686568585e-06,7.8488306584858945e-08,0.0023041776397598572,-0.10606601717798211,-0.10606601717798216,0.11333333333333334
8.9346081561275579,531.77373610160328,56456.56521059497,0,0,0,2.0384603882965745e-06,9.2329725720032125e-08,0.0027148527760591022,0.10606601717798211,0.10606601717798216,0.11333333333333334
8.1890989819051487,532.67284932482926,57197.6197650088,0,0,0,1.718684028613492e-06,7.7734370184860195e-08,0.0022831932013410191,-0.10606601717798211,-0.10606601717798216,0.10523809523809526
8.8238302136158087,531.91202865364426,57196.873405791754,0,0,0,1.9894249468729391e-06,9.0086670013225558e-08,0.0026484233598406729,0.10606601717798211,0.10606601717798216,0.10523809523809526
8.1887014596516394,532.48416822867432,58184.382030129476,0,0,0,1.7143842077261195e-06,7.7597660490146787e-08,0.00228107388226601,-0.10606601717798211,-0.10606601717798216,0.097142857142857156
8.6817357526076151,531.72462127226765,58184.874848406704,0,0,0,1.9236985943502901e-06,8.7142977526340421e-08,0.002562847475504624,0.10606601717798211,0.10606601717798216,0.097142857142857156
8.122830998927574,531.93712902538573,58926.249757240155,0,0,0,1.6769030798975632e-06,7.6037525500785022e-08,0.0022398627386857909,-0.10606601717798211,-0.10606601717798216,0.089047619047619056
8.5256825089563346,531.2277915866083,58926.71975610745,0,0,0,1.8470010792121119e-06,8.3783380601359344e-08,0.0024677894070240245,0.10606601717798211,0.10606601717798216,0.089047619047619056
7.9727988326498664,531.37122061293405,59670.322122841615,0,0,0,1.606095231741584e-06,7.2958928161880598e-08,0.002153525550508551,-0.10606601717798211,-0.10606601717798216,0.080952380952380956
8.3192838626353449,530.69814748569809,59669.406534621703,0,0,0,1.7497709464924701e-06,7.9500444390503775e-08,0.002345690566433834,0.10606601717798211,0.10606601717798216,0.080952380952380956
7.7205191314869124,530.92924245921506,60413.806488226146,0,0,0,1.4996084594269284e-06,6.8216525621001192e-08,0.002016467847753326,-0.10606601717798211,-0.10606601717798216,0.07285714285714287
8.0587430979608712,530.27980095587418,60412.61866111133,0,0,0,1.633611008332214e-06,7.4337997212819717e-08,0.0021972159319511514,0.10606601717798211,0.10606601717798216,0.07285714285714287
7.3197169921593099,530.51758946733059,61404.818327642097,0,0,0,1.338239730249399e-06,6.100428960986008e-08,0.0018079003007307952,-0.10606601717798211,-0.10606601717798216,0.064761904761904757
7.6392102993837128,529.94073713641012,61404.523856230531,0,0,0,1.4596876023602303e-06,6.6538723093963455e-08,0.0019705420054273053,0.10606601717798211,0.10606601717798216,0.064761904761904757
6.9208475243634133,530.34198882146154,62149.84564076431,0,0,0,1.1935754974514599e-06,5.4457470840573745e-08,0.0016150575973003845,-0.10606601717798211,-0.10606601717798216,0.056666666666666671
7.2650297683516278,529.7910885666663,62148.962332565119,0,0,0,1.3148427939789488e-06,6.000380811321006e-08,0.001779618062063125,0.10606601717798211,0.10606601717798216,0.056666666666666671
6.4736361827932383,530.19217988755952,62896.470541276125,0,0,0,1.0399488164249315e-06,4.7510416735435218e-08,0.0014110509919840065,-0.10606601717798211,-0.10606601717798216,0.048571428571428571
6.8183674001707351,529.69268608775906,62893.520050450075,0,0,0,1.1537556895757846e-06,5.2720476018822374e-08,0.0015655612395733634,0.10606601717798211,0.10606601717798216,0.048571428571428571
5.8506063224930314,530.04963820598448,63641.434534216518,0,0,0,8.4714227407539212e-07,3.8727430423282942e-08,0.0011513575609906571,-0.10606601717798211,-0.10606601717798216,0.040476190476190499
6.2805999560219608,529.62839274138844,63638.085871946932,0,0,0,9.7476082970449347e-07,4.4598733225501425e-08,0.0013263629849753237,0.10606601717798211,0.10606601717798216,0.040476190476190499
4.4967455187706644,529.8948869097951,64632.348209692726,0,0,0,4.9821263913833091e-07,2.281146612314984e-08,0.00067916439483383002,-0.10606601717798211,-0.10606601717798216,0.032380952380952371
5.3552014935157413,529.56562693627563,64630.349985199289,0,0,0,7.0704461108158887e-07,3.2383485027350759e-08,0.00096369056805745092,0.10606601717798211,0.10606601717798216,0.032380952380952371
2.6324846913713738,529.68595545847609,65375.288378949423,0,0,0,1.7559882686290366e-07,8.0322160674832702e-09,0.00023593020528462383,-0.10606601717798211,-0.10606601717798216,0.024285714285714299
4.4764444295623447,529.51581513016254,65373.957397052662,0,0,0,4.9378376066315639e-07,2.2617329243152936e-08,0.00067321511414038856,0.10606601717798211,0.10606601717798216,0.024285714285714299
0.66727278706445059,529.34223910384083,66118.491533335284,0,0,0,8.1349878924579434e-09,4.1579478769575177e-10,1.3606390598243948e-05,-0.10606601717798211,-0.10606601717798216,0.0161904761904762
2.8338854972758356,529.42771504555219,66116.905293282733,0,0,0,2.0464199046399899e-07,9.3687525669070149e-09,0.00027429834246706227,0.10606601717798211,0.10606601717798216,0.0161904761904762
0.32943658685875205,528.96142622738205,66860.804414362035,0,0,0,3.7742449816632016e-09,1.5242976519995323e-10,4.0673048079843473e-06,-0.10606601717798211,-0.10606601717798216,0.0080952380952380998
0.70515544796715812,529.21849850034869,66859.417818329312,0,0,0,1.276851976663556e-08,5.8069440730696451e-10,1.6992555116066405e-05,0.10606601717798211,0.10606601717798216,0.0080952380952380998
1.5370406936130641,528.74968751242841,67637.321404015558,0,0,0,7.3494897288056206e-08,3.2881712020870261e-09,8.8137875197941571e-05,-0.10606601717798211,-0.10606601717798216,0
1.5934316630459788,529.02387862298963,67637.120109031865,0,0,0,6.0305237054958749e-08,2.7922617452950378e-09,8.4199886481052882e-05,0.10606601717798211,0.10606601717798216,0
