UB,LB,X,Y,Z
-3.8695807618673674,5.0005768244772275,-0.1499999999999999,0.0,0.0
-3.7570818805141437,5.998190807602266,-0.1499999999999999,0.0,0.0085
-171.1686503295327,172.89360440561242,-0.1499999999999999,0.0,0.0169999999999999
-168.8607846185667,170.73226126506466,-0.1499999999999999,0.0,0.0254999999999999
-150.45780782748267,153.2371969045647,-0.1499999999999999,0.0,0.034
-225.08176336979517,227.78318204916405,-0.1499999999999999,0.0,0.0425
-136.05614033061593,141.0081480682613,-0.1499999999999999,0.0,0.051
-186.54717599211645,191.49918372976182,-0.1499999999999999,0.0,0.0594999999999999
-25.85735486591511,35.953630171993574,-0.1499999999999999,0.0,0.068
-41.052805896087605,51.56626860942963,-0.1499999999999999,0.0,0.0764999999999999
-46.230891300503515,57.26939513049062,-0.1499999999999999,0.0,0.085
-46.68970288789197,58.15476441822614,-0.1499999999999999,0.0,0.0935
-39.59224540080278,51.61267019039366,-0.1499999999999999,0.0,0.102
-26.059588955052664,39.04199422685387,-0.1499999999999999,0.0,0.1105
-45.16871275718438,58.15111802898558,-0.1499999999999999,0.0,0.119
-64.4979883975646,78.8139617783745,-0.1499999999999999,0.0,0.1275
-111.00274135581796,127.01342323745544,-0.1499999999999999,0.0,0.136
-133.94483017010813,151.74471550873173,-0.1499999999999999,0.0,0.1445
-83.938995577816,103.09856086739737,-0.1499999999999999,0.0,0.153
-123.78484831231418,138.519967368123,-0.1499999999999999,0.0,0.1615
-1.993372150622366,16.728491206431187,-0.1499999999999999,0.0,0.17
-26.749689198254366,28.06488688650866,-0.135,0.0,0.0
0.0009786337367917973,0.005796746018626202,-0.135,0.0,0.0085
-0.0012229491978635525,0.006772769711375026,-0.135,0.0,0.0169999999999999
-0.0011204643706638762,0.008284580420393737,-0.135,0.0,0.0254999999999999
0.0037523928822751854,0.009064932158407951,-0.135,0.0,0.034
0.006554964580346592,0.010489693919865208,-0.135,0.0,0.0425
0.007023106256779999,0.01134732055653815,-0.135,0.0,0.051
0.006718343172209228,0.011652083641112653,-0.135,0.0,0.0594999999999999
0.00789265994394303,0.012055014833412646,-0.135,0.0,0.068
0.008923905715545001,0.012279873473195594,-0.135,0.0,0.0764999999999999
0.009342416964683735,0.012424939755686846,-0.135,0.0,0.085
0.008982913595830914,0.01290483590053684,-0.135,0.0,0.0935
0.009237249415585715,0.013018268265798345,-0.135,0.0,0.102
0.009671720187224222,0.01419431440510738,-0.135,0.0,0.1105
0.008584256688474517,0.015281777903857085,-0.135,0.0,0.119
0.010475039472503047,0.01729268171564715,-0.135,0.0,0.1275
0.013685603466710215,0.02195226160300976,-0.135,0.0,0.136
0.01993629119470549,0.02717744587955042,-0.135,0.0,0.1445
0.020677921479279757,0.03456054098367626,-0.135,0.0,0.153
0.010280918439739498,0.034454288977201264,-0.135,0.0,0.1615
0.019767553733931686,0.024967653683014117,-0.135,0.0,0.17
-83.30718484494831,85.54169769482526,-0.12,0.0,0.0
0.0010783822790313832,0.005700125641618617,-0.12,0.0,0.0085
0.00018402784199475497,0.006122575179599645,-0.12,0.0,0.0169999999999999
0.0008517557502368731,0.007119989849842526,-0.12,0.0,0.0254999999999999
0.004698097771593392,0.007686299733615209,-0.12,0.0,0.034
0.006487133723279104,0.008552530297355495,-0.12,0.0,0.0425
0.007189740492091287,0.009136879256585913,-0.12,0.0,0.051
0.006994582754185564,0.009332036994491637,-0.12,0.0,0.0594999999999999
0.00814684248603935,0.009643350628422651,-0.12,0.0,0.068
0.009154475610614481,0.00972818543472372,-0.12,0.0,0.0764999999999999
0.00943719826011294,0.00969963295712986,-0.12,0.0,0.085
0.009089731775969622,0.009395522485853378,-0.12,0.0,0.0935
0.00790254644865612,0.009419326999919474,-0.12,0.0,0.102
0.006913365979527032,0.00935979066678557,-0.12,0.0,0.1105
0.006601948892166002,0.009671207754146599,-0.12,0.0,0.119
0.006334260137921868,0.010528155632858931,-0.12,0.0,0.1275
0.009339606038815586,0.014031524230086412,-0.12,0.0,0.136
0.020019529202471343,0.023107166176181654,-0.12,0.0,0.1445
0.030601059913105792,0.040986665568974394,-0.12,0.0,0.153
0.011655711815291413,0.05722059961366298,-0.12,0.0,0.1615
0.027844852392148175,0.04103145903680622,-0.12,0.0,0.17
-793.0340075604842,798.0523180838601,-0.1060660171779821,-0.1060660171779821,0.0
-97.85474852086517,102.87305904424099,-0.1060660171779821,-0.1060660171779821,0.008095238095238
-56.32261523314193,59.31320150782675,-0.1060660171779821,-0.1060660171779821,0.0161904761904762
-91.77682594887688,95.05677145455707,-0.1060660171779821,-0.1060660171779821,0.0242857142857142
1.9366235568641628,7.17428682439648,-0.1060660171779821,-0.1060660171779821,0.0323809523809523
0.2641652277474904,10.149333535339167,-0.1060660171779821,-0.1060660171779821,0.0404761904761904
-9.250427250925352,19.663926014012013,-0.1060660171779821,-0.1060660171779821,0.0485714285714285
-15.472163989802011,26.878771970790517,-0.1060660171779821,-0.1060660171779821,0.0566666666666666
-12.370444437853267,24.80144596972881,-0.1060660171779821,-0.1060660171779821,0.0647619047619047
-10.464381629982817,23.894349642107812,-0.1060660171779821,-0.1060660171779821,0.0728571428571428
-6.779613920700586,21.047640003007782,-0.1060660171779821,-0.1060660171779821,0.0809523809523809
-9.834690681267833,24.102716763575028,-0.1060660171779821,-0.1060660171779821,0.089047619047619
-1.0124991585668743,16.086779824741175,-0.1060660171779821,-0.1060660171779821,0.0971428571428571
5.721546810489503,10.398899464679825,-0.1060660171779821,-0.1060660171779821,0.1052380952380952
5.926651522932797,11.678225364167478,-0.1060660171779821,-0.1060660171779821,0.1133333333333333
0.4933972579602237,19.312554526590816,-0.1060660171779821,-0.1060660171779821,0.1214285714285714
8.853319200362332,10.95263258418871,-0.1060660171779821,-0.1060660171779821,0.1295238095238095
9.065430685736517,13.50656679218469,-0.1060660171779821,-0.1060660171779821,0.1376190476190476
9.35527822437147,15.959240190539228,-0.1060660171779821,-0.1060660171779821,0.1457142857142857
12.716154264688141,14.128484926822667,-0.1060660171779821,-0.1060660171779821,0.1538095238095238
-0.12911581181168152,24.088119821902104,-0.1060660171779821,-0.1060660171779821,0.1619047619047619
-168.53311402663263,192.49211803672307,-0.1060660171779821,-0.1060660171779821,0.17
-11248.648856045322,11250.942983119607,-0.1060660171779821,0.1060660171779821,0.0
-2.722987236407647,7.911559555290369,-0.1060660171779821,0.1060660171779821,0.0089473684210526
-80.5713499742414,83.63032918520597,-0.1060660171779821,0.1060660171779821,0.0178947368421052
-78.40077278117374,82.30437840648187,-0.1060660171779821,0.1060660171779821,0.0268421052631579
4.371362152091493,5.40840797509323,-0.1060660171779821,0.1060660171779821,0.0357894736842105
5.351092538839425,5.710748250711723,-0.1060660171779821,0.1060660171779821,0.0447368421052631
5.3026349340189105,6.274769575391672,-0.1060660171779821,0.1060660171779821,0.0536842105263157
-0.4472508638766639,12.502846872830784,-0.1060660171779821,0.1060660171779821,0.0626315789473684
-7.435113618138349,20.051630390027974,-0.1060660171779821,0.1060660171779821,0.071578947368421
-10.768814613644622,24.08023660695762,-0.1060660171779821,0.1060660171779821,0.0805263157894736
-14.985074143931122,28.296496137244112,-0.1060660171779821,0.1060660171779821,0.0894736842105263
-7.470707188848905,21.627171830737907,-0.1060660171779821,0.1060660171779821,0.0984210526315789
0.15708677515124148,15.021100845028776,-0.1060660171779821,0.1060660171779821,0.1073684210526315
4.859055515777753,11.660575621671859,-0.1060660171779821,0.1060660171779821,0.1163157894736842
4.609365408989321,13.658578633551057,-0.1060660171779821,0.1060660171779821,0.1252631578947368
3.7021856384722076,16.872974403516814,-0.1060660171779821,0.1060660171779821,0.1342105263157895
6.015425702272437,16.92893677572134,-0.1060660171779821,0.1060660171779821,0.1431578947368421
-11.83780204012349,36.93281874760095,-0.1060660171779821,0.1060660171779821,0.1521052631578947
-39.76354898907345,63.0856060378805,-0.1060660171779821,0.1060660171779821,0.1610526315789473
-60.671210469819854,83.99326751862692,-0.1060660171779821,0.1060660171779821,0.17
-115.94545631801486,117.69806107673773,-0.105,0.0,0.0
0.0018206099219505783,0.005809294140503022,-0.105,0.0,0.0085
0.0015563919386466394,0.005671024682411561,-0.105,0.0,0.0169999999999999
0.0013916356341560016,0.006158810427918798,-0.105,0.0,0.0254999999999999
0.0032885210931048485,0.006414862446489352,-0.105,0.0,0.034
0.004528721288489303,0.007087460554815097,-0.105,0.0,0.0425
0.005355173982327595,0.0076574258937342045,-0.105,0.0,0.051
0.005137375417588852,0.007875224458472947,-0.105,0.0,0.0594999999999999
0.005994502233096964,0.008175251981045037,-0.105,0.0,0.068
0.006730137550051521,0.008232802805333879,-0.105,0.0,0.0764999999999999
0.006997653619416518,0.008191405331270083,-0.105,0.0,0.085
0.006461004053781886,0.008224038151669914,-0.105,0.0,0.0935
0.005613722507971643,0.007842497699958158,-0.105,0.0,0.102
0.004232806563632271,0.007473540604155129,-0.105,0.0,0.1105
0.004333460831563592,0.007372886336223807,-0.105,0.0,0.119
0.0026128197383210334,0.0074056430225549665,-0.105,0.0,0.1275
0.001606488264653191,0.008576604510390008,-0.105,0.0,0.136
0.004452239694336249,0.013733727828983952,-0.105,0.0,0.1445
0.03839596059713645,0.03910013970142933,-0.105,0.0,0.153
0.082227948394939,0.0839776638513702,-0.105,0.0,0.1615
-0.08165729661754022,0.13588500718275903,-0.105,0.0,0.17
-108.22602900859131,111.08270653858942,-0.09596449173246,-0.09596449173246,0.0
0.004220823179720304,0.008479532121863295,-0.09596449173246,-0.09596449173246,0.008095238095238
0.00046983998421751445,0.010067047454481486,-0.09596449173246,-0.09596449173246,0.0161904761904762
0.0037675117143645374,0.011181326171838262,-0.09596449173246,-0.09596449173246,0.0242857142857142
0.007522806782819517,0.011789212122809329,-0.09596449173246,-0.09596449173246,0.0323809523809523
0.010490712395776907,0.012036794361476092,-0.09596449173246,-0.09596449173246,0.0404761904761904
0.010540925894995268,0.01198658086225773,-0.09596449173246,-0.09596449173246,0.0485714285714285
0.011984013372349934,0.01297502190569337,-0.09596449173246,-0.09596449173246,0.0566666666666666
0.012069469166014929,0.014475624709030072,-0.09596449173246,-0.09596449173246,0.0647619047619047
0.012223795896568105,0.015177011944377825,-0.09596449173246,-0.09596449173246,0.0728571428571428
0.01245479588094311,0.015254801722191411,-0.09596449173246,-0.09596449173246,0.0809523809523809
0.013232351368650596,0.014477246234483807,-0.09596449173246,-0.09596449173246,0.089047619047619
0.013636504156633488,0.014113318667417513,-0.09596449173246,-0.09596449173246,0.0971428571428571
0.013634381368249331,0.01433681153615687,-0.09596449173246,-0.09596449173246,0.1052380952380952
0.014205201111669683,0.015120513485230318,-0.09596449173246,-0.09596449173246,0.1133333333333333
0.016587959571451292,0.016809572261768307,-0.09596449173246,-0.09596449173246,0.1214285714285714
0.015270887475434446,0.018126644357785153,-0.09596449173246,-0.09596449173246,0.1295238095238095
0.01983665982499747,0.023322334059688633,-0.09596449173246,-0.09596449173246,0.1376190476190476
0.028842239822433606,0.0318691091639406,-0.09596449173246,-0.09596449173246,0.1457142857142857
0.03956810896270483,0.04135153313817517,-0.09596449173246,-0.09596449173246,0.1538095238095238
0.04084667072731817,0.046534898216577227,-0.09596449173246,-0.09596449173246,0.1619047619047619
0.022453602646987637,0.06492796629690777,-0.09596449173246,-0.09596449173246,0.17
-23.362178090135174,24.75356230732354,-0.0949011732645103,0.0949011732645103,0.0
0.0071815313897370696,0.007621124247806066,-0.0949011732645103,0.0949011732645103,0.0089473684210526
0.004763252024862779,0.00788913590063622,-0.0949011732645103,0.0949011732645103,0.0178947368421052
0.0058343353661937224,0.009416923863207478,-0.0949011732645103,0.0949011732645103,0.0268421052631579
0.007771220560247876,0.010344850691189582,-0.0949011732645103,0.0949011732645103,0.0357894736842105
0.008813550039080062,0.010979229600853138,-0.0949011732645103,0.0949011732645103,0.0447368421052631
0.00947166098890135,0.011422340097359252,-0.0949011732645103,0.0949011732645103,0.0536842105263157
0.01043699193304641,0.01168743956647383,-0.0949011732645103,0.0949011732645103,0.0626315789473684
0.011781995650126602,0.011968769062468253,-0.0949011732645103,0.0949011732645103,0.071578947368421
0.01200870636380945,0.01373072332498555,-0.0949011732645103,0.0949011732645103,0.0805263157894736
0.012038553569926605,0.013700876118869795,-0.0949011732645103,0.0949011732645103,0.0894736842105263
0.012500515027120344,0.015367562231064256,-0.0949011732645103,0.0949011732645103,0.0984210526315789
0.012777480503432878,0.017037944990774524,-0.0949011732645103,0.0949011732645103,0.1073684210526315
0.013302672375639193,0.017990221652072404,-0.0949011732645103,0.0949011732645103,0.1163157894736842
0.014297021397298793,0.018422194135572216,-0.0949011732645103,0.0949011732645103,0.1252631578947368
0.016573561986379697,0.019790784841757145,-0.0949011732645103,0.0949011732645103,0.1342105263157895
0.023299539501763777,0.023694505816444486,-0.0949011732645103,0.0949011732645103,0.1431578947368421
0.032631564105467095,0.03426007221091121,-0.0949011732645103,0.0949011732645103,0.1521052631578947
0.03321611669645162,0.04552693540707689,-0.0949011732645103,0.0949011732645103,0.1610526315789473
0.03390349517528429,0.04483955692824426,-0.0949011732645103,0.0949011732645103,0.17
-125.21613137351355,127.48511630107316,-0.0899999999999999,0.0,0.0
0.001375764573313138,0.006017570720682062,-0.0899999999999999,0.0,0.0085
0.001959218597025728,0.005414272694028672,-0.0899999999999999,0.0,0.0169999999999999
0.001971215307011268,0.005434531371833732,-0.0899999999999999,0.0,0.0254999999999999
0.002532518379967371,0.005788336765833629,-0.0899999999999999,0.0,0.034
0.003838281865845549,0.005932662126868051,-0.0899999999999999,0.0,0.0425
0.004698628150033133,0.006418226818643867,-0.0899999999999999,0.0,0.051
0.0044973645531478194,0.006619490415529181,-0.0899999999999999,0.0,0.0594999999999999
0.005279664865596412,0.006926907525390588,-0.0899999999999999,0.0,0.068
0.005885808325159795,0.007050112390314005,-0.0899999999999999,0.0,0.0764999999999999
0.006081292583861246,0.007064995489609753,-0.0899999999999999,0.0,0.085
0.005847936022326762,0.006896339015726439,-0.0899999999999999,0.0,0.0935
0.005196256358095776,0.006585622154820825,-0.0899999999999999,0.0,0.102
0.0038623495770461385,0.0066449761785650615,-0.0899999999999999,0.0,0.1105
0.004016260855302611,0.006491064900308589,-0.0899999999999999,0.0,0.119
0.003007599863828125,0.0064172138715228744,-0.0899999999999999,0.0,0.1275
0.0022962301219177903,0.007181860764951611,-0.0899999999999999,0.0,0.136
0.004213384523203667,0.010715042971742533,-0.0899999999999999,0.0,0.1445
0.027363464999834938,0.03563108455155305,-0.0899999999999999,0.0,0.153
0.1191023055316889,0.12176227338871648,-0.0899999999999999,0.0,0.1615
-8404.57077806376,8448.549284159886,-0.0899999999999999,0.0,0.17
-179.39294586988947,182.14568132981597,-0.0858629662869379,-0.0858629662869379,0.0
0.0022214855538831087,0.0076464787601564915,-0.0858629662869379,-0.0858629662869379,0.008095238095238
0.0019163860527103712,0.008110562233237029,-0.0858629662869379,-0.0858629662869379,0.0161904761904762
0.004692630708705925,0.008478984000257875,-0.0858629662869379,-0.0858629662869379,0.0242857142857142
0.007642375697495725,0.008681657875790477,-0.0858629662869379,-0.0858629662869379,0.0323809523809523
0.008709223297734553,0.009897833646750448,-0.0858629662869379,-0.0858629662869379,0.0404761904761904
0.008606611942497925,0.010000445001987076,-0.0858629662869379,-0.0858629662869379,0.0485714285714285
0.008472187684703515,0.011705939421287684,-0.0858629662869379,-0.0858629662869379,0.0566666666666666
0.008297878089378104,0.012686981380891096,-0.0858629662869379,-0.0858629662869379,0.0647619047619047
0.007890667603427144,0.012864048121092654,-0.0858629662869379,-0.0858629662869379,0.0728571428571428
0.007450734597071415,0.011834482785008383,-0.0858629662869379,-0.0858629662869379,0.0809523809523809
0.007300858705339584,0.011984358676740215,-0.0858629662869379,-0.0858629662869379,0.089047619047619
0.007040943914883205,0.009718735303304995,-0.0858629662869379,-0.0858629662869379,0.0971428571428571
0.006763207835490083,0.007128789831450118,-0.0858629662869379,-0.0858629662869379,0.1052380952380952
0.004376087059978495,0.0072739943516027025,-0.0858629662869379,-0.0858629662869379,0.1133333333333333
0.0036739793680529704,0.00796076189575023,-0.0858629662869379,-0.0858629662869379,0.1214285714285714
0.0037589001404285953,0.007875841123374605,-0.0858629662869379,-0.0858629662869379,0.1295238095238095
0.005724387198210825,0.012676586209542375,-0.0858629662869379,-0.0858629662869379,0.1376190476190476
0.01803482174731142,0.026694521698379978,-0.0858629662869379,-0.0858629662869379,0.1457142857142857
0.04633852768446402,0.049642919671244776,-0.0858629662869379,-0.0858629662869379,0.1538095238095238
0.06299840337573633,0.06614090054139467,-0.0858629662869379,-0.0858629662869379,0.1619047619047619
0.04306063479380619,0.0860786691233248,-0.0858629662869379,-0.0858629662869379,0.17
-75.42682915147903,77.06585289113981,-0.0837363293510385,0.0837363293510385,0.0
0.005698218272213786,0.006670339367270789,-0.0837363293510385,0.0837363293510385,0.0089473684210526
0.003837517308142367,0.0067216262198234325,-0.0837363293510385,0.0837363293510385,0.0178947368421052
0.004717198759733756,0.007709809161586043,-0.0837363293510385,0.0837363293510385,0.0268421052631579
0.006519416811909815,0.008635107422373186,-0.0837363293510385,0.0837363293510385,0.0357894736842105
0.007948278876543216,0.009012310927299184,-0.0837363293510385,0.0837363293510385,0.0447368421052631
0.00871016560236812,0.00941079959553848,-0.0837363293510385,0.0837363293510385,0.0536842105263157
0.00942819535102729,0.009642635056413112,-0.0837363293510385,0.0837363293510385,0.0626315789473684
0.009632177315967619,0.01035307432244998,-0.0837363293510385,0.0837363293510385,0.071578947368421
0.009655621340376083,0.011049247453727118,-0.0837363293510385,0.0837363293510385,0.0805263157894736
0.009520412086298825,0.011184456707804376,-0.0837363293510385,0.0837363293510385,0.0894736842105263
0.00930096463396155,0.01163811973449185,-0.0837363293510385,0.0837363293510385,0.0984210526315789
0.009001398603245187,0.011342687679646614,-0.0837363293510385,0.0837363293510385,0.1073684210526315
0.00867635489586075,0.010111671129617252,-0.0837363293510385,0.0837363293510385,0.1163157894736842
0.008221116680764796,0.008732024359373002,-0.0837363293510385,0.0837363293510385,0.1252631578947368
0.00700359480296466,0.00961494272222794,-0.0837363293510385,0.0837363293510385,0.1342105263157895
0.011006382007530293,0.015143729196148108,-0.0837363293510385,0.0837363293510385,0.1431578947368421
0.033233306735475185,0.038173204353641216,-0.0837363293510385,0.0837363293510385,0.1521052631578947
0.04730801983015471,0.0659916439676807,-0.0837363293510385,0.0837363293510385,0.1610526315789473
0.042524844458505094,0.0707748193393303,-0.0837363293510385,0.0837363293510385,0.17
-231.93192362109343,232.98080826722182,-0.0757614408414158,-0.0757614408414158,0.0
0.001381321635716454,0.006928476401420945,-0.0757614408414158,-0.0757614408414158,0.008095238095238
0.0021321648996031986,0.006913876485812001,-0.0757614408414158,-0.0757614408414158,0.0161904761904762
0.00409598176740156,0.007111036089163642,-0.0757614408414158,-0.0757614408414158,0.0242857142857142
0.006433635079671009,0.00727716822151679,-0.0757614408414158,-0.0757614408414158,0.0323809523809523
0.007334499074354388,0.00828057705134221,-0.0757614408414158,-0.0757614408414158,0.0404761904761904
0.007248987620000684,0.008366088505695915,-0.0757614408414158,-0.0757614408414158,0.0485714285714285
0.00705719581278506,0.00988072915936674,-0.0757614408414158,-0.0757614408414158,0.0566666666666666
0.006834622228157617,0.010755331512711384,-0.0757614408414158,-0.0757614408414158,0.0647619047619047
0.006397192182337535,0.010965055121752066,-0.0757614408414158,-0.0757614408414158,0.0728571428571428
0.005974246410005303,0.010126862025165696,-0.0757614408414158,-0.0757614408414158,0.0809523809523809
0.005742752165026824,0.010358356270144175,-0.0757614408414158,-0.0757614408414158,0.089047619047619
0.005409103325452204,0.008687099158025596,-0.0757614408414158,-0.0757614408414158,0.0971428571428571
0.005164801066811414,0.006627616149618586,-0.0757614408414158,-0.0757614408414158,0.1052380952380952
0.0043594924485610646,0.0051238132982873354,-0.0757614408414158,-0.0757614408414158,0.1133333333333333
0.0024320619460139617,0.0051475468619678385,-0.0757614408414158,-0.0757614408414158,0.1214285714285714
0.0019124365555566862,0.005667172252425114,-0.0757614408414158,-0.0757614408414158,0.1295238095238095
0.0010367330638366553,0.006676474701146944,-0.0757614408414158,-0.0757614408414158,0.1376190476190476
0.006547514411616251,0.015029869754297353,-0.0757614408414158,-0.0757614408414158,0.1457142857142857
0.04785207135315824,0.06978045753136636,-0.0757614408414158,-0.0757614408414158,0.1538095238095238
0.09250373170901732,0.1793114777132327,-0.0757614408414158,-0.0757614408414158,0.1619047619047619
0.031438384017367704,0.1440354936243703,-0.0757614408414158,-0.0757614408414158,0.17
-191.8588025141394,192.83916776157346,-0.0749999999999999,0.0,0.0
0.0006561283484286368,0.006095823212384364,-0.0749999999999999,0.0,0.0085
0.0017073355703764537,0.005342373642077147,-0.0749999999999999,0.0,0.0169999999999999
0.002371233405935256,0.005084017652069544,-0.0749999999999999,0.0,0.0254999999999999
0.0027274085382522142,0.0051178406973419865,-0.0749999999999999,0.0,0.034
0.0029373406094641715,0.005264401666135628,-0.0749999999999999,0.0,0.0425
0.003335538102765855,0.0052217119177607445,-0.0749999999999999,0.0,0.051
0.003223168137570305,0.005334081882956295,-0.0749999999999999,0.0,0.0594999999999999
0.0034246822536724486,0.005489523589081551,-0.0749999999999999,0.0,0.068
0.003654999929699853,0.005583624351388147,-0.0749999999999999,0.0,0.0764999999999999
0.0037836566212548573,0.0056115364558241435,-0.0749999999999999,0.0,0.085
0.0037845182047344652,0.005570198128926135,-0.0749999999999999,0.0,0.0935
0.003688954686131996,0.005468672885847004,-0.0749999999999999,0.0,0.102
0.0035526589515487033,0.005386206818503098,-0.0749999999999999,0.0,0.1105
0.0035128956685790778,0.005425970101472723,-0.0749999999999999,0.0,0.119
0.002847956155092835,0.0060008279018551654,-0.0749999999999999,0.0,0.1275
0.0022271678725551127,0.006897726937741687,-0.0749999999999999,0.0,0.136
0.003044587278735897,0.009755808855288704,-0.0749999999999999,0.0,0.1445
0.03132317036132872,0.03558038332261188,-0.0749999999999999,0.0,0.153
0.17150747354653467,0.2107704228394343,-0.0749999999999999,0.0,0.1615
-98.18278866605496,153.81165004322932,-0.0749999999999999,0.0,0.17
-93.67091511181053,95.42511882690368,-0.0725714854375667,0.0725714854375667,0.0
0.004651430939040028,0.006502273946094973,-0.0725714854375667,0.0725714854375667,0.0089473684210526
0.004142606697192132,0.005896694849452069,-0.0725714854375667,0.0725714854375667,0.0178947368421052
0.004197434088110123,0.006383237836133678,-0.0725714854375667,0.0725714854375667,0.0268421052631579
0.0050159028432138954,0.007179889763236105,-0.0725714854375667,0.0725714854375667,0.0357894736842105
0.006478913431949555,0.007614459335793845,-0.0725714854375667,0.0725714854375667,0.0447368421052631
0.007503192059871165,0.008159619602082236,-0.0725714854375667,0.0725714854375667,0.0536842105263157
0.00827831139388058,0.00849628309309382,-0.0725714854375667,0.0725714854375667,0.0626315789473684
0.008533037969189358,0.008928552479018442,-0.0725714854375667,0.0725714854375667,0.071578947368421
0.008573267109076663,0.009120531026799935,-0.0725714854375667,0.0725714854375667,0.0805263157894736
0.008477526775037996,0.009216271360838602,-0.0725714854375667,0.0725714854375667,0.0894736842105263
0.008265348171297777,0.00918052911410722,-0.0725714854375667,0.0725714854375667,0.0984210526315789
0.007979871869699728,0.008735994620701872,-0.0725714854375667,0.0725714854375667,0.1073684210526315
0.007651441409977187,0.008012084976557211,-0.0725714854375667,0.0725714854375667,0.1163157894736842
0.006936652701013924,0.007548038862246677,-0.0725714854375667,0.0725714854375667,0.1252631578947368
0.005823088304207372,0.007754622247620028,-0.0725714854375667,0.0725714854375667,0.1342105263157895
0.007742085724442328,0.010656060858444068,-0.0725714854375667,0.0725714854375667,0.1431578947368421
0.025987416779962604,0.04151549937855599,-0.0725714854375667,0.0725714854375667,0.1521052631578947
0.08614426808984124,0.12733500853017296,-0.0725714854375667,0.0725714854375667,0.1610526315789473
0.0031029466336198047,0.1930464045085098,-0.0725714854375667,0.0725714854375667,0.17
-150.39037201000923,152.61496756461156,-0.0656599153958936,-0.0656599153958937,0.0
0.002026500612083947,0.006321767927454853,-0.0656599153958936,-0.0656599153958937,0.008095238095238
0.002746714233262853,0.006031337375872747,-0.0656599153958936,-0.0656599153958937,0.0161904761904762
0.0034980506024260543,0.006111269962131545,-0.0656599153958936,-0.0656599153958937,0.0242857142857142
0.005241866452946885,0.006263130754892315,-0.0656599153958936,-0.0656599153958937,0.0323809523809523
0.006365237783512077,0.006956485819167522,-0.0656599153958936,-0.0656599153958937,0.0404761904761904
0.006377590874422849,0.0076003294312075535,-0.0656599153958936,-0.0656599153958937,0.0485714285714285
0.006283340903708825,0.008839392489048374,-0.0656599153958936,-0.0656599153958937,0.0566666666666666
0.0061004986669686,0.008731706072728801,-0.0656599153958936,-0.0656599153958937,0.0647619047619047
0.005812487182057502,0.0090534728295373,-0.0656599153958936,-0.0656599153958937,0.0728571428571428
0.005611749155961,0.0086140336555514,-0.0656599153958936,-0.0656599153958937,0.0809523809523809
0.005269464712360208,0.008956318099152193,-0.0656599153958936,-0.0656599153958937,0.089047619047619
0.004973023440306966,0.008034910615004635,-0.0656599153958936,-0.0656599153958937,0.0971428571428571
0.004636103847202679,0.006763135321673922,-0.0656599153958936,-0.0656599153958937,0.1052380952380952
0.004418500748445702,0.0051178925682484975,-0.0656599153958936,-0.0656599153958937,0.1133333333333333
0.0034143960451040356,0.004414136282887163,-0.0656599153958936,-0.0656599153958937,0.1214285714285714
0.0031668141669262883,0.004661718161064911,-0.0656599153958936,-0.0656599153958937,0.1295238095238095
0.00120714438793152,0.00591296637287368,-0.0656599153958936,-0.0656599153958937,0.1376190476190476
-0.0012284611324248056,0.011099430352014005,-0.0656599153958936,-0.0656599153958937,0.1457142857142857
-0.013277675957689604,0.039840787525025005,-0.0656599153958936,-0.0656599153958937,0.1538095238095238
0.11868660220260341,0.1565826605412936,-0.0656599153958936,-0.0656599153958937,0.1619047619047619
-171423.77783100202,171457.3321797062,-0.0656599153958936,-0.0656599153958937,0.17
-55.65928957200239,60.68952459387431,-0.0614066415240949,0.0614066415240949,0.0
0.0071989195820824,0.008662436245745666,-0.0614066415240949,0.0614066415240949,0.0089473684210526
0.006323500253672797,0.008870289873221802,-0.0614066415240949,0.0614066415240949,0.0178947368421052
0.005721444747512806,0.008823101320092393,-0.0614066415240949,0.0614066415240949,0.0268421052631579
0.005974163036349893,0.008196858500154508,-0.0614066415240949,0.0614066415240949,0.0357894736842105
0.006355765781892874,0.007783080409173726,-0.0614066415240949,0.0614066415240949,0.0447368421052631
0.00675088266865898,0.0076204868521930185,-0.0614066415240949,0.0614066415240949,0.0536842105263157
0.007056925742202001,0.007762124226708998,-0.0614066415240949,0.0614066415240949,0.0626315789473684
0.007216551537178265,0.007925670877702934,-0.0614066415240949,0.0614066415240949,0.071578947368421
0.007262847945371201,0.0080236056354944,-0.0614066415240949,0.0614066415240949,0.0805263157894736
0.007240786569859633,0.008045667011005966,-0.0614066415240949,0.0614066415240949,0.0894736842105263
0.007155728389815154,0.007983569370612845,-0.0614066415240949,0.0614066415240949,0.0984210526315789
0.006994502490848929,0.00774271876871967,-0.0614066415240949,0.0614066415240949,0.1073684210526315
0.00683133531759811,0.007302921424768891,-0.0614066415240949,0.0614066415240949,0.1163157894736842
0.00652846656522279,0.006917478617223811,-0.0614066415240949,0.0614066415240949,0.1252631578947368
0.0056199089695127095,0.007136679997600691,-0.0614066415240949,0.0614066415240949,0.1342105263157895
0.0036146724550781147,0.009039724013211885,-0.0614066415240949,0.0614066415240949,0.1431578947368421
0.0006979792046064859,0.021348756407999714,-0.0614066415240949,0.0614066415240949,0.1521052631578947
0.07718449879163089,0.11408854850007932,-0.0614066415240949,0.0614066415240949,0.1610526315789473
-36739.39884361044,36782.12242315187,-0.0614066415240949,0.0614066415240949,0.17
-106.5401222516809,109.55897300397162,-0.0599999999999999,0.0,0.0
0.0028831443316373823,0.006175949528992018,-0.0599999999999999,0.0,0.0085
0.0029733044007919825,0.0050534498100000165,-0.0599999999999999,0.0,0.0169999999999999
0.0031945370641104165,0.004905491327335184,-0.0599999999999999,0.0,0.0254999999999999
0.003421783004154149,0.004839136949740051,-0.0599999999999999,0.0,0.034
0.0038213913938817115,0.004825807010328487,-0.0599999999999999,0.0,0.0425
0.0041777576832985035,0.004827313181189497,-0.0599999999999999,0.0,0.051
0.004341333708946188,0.004757638305697612,-0.0599999999999999,0.0,0.0594999999999999
0.004534043268595944,0.004783832580859456,-0.0599999999999999,0.0,0.068
0.00448902386109292,0.0047935636163040805,-0.0599999999999999,0.0,0.0764999999999999
0.0044236650410477045,0.004794616341605496,-0.0599999999999999,0.0,0.085
0.004346565726283032,0.0047939154421983675,-0.0599999999999999,0.0,0.0935
0.004224946775470536,0.004842696820022664,-0.0599999999999999,0.0,0.102
0.0038916699360558617,0.005109999906569539,-0.0599999999999999,0.0,0.1105
0.003421170211801882,0.0055804996308235185,-0.0599999999999999,0.0,0.119
0.002864547588053038,0.006090624671554562,-0.0599999999999999,0.0,0.1275
0.0013019005782496595,0.00789971178080134,-0.0599999999999999,0.0,0.136
-0.0005556803387344843,0.010065311793027084,-0.0599999999999999,0.0,0.1445
-0.012404760150220356,0.033210271287253755,-0.0599999999999999,0.0,0.153
0.14820723310885875,0.23986069312768765,-0.0599999999999999,0.0,0.1615
-370.0196088421093,444.0491637972651,-0.0599999999999999,0.0,0.17
-170.56286085689757,173.22198759954657,-0.0555583899503715,-0.0555583899503716,0.0
0.0022703310027885563,0.005780676084901244,-0.0555583899503715,-0.0555583899503716,0.008095238095238
0.0026246592588882738,0.005338900894052529,-0.0555583899503715,-0.0555583899503716,0.0161904761904762
0.0028362856093087927,0.005370663367283607,-0.0555583899503715,-0.0555583899503716,0.0242857142857142
0.00360318904893972,0.0054964506350578795,-0.0555583899503715,-0.0555583899503716,0.0323809523809523
0.004737802988880462,0.0056183982345955384,-0.0555583899503715,-0.0555583899503716,0.0404761904761904
0.005385943489341595,0.005647400870090005,-0.0555583899503715,-0.0555583899503716,0.0485714285714285
0.0055659175122625,0.0065668054582507,-0.0555583899503715,-0.0555583899503716,0.0566666666666666
0.005444910224411707,0.006499029721010293,-0.0555583899503715,-0.0555583899503716,0.0647619047619047
0.005304283868399368,0.006838071060572833,-0.0555583899503715,-0.0555583899503716,0.0728571428571428
0.005021173558752245,0.006925306038093955,-0.0555583899503715,-0.0555583899503716,0.0809523809523809
0.004794742277188508,0.007151737319657693,-0.0555583899503715,-0.0555583899503716,0.089047619047619
0.004515913025210314,0.006720446176119486,-0.0555583899503715,-0.0555583899503716,0.0971428571428571
0.004200549154674919,0.005917706626743481,-0.0555583899503715,-0.0555583899503716,0.1052380952380952
0.003980512113103543,0.004925624569503256,-0.0555583899503715,-0.0555583899503716,0.1133333333333333
0.003926256339989634,0.004100782501999766,-0.0555583899503715,-0.0555583899503716,0.1214285714285714
0.0037354452370876685,0.004291593604901732,-0.0555583899503715,-0.0555583899503716,0.1295238095238095
0.0021978948792317253,0.005373286253158475,-0.0555583899503715,-0.0555583899503716,0.1376190476190476
0.001175517459073008,0.009301717701372992,-0.0555583899503715,-0.0555583899503716,0.1457142857142857
-0.0082644603136076,0.0417920304247206,-0.0555583899503715,-0.0555583899503716,0.1538095238095238
0.16255288199257598,0.20717856563349543,-0.0555583899503715,-0.0555583899503716,0.1619047619047619
-90571.45763015549,90692.11898728332,-0.0555583899503715,-0.0555583899503716,0.17
-57.52418218577784,63.71862736546907,-0.0502417976106231,0.0502417976106231,0.0
0.00834561579248454,0.01282004661847146,-0.0502417976106231,0.0502417976106231,0.0089473684210526
0.007289341133051421,0.011100562875248979,-0.0502417976106231,0.0502417976106231,0.0178947368421052
0.006742566853691131,0.010365453538196269,-0.0502417976106231,0.0502417976106231,0.0268421052631579
0.006466579857303233,0.00990002219373537,-0.0502417976106231,0.0502417976106231,0.0357894736842105
0.0064399846296351905,0.009690152503879411,-0.0502417976106231,0.0502417976106231,0.0447368421052631
0.006522496818689113,0.009308283195443487,-0.0502417976106231,0.0502417976106231,0.0536842105263157
0.00668178793396327,0.008441052014824129,-0.0502417976106231,0.0502417976106231,0.0626315789473684
0.006687757677376506,0.008155352776140892,-0.0502417976106231,0.0502417976106231,0.071578947368421
0.006721775045382346,0.0077680317441426545,-0.0502417976106231,0.0502417976106231,0.0805263157894736
0.00676613713597111,0.00772366965355389,-0.0502417976106231,0.0502417976106231,0.0894736842105263
0.00667877576198692,0.0073843395371480805,-0.0502417976106231,0.0502417976106231,0.0984210526315789
0.006536322809435677,0.007041417609035122,-0.0502417976106231,0.0502417976106231,0.1073684210526315
0.006459593658433031,0.00657833616036757,-0.0502417976106231,0.0502417976106231,0.1163157894736842
0.005693805314858102,0.006821968727739298,-0.0502417976106231,0.0502417976106231,0.1252631578947368
0.0050036749978997885,0.007161553918562611,-0.0502417976106231,0.0502417976106231,0.1342105263157895
0.003456368642298391,0.008761723993741009,-0.0502417976106231,0.0502417976106231,0.1431578947368421
0.001064099410724573,0.02052242876769203,-0.0502417976106231,0.0502417976106231,0.1521052631578947
0.10072564229752597,0.15945525196894267,-0.0502417976106231,0.0502417976106231,0.1610526315789473
-243.48786995620344,300.95446251154294,-0.0502417976106231,0.0502417976106231,0.17
-189.08841844649712,192.0709193746471,-0.0454568645048494,-0.0454568645048494,0.0
0.002339088914829192,0.0053947633124746186,-0.0454568645048494,-0.0454568645048494,0.008095238095238
0.0026659905695672137,0.004890289661761586,-0.0454568645048494,-0.0454568645048494,0.0161904761904762
0.0028905538518131354,0.004860958047108465,-0.0454568645048494,-0.0454568645048494,0.0242857142857142
0.0032559592905459667,0.004949116352578234,-0.0454568645048494,-0.0454568645048494,0.0323809523809523
0.0036444781234182743,0.0050221766566357256,-0.0454568645048494,-0.0454568645048494,0.0404761904761904
0.0038788788997268886,0.00503989493410191,-0.0454568645048494,-0.0454568645048494,0.0485714285714285
0.004340294680516765,0.0050096806592158346,-0.0454568645048494,-0.0454568645048494,0.0566666666666666
0.00456754113345135,0.00493737557716745,-0.0454568645048494,-0.0454568645048494,0.0647619047619047
0.0047100636561479385,0.004914085980552461,-0.0454568645048494,-0.0454568645048494,0.0728571428571428
0.004534543240283279,0.005013261883210122,-0.0454568645048494,-0.0454568645048494,0.0809523809523809
0.004397834843505991,0.005149970279987409,-0.0454568645048494,-0.0454568645048494,0.089047619047619
0.004212479755817165,0.005038463336467435,-0.0454568645048494,-0.0454568645048494,0.0971428571428571
0.003986147155802026,0.004842794239585974,-0.0454568645048494,-0.0454568645048494,0.1052380952380952
0.003872083930099515,0.004535319626670685,-0.0454568645048494,-0.0454568645048494,0.1133333333333333
0.003800843633599741,0.00424422420854866,-0.0454568645048494,-0.0454568645048494,0.1214285714285714
0.00388159097861057,0.004163476863537831,-0.0454568645048494,-0.0454568645048494,0.1295238095238095
0.0018741504975865312,0.005684217916098069,-0.0454568645048494,-0.0454568645048494,0.1376190476190476
0.00031525924846637597,0.009203932085713224,-0.0454568645048494,-0.0454568645048494,0.1457142857142857
-0.013619307302433412,0.04509527334577633,-0.0454568645048494,-0.0454568645048494,0.1538095238095238
0.22564404415991424,0.27134177841471163,-0.0454568645048494,-0.0454568645048494,0.1619047619047619
-175118.9685647579,175193.79568738665,-0.0454568645048494,-0.0454568645048494,0.17
-14.777125475830468,21.308140152559577,-0.0449999999999999,0.0,0.0
0.0066274537718304626,0.008134525019417938,-0.0449999999999999,0.0,0.0085
0.0057388357914318604,0.0076922619647803395,-0.0449999999999999,0.0,0.0169999999999999
0.005300493365296038,0.0070831812295283625,-0.0449999999999999,0.0,0.0254999999999999
0.0051166029543819195,0.006717189811466081,-0.0449999999999999,0.0,0.034
0.004901307933766398,0.0058220810949760025,-0.0449999999999999,0.0,0.0425
0.004789920041848698,0.004974651840520502,-0.0449999999999999,0.0,0.051
0.0044831947898578296,0.00493310378850597,-0.0449999999999999,0.0,0.0594999999999999
0.004180627418779578,0.004835217642295622,-0.0449999999999999,0.0,0.068
0.0038404914052370645,0.005016444397303336,-0.0449999999999999,0.0,0.0764999999999999
0.003593312110685527,0.0052296266332438725,-0.0449999999999999,0.0,0.085
0.0034315966705292327,0.005380030850099167,-0.0449999999999999,0.0,0.0935
0.00317902244059548,0.005671965281041519,-0.0449999999999999,0.0,0.102
0.002240104357465453,0.006643831524497948,-0.0449999999999999,0.0,0.1105
-0.00031953764765227984,0.00925046315660628,-0.0449999999999999,0.0,0.119
-0.001097930981305408,0.010323932128043604,-0.0449999999999999,0.0,0.1275
-0.0016750903062745593,0.011889141046997159,-0.0449999999999999,0.0,0.136
-0.003414835117407939,0.014712256217403939,-0.0449999999999999,0.0,0.1445
-0.007612583508150469,0.029055778956919468,-0.0449999999999999,0.0,0.153
0.17421786706979417,0.2734453698006641,-0.0449999999999999,0.0,0.1615
-938529.61165871,938616.8518669077,-0.0449999999999999,0.0,0.17
-118.83663805079101,127.66577826832889,-0.0390769536971513,0.0390769536971513,0.0
0.008234042465090092,0.009818088284659708,-0.0390769536971513,0.0390769536971513,0.0089473684210526
0.006576476067004955,0.008512485749656644,-0.0390769536971513,0.0390769536971513,0.0178947368421052
0.006109958446647161,0.007950709893499839,-0.0390769536971513,0.0390769536971513,0.0268421052631579
0.006167029034159218,0.007623611765367782,-0.0390769536971513,0.0390769536971513,0.0357894736842105
0.006311392779664773,0.007515530051294227,-0.0390769536971513,0.0390769536971513,0.0447368421052631
0.006632022254413565,0.007500871725212234,-0.0390769536971513,0.0390769536971513,0.0536842105263157
0.0068659848079977055,0.007543989747694095,-0.0390769536971513,0.0390769536971513,0.0626315789473684
0.006761733720655637,0.0075795772650205625,-0.0390769536971513,0.0390769536971513,0.071578947368421
0.006392821999666672,0.007600081462330327,-0.0390769536971513,0.0390769536971513,0.0805263157894736
0.006118884528975187,0.0076147624482462125,-0.0390769536971513,0.0390769536971513,0.0894736842105263
0.005674057698411195,0.007640369716264805,-0.0390769536971513,0.0390769536971513,0.0984210526315789
0.005260021883061966,0.007727039635940434,-0.0390769536971513,0.0390769536971513,0.1073684210526315
0.00502830579922668,0.00799729320667672,-0.0390769536971513,0.0390769536971513,0.1163157894736842
0.005195614663218344,0.008414753415472655,-0.0390769536971513,0.0390769536971513,0.1252631578947368
0.005249496974576716,0.008917329291412283,-0.0390769536971513,0.0390769536971513,0.1342105263157895
0.005320229794079239,0.010227288487495961,-0.0390769536971513,0.0390769536971513,0.1431578947368421
0.004183956611956757,0.018275188403930845,-0.0390769536971513,0.0390769536971513,0.1521052631578947
0.16302643196810485,0.23189877727480795,-0.0390769536971513,0.0390769536971513,0.1610526315789473
3.180136265872399,82.30566057656807,-0.0390769536971513,0.0390769536971513,0.17
-177.26148145717045,179.9236166204332,-0.0353553390593273,-0.0353553390593273,0.0
0.0017759095132695538,0.005577271223100046,-0.0353553390593273,-0.0353553390593273,0.008095238095238
0.002646819295788069,0.004655771407393931,-0.0353553390593273,-0.0353553390593273,0.0161904761904762
0.002977322390893441,0.004545425650078959,-0.0353553390593273,-0.0353553390593273,0.0242857142857142
0.003520595908833592,0.004535358782127006,-0.0353553390593273,-0.0353553390593273,0.0323809523809523
0.0039359184353588515,0.004571306853134949,-0.0353553390593273,-0.0353553390593273,0.0404761904761904
0.004099769605051205,0.004581461283314594,-0.0353553390593273,-0.0353553390593273,0.0485714285714285
0.004304430835021585,0.004566372531658015,-0.0353553390593273,-0.0353553390593273,0.0566666666666666
0.004541867776417597,0.004592589437756003,-0.0353553390593273,-0.0353553390593273,0.0647619047619047
0.0044349963580974875,0.004808462380109513,-0.0353553390593273,-0.0353553390593273,0.0728571428571428
0.004346117974824093,0.004801309331481308,-0.0353553390593273,-0.0353553390593273,0.0809523809523809
0.004287635044213169,0.0047748367690900306,-0.0353553390593273,-0.0353553390593273,0.089047619047619
0.004171551844251146,0.0046629278413812545,-0.0353553390593273,-0.0353553390593273,0.0971428571428571
0.004074945427926554,0.004511042256263846,-0.0353553390593273,-0.0353553390593273,0.1052380952380952
0.004150455355090301,0.004312982797425899,-0.0353553390593273,-0.0353553390593273,0.1133333333333333
0.0035783876931722368,0.004525131566972963,-0.0353553390593273,-0.0353553390593273,0.1214285714285714
0.002585106669758798,0.005236317125050203,-0.0353553390593273,-0.0353553390593273,0.1295238095238095
-0.0009370516657377635,0.007928243809909164,-0.0353553390593273,-0.0353553390593273,0.1376190476190476
-0.0029332479004435686,0.010948463080743969,-0.0353553390593273,-0.0353553390593273,0.1457142857142857
-0.017029677441735988,0.042547985425400996,-0.0353553390593273,-0.0353553390593273,0.1538095238095238
0.3015456669503589,0.3160144774797533,-0.0353553390593273,-0.0353553390593273,0.1619047619047619
-290331.10421787226,290420.3907206189,-0.0353553390593273,-0.0353553390593273,0.17
-133.4701466288378,143.3433966425869,-0.0299999999999999,0.0,0.0
0.006151854006812189,0.014916731651451687,-0.0299999999999999,0.0,0.0085
0.005525131462390285,0.013941414503548515,-0.0299999999999999,0.0,0.0169999999999999
0.005403066661387665,0.015071889256511137,-0.0299999999999999,0.0,0.0254999999999999
0.00533196815835255,0.015448711819894052,-0.0299999999999999,0.0,0.034
0.005310783810629532,0.01566478410587427,-0.0299999999999999,0.0,0.0425
0.005299554908062932,0.015092898373856467,-0.0299999999999999,0.0,0.051
0.00543191031135132,0.014420317063081082,-0.0299999999999999,0.0,0.0594999999999999
0.0058755721253258,0.0132723658643474,-0.0299999999999999,0.0,0.068
0.006960732322138154,0.013383311750728245,-0.0299999999999999,0.0,0.0764999999999999
0.007706894435072036,0.014165235359850963,-0.0299999999999999,0.0,0.085
0.009088861231105395,0.0172548518169532,-0.0299999999999999,0.0,0.0935
0.011346100885032954,0.021791455473532437,-0.0299999999999999,0.0,0.102
0.017645162683411656,0.024584956752607145,-0.0299999999999999,0.0,0.1105
0.01744831550505554,0.030200264723502453,-0.0299999999999999,0.0,0.119
0.014262848386932207,0.04658654798032978,-0.0299999999999999,0.0,0.1275
0.010376386696680347,0.06874658939966086,-0.0299999999999999,0.0,0.136
-0.0017565578973955456,0.09334247261693793,-0.0299999999999999,0.0,0.1445
0.006503709854467556,0.12638022620505204,-0.0299999999999999,0.0,0.153
0.23751932056323027,0.30951030006282415,-0.0299999999999999,0.0,0.1615
-2256300.9871126376,2256418.8512929296,-0.0299999999999999,0.0,0.17
-15.456302040305953,25.30173192876627,-0.0279121097836795,0.0279121097836795,0.0
0.009819553900461535,0.010819449177805864,-0.0279121097836795,0.0279121097836795,0.0089473684210526
0.006569494940276361,0.00984841362254984,-0.0279121097836795,0.0279121097836795,0.0178947368421052
0.006000175343377875,0.009306698805936126,-0.0279121097836795,0.0279121097836795,0.0268421052631579
0.005212073568632975,0.009079567857682625,-0.0279121097836795,0.0279121097836795,0.0357894736842105
0.004805936575771553,0.009151210580924846,-0.0279121097836795,0.0279121097836795,0.0447368421052631
0.0051465644246735,0.0084693297547081,-0.0279121097836795,0.0279121097836795,0.0536842105263157
0.0049295021288620075,0.008637709790114391,-0.0279121097836795,0.0279121097836795,0.0626315789473684
0.00494136837980405,0.008829924792950548,-0.0279121097836795,0.0279121097836795,0.071578947368421
0.0052354653943836975,0.009083342212535503,-0.0279121097836795,0.0279121097836795,0.0805263157894736
0.005435253178347906,0.009336867937886495,-0.0279121097836795,0.0279121097836795,0.0894736842105263
0.006467290537142154,0.009839586439115047,-0.0279121097836795,0.0279121097836795,0.0984210526315789
0.0073206672104693775,0.011516438349750621,-0.0279121097836795,0.0279121097836795,0.1073684210526315
0.009493000269954487,0.012656000170146911,-0.0279121097836795,0.0279121097836795,0.1163157894736842
0.01205784257597404,0.01412582807404576,-0.0279121097836795,0.0279121097836795,0.1252631578947368
0.012529139189277788,0.01603700527634981,-0.0279121097836795,0.0279121097836795,0.1342105263157895
0.01495524695817508,0.01971107569942252,-0.0279121097836795,0.0279121097836795,0.1431578947368421
0.01736573364461432,0.028572204598658876,-0.0279121097836795,0.0279121097836795,0.1521052631578947
0.22425159950372653,0.27364297844591784,-0.0279121097836795,0.0279121097836795,0.1610526315789473
-967096.0244599832,967294.7397624981,-0.0279121097836795,0.0279121097836795,0.17
-78.22935953629934,81.21649368904227,-0.0252538136138052,-0.0252538136138052,0.0
0.0012628721933108265,0.0060096142573373736,-0.0252538136138052,-0.0252538136138052,0.008095238095238
0.002329453328890483,0.005002567197608917,-0.0252538136138052,-0.0252538136138052,0.0161904761904762
0.0028245292124163554,0.004701915299562444,-0.0252538136138052,-0.0252538136138052,0.0242857142857142
0.0033255269060848552,0.0046560773342009445,-0.0252538136138052,-0.0252538136138052,0.0323809523809523
0.0037640087045620455,0.004657081161146956,-0.0252538136138052,-0.0252538136138052,0.0404761904761904
0.003953238407411575,0.004650684039975224,-0.0252538136138052,-0.0252538136138052,0.0485714285714285
0.004239049149634301,0.004642664489771698,-0.0252538136138052,-0.0252538136138052,0.0566666666666666
0.004368153215515497,0.004609372599643103,-0.0252538136138052,-0.0252538136138052,0.0647619047619047
0.004442183827068778,0.004573253160212822,-0.0252538136138052,-0.0252538136138052,0.0728571428571428
0.004354894314490764,0.004516358805034236,-0.0252538136138052,-0.0252538136138052,0.0809523809523809
0.0043013101305878895,0.00443873917459111,-0.0252538136138052,-0.0252538136138052,0.089047619047619
0.003994582893518539,0.0043652857009478605,-0.0252538136138052,-0.0252538136138052,0.0971428571428571
0.003416342494813038,0.004465216596720161,-0.0252538136138052,-0.0252538136138052,0.1052380952380952
0.002809718828165459,0.004772143322933941,-0.0252538136138052,-0.0252538136138052,0.1133333333333333
0.001705697284960355,0.005167932566225445,-0.0252538136138052,-0.0252538136138052,0.1214285714285714
3.677797110297233e-05,0.006458147580620629,-0.0252538136138052,-0.0252538136138052,0.1295238095238095
-0.004697180954701339,0.010761226178306937,-0.0252538136138052,-0.0252538136138052,0.1376190476190476
-0.006454676127545868,0.014361262331520266,-0.0252538136138052,-0.0252538136138052,0.1457142857142857
-0.016567913601425392,0.03887277302143358,-0.0252538136138052,-0.0252538136138052,0.1538095238095238
0.33036580918919617,0.3627884329034438,-0.0252538136138052,-0.0252538136138052,0.1619047619047619
-1192131.5766906391,1192244.4170471833,-0.0252538136138052,-0.0252538136138052,0.17
-14.47883910765519,24.56784077902976,-0.0167472658702077,0.0167472658702077,0.0
0.006133122185071475,0.011865161392904324,-0.0167472658702077,0.0167472658702077,0.0089473684210526
0.0026235337162344276,0.011155118644342772,-0.0167472658702077,0.0167472658702077,0.0178947368421052
0.004514136668977278,0.010148678101591722,-0.0167472658702077,0.0167472658702077,0.0268421052631579
0.005496484740321966,0.010869884684384035,-0.0167472658702077,0.0167472658702077,0.0357894736842105
0.005497311238599359,0.011901299455321038,-0.0167472658702077,0.0167472658702077,0.0447368421052631
0.006591833950952061,0.013698027659457736,-0.0167472658702077,0.0167472658702077,0.0536842105263157
0.008269125256707737,0.016730040351981664,-0.0167472658702077,0.0167472658702077,0.0626315789473684
0.01165053729341416,0.021132894349659637,-0.0167472658702077,0.0167472658702077,0.071578947368421
0.017146208228238105,0.028459708414322493,-0.0167472658702077,0.0167472658702077,0.0805263157894736
0.016395218467650016,0.038040540570412396,-0.0167472658702077,0.0167472658702077,0.0894736842105263
0.024529041916580716,0.052046485279542684,-0.0167472658702077,0.0167472658702077,0.0984210526315789
0.03664907756454411,0.0674605419820491,-0.0167472658702077,0.0167472658702077,0.1073684210526315
0.052486647892400595,0.08650263087050242,-0.0167472658702077,0.0167472658702077,0.1163157894736842
0.07481289231067224,0.10518197223397234,-0.0167472658702077,0.0167472658702077,0.1252631578947368
0.081340587972001,0.12008610274417039,-0.0167472658702077,0.0167472658702077,0.1342105263157895
0.1029492723694089,0.1398478123521751,-0.0167472658702077,0.0167472658702077,0.1431578947368421
0.11697459957288406,0.16428464387428773,-0.0167472658702077,0.0167472658702077,0.1521052631578947
0.3133662324333955,0.3910052122101329,-0.0167472658702077,0.0167472658702077,0.1610526315789473
-2009133.2032976435,2009272.91799596,-0.0167472658702077,0.0167472658702077,0.17
-50.549163840323416,53.87308302332097,-0.0151522881682831,-0.0151522881682831,0.0
0.002521005342773679,0.006042582448402322,-0.0151522881682831,-0.0151522881682831,0.008095238095238
0.003129961928388352,0.005209841231782838,-0.0151522881682831,-0.0151522881682831,0.0161904761904762
0.0035447483482548754,0.004941643220612323,-0.0151522881682831,-0.0151522881682831,0.0242857142857142
0.004478916640895685,0.004946969511014514,-0.0151522881682831,-0.0151522881682831,0.0323809523809523
0.004871054085023029,0.005768755280916371,-0.0151522881682831,-0.0151522881682831,0.0404761904761904
0.005053620328981449,0.006242017154254951,-0.0151522881682831,-0.0151522881682831,0.0485714285714285
0.005271402064690496,0.0074033738711013035,-0.0151522881682831,-0.0151522881682831,0.0566666666666666
0.005450240415167042,0.007907841008984158,-0.0151522881682831,-0.0151522881682831,0.0647619047619047
0.005820663584859655,0.008853564308065345,-0.0151522881682831,-0.0151522881682831,0.0728571428571428
0.005980149517774739,0.009909539649202147,-0.0151522881682831,-0.0151522881682831,0.0809523809523809
0.006892532462251445,0.009562076150421955,-0.0151522881682831,-0.0151522881682831,0.089047619047619
0.00800847810003703,0.009606771697000971,-0.0151522881682831,-0.0151522881682831,0.0971428571428571
0.007756032330803583,0.01137290987488902,-0.0151522881682831,-0.0151522881682831,0.1052380952380952
0.0007181431420519354,0.019439984818481665,-0.0151522881682831,-0.0151522881682831,0.1133333333333333
-0.009367775881304767,0.032630104706671166,-0.0151522881682831,-0.0151522881682831,0.1214285714285714
-0.033774097820504945,0.05948662910886575,-0.0151522881682831,-0.0151522881682831,0.1295238095238095
-0.05689248179249659,0.0913052675108578,-0.0151522881682831,-0.0151522881682831,0.1376190476190476
-0.09814673456519155,0.15368196337754916,-0.0151522881682831,-0.0151522881682831,0.1457142857142857
-0.11145793138760005,0.19965061033408724,-0.0151522881682831,-0.0151522881682831,0.1538095238095238
0.31247191605936164,0.427080013000556,-0.0151522881682831,-0.0151522881682831,0.1619047619047619
-3032363.6659513204,3032517.0439851205,-0.0151522881682831,-0.0151522881682831,0.17
-418.80155791039107,434.3183257691748,-0.0149999999999999,0.0,0.0
0.014024999906847191,0.09134117472534133,-0.0149999999999999,0.0,0.0085
0.015945981659707276,0.07698717072930492,-0.0149999999999999,0.0,0.0169999999999999
0.034808486739475036,0.3113098622917212,-0.0149999999999999,0.0,0.0254999999999999
0.11458027453494134,0.32729616413294127,-0.0149999999999999,0.0,0.034
0.2389628929822853,0.2830381226750947,-0.0149999999999999,0.0,0.0425
0.18026989989966885,0.39044417821572847,-0.0149999999999999,0.0,0.051
0.12727541460158948,0.46677594218553237,-0.0149999999999999,0.0,0.0594999999999999
0.1218601669238365,0.5197389245115055,-0.0149999999999999,0.0,0.068
0.1395801948948735,0.5518462605523013,-0.0149999999999999,0.0,0.0764999999999999
0.14835227914874943,0.5674541710853356,-0.0149999999999999,0.0,0.085
0.1898344208748551,0.5724072639236368,-0.0149999999999999,0.0,0.0935
0.2286587492779418,0.5689180357790767,-0.0149999999999999,0.0,0.102
0.26128437400236126,0.5605668409420347,-0.0149999999999999,0.0,0.1105
0.28126252706120314,0.5492840533495449,-0.0149999999999999,0.0,0.119
0.30414718709177563,0.5372594055029098,-0.0149999999999999,0.0,0.1275
0.3224732540426695,0.52274502525682,-0.0149999999999999,0.0,0.136
0.33673045105104776,0.5086245311252938,-0.0149999999999999,0.0,0.1445
0.34610551216155383,0.4957103670795292,-0.0149999999999999,0.0,0.153
0.4166313328367779,0.5471908977010973,-0.0149999999999999,0.0,0.1615
-137821057.5115216,137821307.44533637,-0.0149999999999999,0.0,0.17
1.6830415782488557,1.7784644168069104,-0.0055824219567359,0.0055824219567359,0.0
-4.6742862307488915,8.044749301809981,-0.0055824219567359,0.0055824219567359,0.0089473684210526
-4.808409344774807,7.670946344314958,-0.0055824219567359,0.0055824219567359,0.0178947368421052
-15.78070436522098,17.1493682084479,-0.0055824219567359,0.0055824219567359,0.0268421052631579
-13.585586535606138,14.678674115822185,-0.0055824219567359,0.0055824219567359,0.0357894736842105
-10.033145742403999,11.060484711626042,-0.0055824219567359,0.0055824219567359,0.0447368421052631
-7.591386321157873,8.577417972340994,-0.0055824219567359,0.0055824219567359,0.0536842105263157
-5.271713104569298,6.27743221600947,-0.0055824219567359,0.0055824219567359,0.0626315789473684
-3.5518470199401087,4.608759293534613,-0.0055824219567359,0.0055824219567359,0.071578947368421
-2.1220773910222133,3.2678333082723348,-0.0055824219567359,0.0055824219567359,0.0805263157894736
-0.036637832910178636,1.247501831400365,-0.0055824219567359,0.0055824219567359,0.0894736842105263
0.21975162188390945,1.1283736209449202,-0.0055824219567359,0.0055824219567359,0.0984210526315789
0.43411182137704046,1.0390934855022738,-0.0055824219567359,0.0055824219567359,0.1073684210526315
0.592538036538629,0.9665772292133954,-0.0055824219567359,0.0055824219567359,0.1163157894736842
0.6712145096415646,0.9101246449652743,-0.0055824219567359,0.0055824219567359,0.1252631578947368
0.7066155993976014,0.8612724111601174,-0.0055824219567359,0.0055824219567359,0.1342105263157895
0.6962930374369247,0.8095787676502078,-0.0055824219567359,0.0055824219567359,0.1431578947368421
0.6384932781286554,0.7538499213517222,-0.0055824219567359,0.0055824219567359,0.1521052631578947
0.5238291786251175,0.7043469385763874,-0.0055824219567359,0.0055824219567359,0.1610526315789473
-143092414.62994426,143092977.97649306,-0.0055824219567359,0.0055824219567359,0.17
1.0575630665791602,1.3279081326023336,-0.005050762722761,-0.005050762722761,0.0
-5.79101082340128,9.247539136574746,-0.005050762722761,-0.005050762722761,0.008095238095238
-4.591763399657029,7.651411294918369,-0.005050762722761,-0.005050762722761,0.0161904761904762
-15.600171118461668,17.15909353054206,-0.005050762722761,-0.005050762722761,0.0242857142857142
-18.69397869764321,19.835501315959306,-0.005050762722761,-0.005050762722761,0.0323809523809523
-18.122807083049512,19.07397745575467,-0.005050762722761,-0.005050762722761,0.0404761904761904
-15.571183248663703,16.503284078240053,-0.005050762722761,-0.005050762722761,0.0485714285714285
-12.75662144600894,13.697012683853098,-0.005050762722761,-0.005050762722761,0.0566666666666666
-9.968771024942273,10.9217639350479,-0.005050762722761,-0.005050762722761,0.0647619047619047
-7.477069168726041,8.458412300372249,-0.005050762722761,-0.005050762722761,0.0728571428571428
-5.481241467154945,6.49150999709369,-0.005050762722761,-0.005050762722761,0.0809523809523809
-3.9441128065058573,4.969148006708177,-0.005050762722761,-0.005050762722761,0.089047619047619
-2.667546865162276,3.7238930369089225,-0.005050762722761,-0.005050762722761,0.0971428571428571
-0.1942620861307367,1.2855918247901155,-0.005050762722761,-0.005050762722761,0.1052380952380952
-0.05328967119833339,1.161777338286985,-0.005050762722761,-0.005050762722761,0.1133333333333333
0.08895849833705027,1.0507508351711365,-0.005050762722761,-0.005050762722761,0.1214285714285714
0.19071312114044364,0.9622138939060572,-0.005050762722761,-0.005050762722761,0.1295238095238095
0.29291051745814833,0.8796101016727844,-0.005050762722761,-0.005050762722761,0.1376190476190476
0.3719539483072605,0.8160924611237874,-0.005050762722761,-0.005050762722761,0.1457142857142857
0.45550636872255434,0.7515675728713506,-0.005050762722761,-0.005050762722761,0.1538095238095238
0.4848501289270413,0.755490107227373,-0.005050762722761,-0.005050762722761,0.1619047619047619
-160720.94690967348,161282.36328809502,-0.005050762722761,-0.005050762722761,0.17
-547.1788895576648,548.3182125301925,-4.163336342344337e-17,-0.15,0.0
0.740191306052266,2.363835325139798,-4.163336342344337e-17,-0.15,0.008095238095238
-2.4322960987771483,5.280726378428873,-4.163336342344337e-17,-0.15,0.0161904761904762
-1.452799280043006,3.579140853042291,-4.163336342344337e-17,-0.15,0.0242857142857142
-123.54320571751678,125.09106133294632,-4.163336342344337e-17,-0.15,0.0323809523809523
-180.1137189853731,182.6106172620597,-4.163336342344337e-17,-0.15,0.0404761904761904
-267.15539229273975,269.6522905694263,-4.163336342344337e-17,-0.15,0.0485714285714285
-183.4337270253408,188.29459359255256,-4.163336342344337e-17,-0.15,0.0566666666666666
-56.56093872655943,64.892684292588,-4.163336342344337e-17,-0.15,0.0647619047619047
-4.199191624977038,16.349240022657405,-4.163336342344337e-17,-0.15,0.0728571428571428
-8.120725765506302,20.75409634707637,-4.163336342344337e-17,-0.15,0.0809523809523809
-15.148861964498465,27.782232546068535,-4.163336342344337e-17,-0.15,0.089047619047619
-18.193897545557533,31.43589846361727,-4.163336342344337e-17,-0.15,0.0971428571428571
-19.864062803486004,34.02491033513995,-4.163336342344337e-17,-0.15,0.1052380952380952
-14.684466204914244,30.09428372580154,-4.163336342344337e-17,-0.15,0.1133333333333333
-11.925626162835345,28.808301194263933,-4.163336342344337e-17,-0.15,0.1214285714285714
-27.505974340992303,44.38864937242089,-4.163336342344337e-17,-0.15,0.1295238095238095
-123.26117778666433,142.17509355635815,-4.163336342344337e-17,-0.15,0.1376190476190476
-256.01326885269293,277.53582475667645,-4.163336342344337e-17,-0.15,0.1457142857142857
-307.5188050525601,331.07253987961167,-4.163336342344337e-17,-0.15,0.1538095238095238
-710.8989109584355,729.1878085125937,-4.163336342344337e-17,-0.15,0.1619047619047619
-64.88902494625862,83.17792250041683,-4.163336342344337e-17,-0.15,0.17
-11.362754215537313,12.367298957339555,-3.766828119263922e-17,-0.1357142857142857,0.0
0.004467159497952205,0.004602747388950795,-3.766828119263922e-17,-0.1357142857142857,0.008095238095238
0.002892198273312839,0.005956456110469945,-3.766828119263922e-17,-0.1357142857142857,0.0161904761904762
-0.0006720716211048253,0.008577271855356025,-3.766828119263922e-17,-0.1357142857142857,0.0242857142857142
-0.0017382926432741091,0.01062537181375529,-3.766828119263922e-17,-0.1357142857142857,0.0323809523809523
0.006887758035062768,0.011717592481051682,-3.766828119263922e-17,-0.1357142857142857,0.0404761904761904
0.007141421999323284,0.011463928516791717,-3.766828119263922e-17,-0.1357142857142857,0.0485714285714285
0.012255306571619865,0.014042002253988323,-3.766828119263922e-17,-0.1357142857142857,0.0566666666666666
0.012114996549796154,0.01378014805781244,-3.766828119263922e-17,-0.1357142857142857,0.0647619047619047
0.01217139537267742,0.013575647138790179,-3.766828119263922e-17,-0.1357142857142857,0.0728571428571428
0.012419065125427082,0.013637315683163318,-3.766828119263922e-17,-0.1357142857142857,0.0809523809523809
0.012714723344126258,0.013341657464464142,-3.766828119263922e-17,-0.1357142857142857,0.089047619047619
0.013073333413803281,0.01319667674015452,-3.766828119263922e-17,-0.1357142857142857,0.0971428571428571
0.012949494647123276,0.013926901301195725,-3.766828119263922e-17,-0.1357142857142857,0.1052380952380952
0.014013882013204396,0.014743045336520032,-3.766828119263922e-17,-0.1357142857142857,0.1133333333333333
0.01628119557558625,0.017257395155701592,-3.766828119263922e-17,-0.1357142857142857,0.1214285714285714
0.016070000713742642,0.01746859001754708,-3.766828119263922e-17,-0.1357142857142857,0.1295238095238095
0.022372257001067212,0.022778278344128985,-3.766828119263922e-17,-0.1357142857142857,0.1376190476190476
0.030422865954593266,0.03537566769423834,-3.766828119263922e-17,-0.1357142857142857,0.1457142857142857
0.03739053280312038,0.04608306946058162,-3.766828119263922e-17,-0.1357142857142857,0.1538095238095238
0.036949925828446695,0.03798781948794849,-3.766828119263922e-17,-0.1357142857142857,0.1619047619047619
0.02585672031116271,0.0490810250052377,-3.766828119263922e-17,-0.1357142857142857,0.17
-13.049907530375323,14.264484399191696,-3.370319896183512e-17,-0.1214285714285714,0.0
0.004666946275194391,0.005055601988104009,-3.370319896183512e-17,-0.1214285714285714,0.008095238095238
0.0032052415966207655,0.0058640231238556335,-3.370319896183512e-17,-0.1214285714285714,0.0161904761904762
0.0009275291734198343,0.007017103886532367,-3.370319896183512e-17,-0.1214285714285714,0.0242857142857142
0.00285327155017129,0.00783051746837931,-3.370319896183512e-17,-0.1214285714285714,0.0323809523809523
0.00822199236874183,0.01080443212680417,-3.370319896183512e-17,-0.1214285714285714,0.0404761904761904
0.007787129716009572,0.011239294779536427,-3.370319896183512e-17,-0.1214285714285714,0.0485714285714285
0.007226301233067256,0.01465853979430694,-3.370319896183512e-17,-0.1214285714285714,0.0566666666666666
0.007563246817896911,0.013581587505671287,-3.370319896183512e-17,-0.1214285714285714,0.0647619047619047
0.005851362857309331,0.014849954307669663,-3.370319896183512e-17,-0.1214285714285714,0.0728571428571428
0.00533638958201525,0.014405346127762546,-3.370319896183512e-17,-0.1214285714285714,0.0809523809523809
0.005227935176250014,0.014513800533527781,-3.370319896183512e-17,-0.1214285714285714,0.089047619047619
0.005709295398119163,0.012026544266415237,-3.370319896183512e-17,-0.1214285714285714,0.0971428571428571
0.005199520704488652,0.009727716780126747,-3.370319896183512e-17,-0.1214285714285714,0.1052380952380952
0.005273571811594972,0.007075161010790229,-3.370319896183512e-17,-0.1214285714285714,0.1133333333333333
0.006196122607794983,0.007152966581838418,-3.370319896183512e-17,-0.1214285714285714,0.1214285714285714
0.006482822565828298,0.006866266623805097,-3.370319896183512e-17,-0.1214285714285714,0.1295238095238095
0.01207410910412043,0.012522697408235771,-3.370319896183512e-17,-0.1214285714285714,0.1376190476190476
0.027529056427060685,0.030958365984328707,-3.370319896183512e-17,-0.1214285714285714,0.1457142857142857
0.046211066988392224,0.05584501434139538,-3.370319896183512e-17,-0.1214285714285714,0.1538095238095238
0.045611447344212436,0.061628226530053565,-3.370319896183512e-17,-0.1214285714285714,0.1619047619047619
0.045712471811162426,0.061527202063103574,-3.370319896183512e-17,-0.1214285714285714,0.17
-23.56240249589496,24.76319397285607,-2.973811673103097e-17,-0.1071428571428571,0.0
0.004876477415912076,0.005148595723886724,-2.973811673103097e-17,-0.1071428571428571,0.008095238095238
0.004066105190809814,0.005255527378526386,-2.973811673103097e-17,-0.1071428571428571,0.0161904761904762
0.0026940353557639816,0.0057215318297392185,-2.973811673103097e-17,-0.1071428571428571,0.0242857142857142
0.004525591348622882,0.006190960101169118,-2.973811673103097e-17,-0.1071428571428571,0.0323809523809523
0.00639690649129954,0.009254471163299059,-2.973811673103097e-17,-0.1071428571428571,0.0404761904761904
0.006011263411615865,0.009640114242982733,-2.973811673103097e-17,-0.1071428571428571,0.0485714285714285
0.00510249045107331,0.01077852640109789,-2.973811673103097e-17,-0.1071428571428571,0.0566666666666666
0.004227214321746164,0.010017597922114636,-2.973811673103097e-17,-0.1071428571428571,0.0647619047619047
0.0035495925819083707,0.00936374246463863,-2.973811673103097e-17,-0.1071428571428571,0.0728571428571428
0.003293350644819848,0.007946606279239151,-2.973811673103097e-17,-0.1071428571428571,0.0809523809523809
0.0032456337844697703,0.00799432313958923,-2.973811673103097e-17,-0.1071428571428571,0.089047619047619
0.00308939927019116,0.00569826076782864,-2.973811673103097e-17,-0.1071428571428571,0.0971428571428571
0.0029045679629276316,0.003200716831663368,-2.973811673103097e-17,-0.1071428571428571,0.1052380952380952
0.001863657770430527,0.0028243757111952733,-2.973811673103097e-17,-0.1071428571428571,0.1133333333333333
0.0014054752704641227,0.0027605648175308777,-2.973811673103097e-17,-0.1071428571428571,0.1214285714285714
0.0009461978712001012,0.0032198422167948994,-2.973811673103097e-17,-0.1071428571428571,0.1295238095238095
-0.0005133177968419836,0.004977860654851384,-2.973811673103097e-17,-0.1071428571428571,0.1376190476190476
-0.0006562036831071214,0.013782283414773722,-2.973811673103097e-17,-0.1071428571428571,0.1457142857142857
0.04762967461184038,0.06380850025262681,-2.973811673103097e-17,-0.1071428571428571,0.1538095238095238
0.08919290024262264,0.15481209496852516,-2.973811673103097e-17,-0.1071428571428571,0.1619047619047619
-0.04931616821863477,0.12340293573298997,-2.973811673103097e-17,-0.1071428571428571,0.17
-77.09988540016333,78.26420134414006,-2.5773034500226852e-17,-0.0928571428571428,0.0
0.0048537896090032374,0.004980419437626763,-2.5773034500226852e-17,-0.0928571428571428,0.008095238095238
0.004383407650671094,0.004893515361114906,-2.5773034500226852e-17,-0.0928571428571428,0.0161904761904762
0.0035798789454972173,0.004842544820830383,-2.5773034500226852e-17,-0.0928571428571428,0.0242857142857142
0.0047374100648751565,0.0051156904423566435,-2.5773034500226852e-17,-0.0928571428571428,0.0323809523809523
0.005289063807643823,0.008398826761118576,-2.5773034500226852e-17,-0.0928571428571428,0.0404761904761904
0.0050822917843878716,0.008605598784374528,-2.5773034500226852e-17,-0.0928571428571428,0.0485714285714285
0.004545407355893168,0.009426864683976032,-2.5773034500226852e-17,-0.0928571428571428,0.0566666666666666
0.0038902617977255223,0.008180070093809078,-2.5773034500226852e-17,-0.0928571428571428,0.0647619047619047
0.00323090530905552,0.007204237239075879,-2.5773034500226852e-17,-0.0928571428571428,0.0728571428571428
0.0029435005053726404,0.005919118199623158,-2.5773034500226852e-17,-0.0928571428571428,0.0809523809523809
0.0028862063883453,0.0059764123166505005,-2.5773034500226852e-17,-0.0928571428571428,0.089047619047619
0.0027333160610656312,0.004302708554522369,-2.5773034500226852e-17,-0.0928571428571428,0.0971428571428571
0.002612661195246938,0.003037924746350662,-2.5773034500226852e-17,-0.0928571428571428,0.1052380952380952
0.0022277557816717556,0.0026157276367358446,-2.5773034500226852e-17,-0.0928571428571428,0.1133333333333333
0.0016399241777366772,0.0027024971263793227,-2.5773034500226852e-17,-0.0928571428571428,0.1214285714285714
0.0015901581886778099,0.00275226311543819,-2.5773034500226852e-17,-0.0928571428571428,0.1295238095238095
0.001297653625252481,0.0031993448118377192,-2.5773034500226852e-17,-0.0928571428571428,0.1376190476190476
0.0009475157103899061,0.009150105657805494,-2.5773034500226852e-17,-0.0928571428571428,0.1457142857142857
0.04036552910511328,0.04357939548868731,-2.5773034500226852e-17,-0.0928571428571428,0.1538095238095238
0.11855707615727933,0.22853365337306764,-2.5773034500226852e-17,-0.0928571428571428,0.1619047619047619
-72253.02263227948,72278.41166172877,-2.5773034500226852e-17,-0.0928571428571428,0.17
-170.89317257721189,171.95492199706604,-2.1807952269422717e-17,-0.0785714285714285,0.0
0.003938162050546105,0.005060235185695095,-2.1807952269422717e-17,-0.0785714285714285,0.008095238095238
0.0042441249195902505,0.004573859415073748,-2.1807952269422717e-17,-0.0785714285714285,0.0161904761904762
0.0039343775762433406,0.004420147446881259,-2.1807952269422717e-17,-0.0785714285714285,0.0242857142857142
0.003936642270920751,0.004322213787119849,-2.1807952269422717e-17,-0.0785714285714285,0.0323809523809523
0.004533645967561083,0.005145175573811717,-2.1807952269422717e-17,-0.0785714285714285,0.0404761904761904
0.004444505386647122,0.005234316154725678,-2.1807952269422717e-17,-0.0785714285714285,0.0485714285714285
0.004041267387809487,0.006863897616845315,-2.1807952269422717e-17,-0.0785714285714285,0.0566666666666666
0.003711548405769106,0.006632378307090094,-2.1807952269422717e-17,-0.0785714285714285,0.0647619047619047
0.003483790646819869,0.005374140529887331,-2.1807952269422717e-17,-0.0785714285714285,0.0728571428571428
0.0030488310371230547,0.004454980723706545,-2.1807952269422717e-17,-0.0785714285714285,0.0809523809523809
0.002938379732398598,0.004565432028431002,-2.1807952269422717e-17,-0.0785714285714285,0.089047619047619
0.002746899291584951,0.003820634112293049,-2.1807952269422717e-17,-0.0785714285714285,0.0971428571428571
0.0026783966148998303,0.0032503835727219687,-2.1807952269422717e-17,-0.0785714285714285,0.1052380952380952
0.0026540289792510263,0.0028351820797505724,-2.1807952269422717e-17,-0.0785714285714285,0.1133333333333333
0.00233855934483436,0.002793939576472638,-2.1807952269422717e-17,-0.0785714285714285,0.1214285714285714
0.0022135684922448833,0.002918930429062117,-2.1807952269422717e-17,-0.0785714285714285,0.1295238095238095
0.0017173915983206014,0.0031404089327357987,-2.1807952269422717e-17,-0.0785714285714285,0.1376190476190476
0.0019146397054947656,0.006196270126864033,-2.1807952269422717e-17,-0.0785714285714285,0.1457142857142857
0.04403609848731554,0.05052052902531006,-2.1807952269422717e-17,-0.0785714285714285,0.1538095238095238
0.16525541608659872,0.3914801818456111,-2.1807952269422717e-17,-0.0785714285714285,0.1619047619047619
-247136.6499869671,247282.77975367632,-2.1807952269422717e-17,-0.0785714285714285,0.17
-169.44974148107048,171.56866900851202,-1.7842870038618585e-17,-0.0642857142857143,0.0
0.003359913717229798,0.005153927476713401,-1.7842870038618585e-17,-0.0642857142857143,0.008095238095238
0.003758083172635397,0.004508130073878003,-1.7842870038618585e-17,-0.0642857142857143,0.0161904761904762
0.0038787213773552242,0.004243089652743177,-1.7842870038618585e-17,-0.0642857142857143,0.0242857142857142
0.0036353251853970866,0.004094044470733713,-1.7842870038618585e-17,-0.0642857142857143,0.0323809523809523
0.0037515249912969967,0.004036431709089803,-1.7842870038618585e-17,-0.0642857142857143,0.0404761904761904
0.003974566137517652,0.004250307532717948,-1.7842870038618585e-17,-0.0642857142857143,0.0485714285714285
0.003981085912265436,0.005321775806946764,-1.7842870038618585e-17,-0.0642857142857143,0.0566666666666666
0.0038992160906809606,0.005750803116432039,-1.7842870038618585e-17,-0.0642857142857143,0.0647619047619047
0.0035745834573156594,0.005153938010489541,-1.7842870038618585e-17,-0.0642857142857143,0.0728571428571428
0.003253466621996987,0.004310869539328813,-1.7842870038618585e-17,-0.0642857142857143,0.0809523809523809
0.003167705965672656,0.004396630195653144,-1.7842870038618585e-17,-0.0642857142857143,0.089047619047619
0.0030099730988312045,0.003663784582610195,-1.7842870038618585e-17,-0.0642857142857143,0.0971428571428571
0.002926405846570987,0.0031571182319164127,-1.7842870038618585e-17,-0.0642857142857143,0.1052380952380952
0.0026388064721239403,0.00304905621092686,-1.7842870038618585e-17,-0.0642857142857143,0.1133333333333333
0.0021643738869631876,0.003140614130587812,-1.7842870038618585e-17,-0.0642857142857143,0.1214285714285714
0.002118686019041487,0.003186301998509513,-1.7842870038618585e-17,-0.0642857142857143,0.1295238095238095
0.0017581092497868291,0.0033001867834569713,-1.7842870038618585e-17,-0.0642857142857143,0.1376190476190476
3.906157744279276e-05,0.006001768529653407,-1.7842870038618585e-17,-0.0642857142857143,0.1457142857142857
-0.02392914379438335,0.04623979592586196,-1.7842870038618585e-17,-0.0642857142857143,0.1538095238095238
0.2285427696909958,0.3355082586252304,-1.7842870038618585e-17,-0.0642857142857143,0.1619047619047619
-343107.2302087813,343187.5204957159,-1.7842870038618585e-17,-0.0642857142857143,0.17
-167.59074936989205,169.44085503033548,-1.3877787807814457e-17,-0.0499999999999999,0.0
0.002784456054351575,0.005397004466624425,-1.3877787807814457e-17,-0.0499999999999999,0.008095238095238
0.0030480253978408204,0.00453291402383098,-1.3877787807814457e-17,-0.0499999999999999,0.0161904761904762
0.0031808779577764653,0.004306726483851535,-1.3877787807814457e-17,-0.0499999999999999,0.0242857142857142
0.0031526546294425206,0.004218674309702079,-1.3877787807814457e-17,-0.0499999999999999,0.0323809523809523
0.003128828861146845,0.004168062405803155,-1.3877787807814457e-17,-0.0499999999999999,0.0404761904761904
0.0032447638962469325,0.0040762712247970675,-1.3877787807814457e-17,-0.0499999999999999,0.0485714285714285
0.003640019069369787,0.003949769729395013,-1.3877787807814457e-17,-0.0499999999999999,0.0566666666666666
0.003880724334997459,0.004045181265165341,-1.3877787807814457e-17,-0.0499999999999999,0.0647619047619047
0.003779324009943639,0.004177536282402562,-1.3877787807814457e-17,-0.0499999999999999,0.0728571428571428
0.0036144011800995704,0.00392894965858463,-1.3877787807814457e-17,-0.0499999999999999,0.0809523809523809
0.0035408206356121546,0.0037276955721010454,-1.3877787807814457e-17,-0.0499999999999999,0.089047619047619
0.003129506232493216,0.003525381672918384,-1.3877787807814457e-17,-0.0499999999999999,0.0971428571428571
0.0026345792242827033,0.0035351553655984967,-1.3877787807814457e-17,-0.0499999999999999,0.1052380952380952
0.0024520613624859507,0.0035319325878668483,-1.3877787807814457e-17,-0.0499999999999999,0.1133333333333333
0.0022403258479287845,0.0035109871101830143,-1.3877787807814457e-17,-0.0499999999999999,0.1214285714285714
0.002174292580250245,0.0035154016394087556,-1.3877787807814457e-17,-0.0499999999999999,0.1295238095238095
0.0017862829369649244,0.004009157337491075,-1.3877787807814457e-17,-0.0499999999999999,0.1376190476190476
-0.0008550920758125407,0.00852915421623354,-1.3877787807814457e-17,-0.0499999999999999,0.1457142857142857
-0.023238423654441776,0.046434449952645784,-1.3877787807814457e-17,-0.0499999999999999,0.1538095238095238
0.3290454572021746,0.34813122023289855,-1.3877787807814457e-17,-0.0499999999999999,0.1619047619047619
-651953.2015630429,652160.7037507187,-1.3877787807814457e-17,-0.0499999999999999,0.17
-119.23567634488658,120.63612478653245,-9.912705577010328e-18,-0.0357142857142857,0.0
0.002437949700900622,0.005504783856533378,-9.912705577010328e-18,-0.0357142857142857,0.008095238095238
0.0026383108360263957,0.004650250383862204,-9.912705577010328e-18,-0.0357142857142857,0.0161904761904762
0.0027722297272885096,0.004443559146663091,-9.912705577010328e-18,-0.0357142857142857,0.0242857142857142
0.002834421977813825,0.004415959210113775,-9.912705577010328e-18,-0.0357142857142857,0.0323809523809523
0.0029622136883718482,0.004419809588803952,-9.912705577010328e-18,-0.0357142857142857,0.0404761904761904
0.003053230496113303,0.004412228624029097,-9.912705577010328e-18,-0.0357142857142857,0.0485714285714285
0.0032616308152648224,0.004400032787605978,-9.912705577010328e-18,-0.0357142857142857,0.0566666666666666
0.0033884877069194005,0.004364584094862796,-9.912705577010328e-18,-0.0357142857142857,0.0647619047619047
0.0035157091057183773,0.004303556799504223,-9.912705577010328e-18,-0.0357142857142857,0.0728571428571428
0.0034445617316794293,0.004215103091271571,-9.912705577010328e-18,-0.0357142857142857,0.0809523809523809
0.0033980454881338364,0.004120002007685764,-9.912705577010328e-18,-0.0357142857142857,0.089047619047619
0.0032229634281010057,0.0040023388733857945,-9.912705577010328e-18,-0.0357142857142857,0.0971428571428571
0.0030827499620522955,0.0039591891516489045,-9.912705577010328e-18,-0.0357142857142857,0.1052380952380952
0.0031642062803463765,0.0038607424704420234,-9.912705577010328e-18,-0.0357142857142857,0.1133333333333333
0.0034398010815909316,0.0037840859317674687,-9.912705577010328e-18,-0.0357142857142857,0.1214285714285714
0.003175759156483086,0.0043074378139807135,-9.912705577010328e-18,-0.0357142857142857,0.1295238095238095
0.003009053894505953,0.005680951717778047,-9.912705577010328e-18,-0.0357142857142857,0.1376190476190476
0.004219407100204527,0.008951538281699275,-9.912705577010328e-18,-0.0357142857142857,0.1457142857142857
-0.00929612632370039,0.03934661571901539,-9.912705577010328e-18,-0.0357142857142857,0.1538095238095238
0.31054934996879785,0.3974656322588031,-9.912705577010328e-18,-0.0357142857142857,0.1619047619047619
-4526.051278155838,4649.193530719806,-9.912705577010328e-18,-0.0357142857142857,0.17
-41.79285798872003,46.40749039423923,-5.947623346206193e-18,-0.0214285714285714,0.0
0.006616597385153696,0.010471759759981703,-5.947623346206193e-18,-0.0214285714285714,0.008095238095238
0.0058183275161446096,0.010037072302071392,-5.947623346206193e-18,-0.0214285714285714,0.0161904761904762
0.005501578289855596,0.009206462464279403,-5.947623346206193e-18,-0.0214285714285714,0.0242857142857142
0.0051839583345906735,0.011836842844607728,-5.947623346206193e-18,-0.0214285714285714,0.0323809523809523
0.005305925333479037,0.014151070747988362,-5.947623346206193e-18,-0.0214285714285714,0.0404761904761904
0.005369186796138958,0.015326981288321044,-5.947623346206193e-18,-0.0214285714285714,0.0485714285714285
0.005504545364880124,0.017913089174208877,-5.947623346206193e-18,-0.0214285714285714,0.0566666666666666
0.005571292182973525,0.019370821627504278,-5.947623346206193e-18,-0.0214285714285714,0.0647619047619047
0.005749340258859679,0.022610396977699322,-5.947623346206193e-18,-0.0214285714285714,0.0728571428571428
0.005976338375370028,0.026488417743580576,-5.947623346206193e-18,-0.0214285714285714,0.0809523809523809
0.006145047848930992,0.028683961120571613,-5.947623346206193e-18,-0.0214285714285714,0.089047619047619
0.006544062013544436,0.03382063008007498,-5.947623346206193e-18,-0.0214285714285714,0.0971428571428571
0.007329470123707858,0.04031557606298475,-5.947623346206193e-18,-0.0214285714285714,0.1052380952380952
0.00873675671466136,0.04369352082099566,-5.947623346206193e-18,-0.0214285714285714,0.1133333333333333
0.014707254334782888,0.051520879077546516,-5.947623346206193e-18,-0.0214285714285714,0.1214285714285714
0.024669248563658194,0.051696212511435066,-5.947623346206193e-18,-0.0214285714285714,0.1295238095238095
0.03944352519822887,0.06677686022764154,-5.947623346206193e-18,-0.0214285714285714,0.1376190476190476
0.06279112527922842,0.09534141851039077,-5.947623346206193e-18,-0.0214285714285714,0.1457142857142857
0.08911945350082662,0.1173093881771744,-5.947623346206193e-18,-0.0214285714285714,0.1538095238095238
0.3532158896737973,0.46332849960999306,-5.947623346206193e-18,-0.0214285714285714,0.1619047619047619
-2062601.7103520914,2062941.2565336952,-5.947623346206193e-18,-0.0214285714285714,0.17
0.8580568444418346,1.1406370377610815,-1.9825411154020705e-18,-0.0071428571428571,0.0
-1.669076807694641,3.491509046087415,-1.9825411154020705e-18,-0.0071428571428571,0.008095238095238
-6.3156755650263,8.095558567280104,-1.9825411154020705e-18,-0.0071428571428571,0.0161904761904762
-14.022335167520394,16.1466912426951,-1.9825411154020705e-18,-0.0071428571428571,0.0242857142857142
-30.416426429307815,32.1641460299051,-1.9825411154020705e-18,-0.0071428571428571,0.0323809523809523
-31.504123502787277,33.08695155066844,-1.9825411154020705e-18,-0.0071428571428571,0.0404761904761904
-19.7173792877176,21.27247704917884,-1.9825411154020705e-18,-0.0071428571428571,0.0485714285714285
-9.656303914627493,11.207879396767396,-1.9825411154020705e-18,-0.0071428571428571,0.0566666666666666
-5.265851720174362,6.835991661288455,-1.9825411154020705e-18,-0.0071428571428571,0.0647619047619047
-3.6016317567612663,5.238454807375719,-1.9825411154020705e-18,-0.0071428571428571,0.0728571428571428
-2.2109281726981136,3.9423983747523073,-1.9825411154020705e-18,-0.0071428571428571,0.0809523809523809
-1.6679206971570355,3.452958240256998,-1.9825411154020705e-18,-0.0071428571428571,0.089047619047619
-1.0938783276116486,2.989571685567014,-1.9825411154020705e-18,-0.0071428571428571,0.0971428571428571
0.5664651813554857,1.434998070795459,-1.9825411154020705e-18,-0.0071428571428571,0.1052380952380952
0.7541308103184268,1.290058477815019,-1.9825411154020705e-18,-0.0071428571428571,0.1133333333333333
0.9465350621705428,1.1535423782458794,-1.9825411154020705e-18,-0.0071428571428571,0.1214285714285714
0.9692828428525515,1.1393488101072542,-1.9825411154020705e-18,-0.0071428571428571,0.1295238095238095
0.914018445297337,1.1726803346647705,-1.9825411154020705e-18,-0.0071428571428571,0.1376190476190476
0.8551723862172526,1.1553488705328108,-1.9825411154020705e-18,-0.0071428571428571,0.1457142857142857
0.7418194596389769,1.1929470389324253,-1.9825411154020705e-18,-0.0071428571428571,0.1538095238095238
0.6510075840084801,0.8094739682358187,-1.9825411154020705e-18,-0.0071428571428571,0.1619047619047619
-68859235.00669116,68860444.48935929,-1.9825411154020705e-18,-0.0071428571428571,0.17
0.008057880681853605,0.008912514006549594,0.0,0.0,0.0
0.007954133320177258,0.009019355358040743,0.0,0.0,0.0085
0.007942608665870559,0.009555071213455042,0.0,0.0,0.0169999999999999
0.012537669802437035,0.3447997072054471,0.0,0.0,0.0254999999999999
0.012327447722443013,0.3491648497824994,0.0,0.0,0.034
0.012396985053563764,0.34560803857669986,0.0,0.0,0.0425
0.012423186800533392,0.3465967386069572,0.0,0.0,0.051
0.01248081438972723,0.349879988076776,0.0,0.0,0.0594999999999999
0.01275210313607067,0.36419742749830375,0.0,0.0,0.068
0.01297435253045559,0.3950828895292446,0.0,0.0,0.0764999999999999
0.01478307497520212,0.41532949385449125,0.0,0.0,0.085
0.020672388828484628,0.47306108742893316,0.0,0.0,0.0935
0.036583673558115204,0.5401427929413843,0.0,0.0,0.102
0.12318328609891654,0.5443779642453626,0.0,0.0,0.1105
0.11669720569018749,0.5971232241347099,0.0,0.0,0.119
-2.999470784189131,3.8097587343662225,0.0,0.0,0.1275
-1.7347284154527747,2.667087418441083,0.0,0.0,0.136
-0.9846155862334259,1.9839066866293686,0.0,0.0,0.1445
0.28551279195512536,0.8289536956314342,0.0,0.0,0.153
0.34626555814245263,0.7803117351646195,0.0,0.0,0.1615
-196577671.13600639,196578292.4794207,0.0,0.0,0.17
0.8686053311806278,1.1339245594838157,1.9825411154020705e-18,0.0071428571428571,0.0
-1.2701722868803302,3.110152677220039,1.9825411154020705e-18,0.0071428571428571,0.008095238095238
-4.5187678637565964,6.413751341423784,1.9825411154020705e-18,0.0071428571428571,0.0161904761904762
-9.812449742673426,12.107037033248861,1.9825411154020705e-18,0.0071428571428571,0.0242857142857142
-23.174291663954435,25.073648082505017,1.9825411154020705e-18,0.0071428571428571,0.0323809523809523
-19.224114310575533,21.02218184158865,1.9825411154020705e-18,0.0071428571428571,0.0404761904761904
-10.28812970981744,12.086331052405097,1.9825411154020705e-18,0.0071428571428571,0.0485714285714285
-4.131212296768715,6.002358261676872,1.9825411154020705e-18,0.0071428571428571,0.0566666666666666
-2.043831883192171,3.9802457241576343,1.9825411154020705e-18,0.0071428571428571,0.0647619047619047
0.32932505246218535,1.764487598287502,1.9825411154020705e-18,0.0071428571428571,0.0728571428571428
0.5547745234691092,1.6824231618091887,1.9825411154020705e-18,0.0071428571428571,0.0809523809523809
0.6792028677803816,1.6046669784217584,1.9825411154020705e-18,0.0071428571428571,0.089047619047619
0.06271577144195062,2.2550327506524193,1.9825411154020705e-18,0.0071428571428571,0.0971428571428571
0.9035830714478816,1.359561655225841,1.9825411154020705e-18,0.0071428571428571,0.1052380952380952
0.9760243423770221,1.2371516699033474,1.9825411154020705e-18,0.0071428571428571,0.1133333333333333
0.9625864662550413,1.122726937946797,1.9825411154020705e-18,0.0071428571428571,0.1214285714285714
0.9334511880320151,1.0768401804161112,1.9825411154020705e-18,0.0071428571428571,0.1295238095238095
0.8769175643165605,0.9778054343096447,1.9825411154020705e-18,0.0071428571428571,0.1376190476190476
0.7948658390228248,0.9136817657953687,1.9825411154020705e-18,0.0071428571428571,0.1457142857142857
0.7739643638594031,0.8596442207031028,1.9825411154020705e-18,0.0071428571428571,0.1538095238095238
0.7872274917338676,0.8440507802095799,1.9825411154020705e-18,0.0071428571428571,0.1619047619047619
-191873028.11673567,191874253.11041734,1.9825411154020705e-18,0.0071428571428571,0.17
-27.75433352113312,32.67733968781028,5.947623346206199e-18,0.0214285714285714,0.0
-0.0001052887297479134,0.011019409481686874,5.947623346206199e-18,0.0214285714285714,0.008095238095238
0.0017302160498792385,0.007640728134740561,5.947623346206199e-18,0.0214285714285714,0.0161904761904762
0.0037834246014588012,0.006648915430690398,5.947623346206199e-18,0.0214285714285714,0.0242857142857142
0.006288529444943012,0.006572984323332788,5.947623346206199e-18,0.0214285714285714,0.0323809523809523
0.006354884757620007,0.008697100998577588,5.947623346206199e-18,0.0214285714285714,0.0404761904761904
0.006333679867864007,0.00939404892485639,5.947623346206199e-18,0.0214285714285714,0.0485714285714285
0.00661162022152477,0.009880914316694432,5.947623346206199e-18,0.0214285714285714,0.0566666666666666
0.007035314560934456,0.00971067361350474,5.947623346206199e-18,0.0214285714285714,0.0647619047619047
0.00774328738116936,0.009532377455703045,5.947623346206199e-18,0.0214285714285714,0.0728571428571428
0.008557375386931427,0.009516599532604773,5.947623346206199e-18,0.0214285714285714,0.0809523809523809
0.008531968797853765,0.010094055453039036,5.947623346206199e-18,0.0214285714285714,0.089047619047619
0.007495678044947994,0.012447412357448206,5.947623346206199e-18,0.0214285714285714,0.0971428571428571
0.002321400830456193,0.01945109307182201,5.947623346206199e-18,0.0214285714285714,0.1052380952380952
-0.0075344946852100286,0.030474533561610825,5.947623346206199e-18,0.0214285714285714,0.1133333333333333
-0.02280108280205502,0.04887537962215903,5.947623346206199e-18,0.0214285714285714,0.1214285714285714
-0.04278762814900913,0.07090027765525285,5.947623346206199e-18,0.0214285714285714,0.1295238095238095
-0.06490595075728592,0.09820990371550953,5.947623346206199e-18,0.0214285714285714,0.1376190476190476
-0.08862077389533879,0.13036071542573657,5.947623346206199e-18,0.0214285714285714,0.1457142857142857
-0.11924087167463984,0.18361922165359643,5.947623346206199e-18,0.0214285714285714,0.1538095238095238
0.45969719894184924,0.5562091232404203,5.947623346206199e-18,0.0214285714285714,0.1619047619047619
-4557401.330249128,4557721.003200567,5.947623346206199e-18,0.0214285714285714,0.17
0.9578537633057329,7.787684928672878,9.912705577010328e-18,0.0357142857142857,0.0
0.0022189485316891702,0.01025114346158703,9.912705577010328e-18,0.0357142857142857,0.008095238095238
0.005759460049014538,0.006818138585384263,9.912705577010328e-18,0.0357142857142857,0.0161904761904762
0.006199221321775101,0.007246518062092099,9.912705577010328e-18,0.0357142857142857,0.0242857142857142
0.006090486056531981,0.008101301774687219,9.912705577010328e-18,0.0357142857142857,0.0323809523809523
0.005996866408709623,0.007635001852064778,9.912705577010328e-18,0.0357142857142857,0.0404761904761904
0.005893037635972158,0.0072159693209878405,9.912705577010328e-18,0.0357142857142857,0.0485714285714285
0.0057147559814311345,0.006298512470209466,9.912705577010328e-18,0.0357142857142857,0.0566666666666666
0.00554636182541116,0.005989718655460039,9.912705577010328e-18,0.0357142857142857,0.0647619047619047
0.005332930891515367,0.005493465048132233,9.912705577010328e-18,0.0357142857142857,0.0728571428571428
0.005017921305068315,0.005415531802034484,9.912705577010328e-18,0.0357142857142857,0.0809523809523809
0.004866545354584004,0.005438732709023595,9.912705577010328e-18,0.0357142857142857,0.089047619047619
0.0046534939728404825,0.0054998394798855136,9.912705577010328e-18,0.0357142857142857,0.0971428571428571
0.004510396729448589,0.005651759978169008,9.912705577010328e-18,0.0357142857142857,0.1052380952380952
0.0043897128781302365,0.005862943207247164,9.912705577010328e-18,0.0357142857142857,0.1133333333333333
0.004325718062034482,0.006169694942038118,9.912705577010328e-18,0.0357142857142857,0.1214285714285714
0.0035931527464641796,0.006961135809089421,9.912705577010328e-18,0.0357142857142857,0.1295238095238095
0.0025849675628774,0.007690522035883201,9.912705577010328e-18,0.0357142857142857,0.1376190476190476
0.0007957624503968355,0.009492187618921965,9.912705577010328e-18,0.0357142857142857,0.1457142857142857
-0.01340303140436043,0.03336083355605523,9.912705577010328e-18,0.0357142857142857,0.1538095238095238
0.383747682757703,0.3979128933696112,9.912705577010328e-18,0.0357142857142857,0.1619047619047619
-1149.8114931548369,1257.6170325265941,9.912705577010328e-18,0.0357142857142857,0.17
4.038301403225531,6.099687639905421,1.3877787807814457e-17,0.05,0.0
0.005687997516764678,0.009160082368577576,1.3877787807814457e-17,0.05,0.008095238095238
0.006849461885061128,0.0072777665286968725,1.3877787807814457e-17,0.05,0.0161904761904762
0.006518433138256058,0.007465526029855741,1.3877787807814457e-17,0.05,0.0242857142857142
0.006316773931432993,0.006447907362032207,1.3877787807814457e-17,0.05,0.0323809523809523
0.005170544859248609,0.006085597379274591,1.3877787807814457e-17,0.05,0.0404761904761904
0.004699735266099614,0.005989498895633587,1.3877787807814457e-17,0.05,0.0485714285714285
0.004232725714130376,0.005781806573349023,1.3877787807814457e-17,0.05,0.0566666666666666
0.004243983224309463,0.005586467546800537,1.3877787807814457e-17,0.05,0.0647619047619047
0.004429996596141511,0.005227502111942089,1.3877787807814457e-17,0.05,0.0728571428571428
0.004381228640308475,0.005064545907019126,1.3877787807814457e-17,0.05,0.0809523809523809
0.004485384346358199,0.004960390200969401,1.3877787807814457e-17,0.05,0.089047619047619
0.004192460588034081,0.004994638617065921,1.3877787807814457e-17,0.05,0.0971428571428571
0.004026000691836754,0.005047474547692848,1.3877787807814457e-17,0.05,0.1052380952380952
0.0040219241117008895,0.005088026203210711,1.3877787807814457e-17,0.05,0.1133333333333333
0.003856141903276049,0.00532793514224415,1.3877787807814457e-17,0.05,0.1214285714285714
0.00367284071516039,0.005511236330359808,1.3877787807814457e-17,0.05,0.1295238095238095
0.002957777876630865,0.006050399177802137,1.3877787807814457e-17,0.05,0.1376190476190476
0.003002213051197343,0.0070161581352798565,1.3877787807814457e-17,0.05,0.1457142857142857
-0.01742219184577299,0.04011470341835599,1.3877787807814457e-17,0.05,0.1538095238095238
0.27360633092037984,0.32072609896386056,1.3877787807814457e-17,0.05,0.1619047619047619
-616960.5694681647,617128.7007671391,1.3877787807814457e-17,0.05,0.17
0.9343596335927384,8.279753592816727,1.784287003861859e-17,0.0642857142857142,0.0
0.006855863188028484,0.008417561781688516,1.784287003861859e-17,0.0642857142857142,0.008095238095238
0.0069116732111767125,0.007019508447606488,1.784287003861859e-17,0.0642857142857142,0.0161904761904762
0.006622680033760315,0.006692176092635085,1.784287003861859e-17,0.0642857142857142,0.0242857142857142
0.005505569413810813,0.006311668007094388,1.784287003861859e-17,0.0642857142857142,0.0323809523809523
0.004634947315933242,0.006167241650678758,1.784287003861859e-17,0.0642857142857142,0.0404761904761904
0.004480656778668465,0.006051195665822135,1.784287003861859e-17,0.0642857142857142,0.0485714285714285
0.004626252850612924,0.005709805543060476,1.784287003861859e-17,0.0642857142857142,0.0566666666666666
0.004758992755472786,0.005521277254418411,1.784287003861859e-17,0.0642857142857142,0.0647619047619047
0.005017871977049255,0.005251001950795943,1.784287003861859e-17,0.0642857142857142,0.0728571428571428
0.00494130338652095,0.005236092958551248,1.784287003861859e-17,0.0642857142857142,0.0809523809523809
0.004824374499266187,0.005353021845806013,1.784287003861859e-17,0.0642857142857142,0.089047619047619
0.004667321139721887,0.005335899832384514,1.784287003861859e-17,0.0642857142857142,0.0971428571428571
0.004585267385464411,0.00520475525529519,1.784287003861859e-17,0.0642857142857142,0.1052380952380952
0.004594194808420603,0.005018331829092997,1.784287003861859e-17,0.0642857142857142,0.1133333333333333
0.0046603609781142655,0.004756559250756933,1.784287003861859e-17,0.0642857142857142,0.1214285714285714
0.00448795017518386,0.0049289700536873406,1.784287003861859e-17,0.0642857142857142,0.1295238095238095
0.0037968358234440063,0.005213752636748994,1.784287003861859e-17,0.0642857142857142,0.1376190476190476
0.0031401777951095594,0.007314342835212042,1.784287003861859e-17,0.0642857142857142,0.1457142857142857
-0.02222161889193707,0.047461661758526875,1.784287003861859e-17,0.0642857142857142,0.1538095238095238
0.23755477566983355,0.25337761041982365,1.784287003861859e-17,0.0642857142857142,0.1619047619047619
-230290.71508704437,230369.09766449805,1.784287003861859e-17,0.0642857142857142,0.17
-17.559707613021352,26.327084406021037,2.1807952269422717e-17,0.0785714285714285,0.0
0.0071129947334420745,0.008084526981167125,2.1807952269422717e-17,0.0785714285714285,0.008095238095238
0.006657675399367295,0.007172235132655104,2.1807952269422717e-17,0.0785714285714285,0.0161904761904762
0.005808078975703641,0.006667187329415359,2.1807952269422717e-17,0.0785714285714285,0.0242857142857142
0.004881147872930963,0.006448526693932837,2.1807952269422717e-17,0.0785714285714285,0.0323809523809523
0.004482701246431327,0.006286700862514472,2.1807952269422717e-17,0.0785714285714285,0.0404761904761904
0.004584184067843629,0.00618521804110217,2.1807952269422717e-17,0.0785714285714285,0.0485714285714285
0.00467811338437301,0.006011707644456592,2.1807952269422717e-17,0.0785714285714285,0.0566666666666666
0.005086918722403102,0.005772106116212299,2.1807952269422717e-17,0.0785714285714285,0.0647619047619047
0.005471186431581224,0.005565686799018776,2.1807952269422717e-17,0.0785714285714285,0.0728571428571428
0.005283364855824806,0.005774199330878594,2.1807952269422717e-17,0.0785714285714285,0.0809523809523809
0.005149994087654279,0.0059075700990491205,2.1807952269422717e-17,0.0785714285714285,0.089047619047619
0.004962165152934296,0.005927586332463504,2.1807952269422717e-17,0.0785714285714285,0.0971428571428571
0.004788251268190563,0.005792309350792437,2.1807952269422717e-17,0.0785714285714285,0.1052380952380952
0.004713053982027535,0.005479206003946065,2.1807952269422717e-17,0.0785714285714285,0.1133333333333333
0.0046886129640563105,0.0050665565216232895,2.1807952269422717e-17,0.0785714285714285,0.1214285714285714
0.004814195826230894,0.004940973659448706,2.1807952269422717e-17,0.0785714285714285,0.1295238095238095
0.004088086804018698,0.005173259399699901,2.1807952269422717e-17,0.0785714285714285,0.1376190476190476
0.004406874350859925,0.008247541272995075,2.1807952269422717e-17,0.0785714285714285,0.1457142857142857
0.03253188643615062,0.04948898563446478,2.1807952269422717e-17,0.0785714285714285,0.1538095238095238
0.18923683027840363,0.28683065187577395,2.1807952269422717e-17,0.0785714285714285,0.1619047619047619
-44.79687500702944,108.68242246007209,2.1807952269422717e-17,0.0785714285714285,0.17
-92.90541058424616,97.73931063243533,2.577303450022685e-17,0.0928571428571428,0.0
0.0072722867639863995,0.0082380681862906,2.577303450022685e-17,0.0928571428571428,0.008095238095238
0.00643743319170559,0.0073964835893342105,2.577303450022685e-17,0.0928571428571428,0.0161904761904762
0.005396291743184543,0.007183743894852457,2.577303450022685e-17,0.0928571428571428,0.0242857142857142
0.004891410711109294,0.007006310315905105,2.577303450022685e-17,0.0928571428571428,0.0323809523809523
0.00485417799917855,0.0068816681188334505,2.577303450022685e-17,0.0928571428571428,0.0404761904761904
0.0049607337360953055,0.006775112381916695,2.577303450022685e-17,0.0928571428571428,0.0485714285714285
0.005456178814597673,0.0066004704038875265,2.577303450022685e-17,0.0928571428571428,0.0566666666666666
0.006196901341322454,0.006482942709992145,2.577303450022685e-17,0.0928571428571428,0.0647619047619047
0.006236489522153795,0.007143004803547406,2.577303450022685e-17,0.0928571428571428,0.0728571428571428
0.006101768803297742,0.007776523221616058,2.577303450022685e-17,0.0928571428571428,0.0809523809523809
0.005863728675613786,0.008014563349300015,2.577303450022685e-17,0.0928571428571428,0.089047619047619
0.005673917658704002,0.008197702065985999,2.577303450022685e-17,0.0928571428571428,0.0971428571428571
0.005431039510958726,0.007781991986629073,2.577303450022685e-17,0.0928571428571428,0.1052380952380952
0.005238083584172572,0.006867259937558428,2.577303450022685e-17,0.0928571428571428,0.1133333333333333
0.005022521285316212,0.0057924547211793895,2.577303450022685e-17,0.0928571428571428,0.1214285714285714
0.0050423408665123464,0.005772635139983253,2.577303450022685e-17,0.0928571428571428,0.1295238095238095
0.004664133821694491,0.0054644025267841095,2.577303450022685e-17,0.0928571428571428,0.1376190476190476
0.006040343074217663,0.009555135812296937,2.577303450022685e-17,0.0928571428571428,0.1457142857142857
0.03197577909601547,0.044424775172388936,2.577303450022685e-17,0.0928571428571428,0.1538095238095238
0.13474907512533782,0.15286146690841237,2.577303450022685e-17,0.0928571428571428,0.1619047619047619
-88713.45949449243,88745.50434506695,2.577303450022685e-17,0.0928571428571428,0.17
-46.187092456869536,50.88012243370723,2.973811673103098e-17,0.1071428571428571,0.0
0.007310573450261271,0.00858840700992759,2.973811673103098e-17,0.1071428571428571,0.008095238095238
0.005874333309698246,0.008265234886245153,2.973811673103098e-17,0.1071428571428571,0.0161904761904762
0.004850667826299049,0.00820454741611955,2.973811673103098e-17,0.1071428571428571,0.0242857142857142
0.004326007737476163,0.008134089602546036,2.973811673103098e-17,0.1071428571428571,0.0323809523809523
0.004437224574054487,0.008081043743128513,2.973811673103098e-17,0.1071428571428571,0.0404761904761904
0.0045269509545217725,0.007991317362661223,2.973811673103098e-17,0.1071428571428571,0.0485714285714285
0.005535451021474288,0.007790079592079708,2.973811673103098e-17,0.1071428571428571,0.0566666666666666
0.0069785752429136145,0.007634628911923386,2.973811673103098e-17,0.1071428571428571,0.0647619047619047
0.007329611328501051,0.008738691537082946,2.973811673103098e-17,0.1071428571428571,0.0728571428571428
0.007023485942536465,0.010185317987268534,2.973811673103098e-17,0.1071428571428571,0.0809523809523809
0.006724792038137115,0.010484011891667883,2.973811673103098e-17,0.1071428571428571,0.089047619047619
0.006457437846908314,0.011036044717059487,2.973811673103098e-17,0.1071428571428571,0.0971428571428571
0.006102436309945617,0.010482656750367584,2.973811673103098e-17,0.1071428571428571,0.1052380952380952
0.005776115156570878,0.008697519474219121,2.973811673103098e-17,0.1071428571428571,0.1133333333333333
0.005411669068748199,0.006594974385519202,2.973811673103098e-17,0.1071428571428571,0.1214285714285714
0.005444444930119101,0.006562198524148299,2.973811673103098e-17,0.1071428571428571,0.1295238095238095
0.004459522639707029,0.006421307884803169,2.973811673103098e-17,0.1071428571428571,0.1376190476190476
0.006969301284045522,0.012228016335849674,2.973811673103098e-17,0.1071428571428571,0.1457142857142857
0.04498401095219177,0.05014282561837661,2.973811673103098e-17,0.1071428571428571,0.1538095238095238
0.10078184097755714,0.10297001801307566,2.973811673103098e-17,0.1071428571428571,0.1619047619047619
-0.10305546855427242,0.1724431640683632,2.973811673103098e-17,0.1071428571428571,0.17
-1.6198744350278371,6.182484510864735,3.370319896183512e-17,0.1214285714285714,0.0
0.00740628700368197,0.009633095164735829,3.370319896183512e-17,0.1214285714285714,0.008095238095238
0.005298971660182854,0.009810932744262146,3.370319896183512e-17,0.1214285714285714,0.0161904761904762
0.0040538187959387306,0.00997816410354367,3.370319896183512e-17,0.1214285714285714,0.0242857142857142
0.0036344373611272166,0.010063283099076583,3.370319896183512e-17,0.1214285714285714,0.0323809523809523
0.004437688028431562,0.010226815449063238,3.370319896183512e-17,0.1214285714285714,0.0404761904761904
0.004422324723031687,0.010242178754463113,3.370319896183512e-17,0.1214285714285714,0.0485714285714285
0.006770235230202492,0.010199323892682507,3.370319896183512e-17,0.1214285714285714,0.0566666666666666
0.00985463299554204,0.01013249772709936,3.370319896183512e-17,0.1214285714285714,0.0647619047619047
0.009755340982638925,0.013055248321020676,3.370319896183512e-17,0.1214285714285714,0.0728571428571428
0.009367850160740387,0.015358371300697012,3.370319896183512e-17,0.1214285714285714,0.0809523809523809
0.008879400277025027,0.01584682118441237,3.370319896183512e-17,0.1214285714285714,0.089047619047619
0.008399340476962197,0.016616866193166203,3.370319896183512e-17,0.1214285714285714,0.0971428571428571
0.0077428361562908755,0.015215335321359925,3.370319896183512e-17,0.1214285714285714,0.1052380952380952
0.007219020200100994,0.012257873681496206,3.370319896183512e-17,0.1214285714285714,0.1133333333333333
0.006897692146873326,0.009837615670663675,3.370319896183512e-17,0.1214285714285714,0.1214285714285714
0.0075104766647639525,0.009224831152773049,3.370319896183512e-17,0.1214285714285714,0.1295238095238095
0.008685338220006285,0.010048140221449516,3.370319896183512e-17,0.1214285714285714,0.1376190476190476
0.01715038912329911,0.024051042210163492,3.370319896183512e-17,0.1214285714285714,0.1457142857142857
0.0390091196303453,0.04943900463694591,3.370319896183512e-17,0.1214285714285714,0.1538095238095238
0.02801410643734656,0.07656867771280984,3.370319896183512e-17,0.1214285714285714,0.1619047619047619
0.029423899943146734,0.07515888420700967,3.370319896183512e-17,0.1214285714285714,0.17
-91.88588132495826,96.52259045054305,3.766828119263924e-17,0.1357142857142857,0.0
0.006780414946944432,0.01075897900948537,3.766828119263924e-17,0.1357142857142857,0.008095238095238
0.003365528824001148,0.012453535701238739,3.766828119263924e-17,0.1357142857142857,0.0161904761904762
0.0016464423194040645,0.013302281325235206,3.766828119263924e-17,0.1357142857142857,0.0242857142857142
0.001262528959447359,0.013614373919875286,3.766828119263924e-17,0.1357142857142857,0.0323809523809523
0.002451041260480357,0.013903724075078241,3.766828119263924e-17,0.1357142857142857,0.0404761904761904
0.0023417978450082626,0.014012967490549819,3.766828119263924e-17,0.1357142857142857,0.0485714285714285
0.005211034183953314,0.014325633012293303,3.766828119263924e-17,0.1357142857142857,0.0566666666666666
0.008867422073832194,0.014712738954345005,3.766828119263924e-17,0.1357142857142857,0.0647619047619047
0.012314151504498685,0.015231223648355871,3.766828119263924e-17,0.1357142857142857,0.0728571428571428
0.014693893671717178,0.01569175628743502,3.766828119263924e-17,0.1357142857142857,0.0809523809523809
0.014303185145322004,0.016082464813828443,3.766828119263924e-17,0.1357142857142857,0.089047619047619
0.014854041997755266,0.016597040026662936,3.766828119263924e-17,0.1357142857142857,0.0971428571428571
0.013517403328312708,0.017063346441519692,3.766828119263924e-17,0.1357142857142857,0.1052380952380952
0.011212816142377447,0.017556842703405753,3.766828119263924e-17,0.1357142857142857,0.1133333333333333
0.009676291124612468,0.018474232111869132,3.766828119263924e-17,0.1357142857142857,0.1214285714285714
0.007972819529109297,0.020177703707370275,3.766828119263924e-17,0.1357142857142857,0.1295238095238095
0.007584585486349401,0.025257012452312398,3.766828119263924e-17,0.1357142857142857,0.1376190476190476
0.014103315965998368,0.03531461611271775,3.766828119263924e-17,0.1357142857142857,0.1457142857142857
0.028859496859867575,0.045827599989574794,3.766828119263924e-17,0.1357142857142857,0.1538095238095238
0.028038319723606125,0.053205966317169076,3.766828119263924e-17,0.1357142857142857,0.1619047619047619
0.0332156936990241,0.0480285923417511,3.766828119263924e-17,0.1357142857142857,0.17
-48.23589751001949,56.11492028617558,4.163336342344337e-17,0.15,0.0
-62.84410270495378,70.28171592686806,4.163336342344337e-17,0.15,0.008095238095238
-80.21157831237294,83.42459452487905,4.163336342344337e-17,0.15,0.0161904761904762
-78.37831862985362,83.05218959514664,4.163336342344337e-17,0.15,0.0242857142857142
-5.166722162336377,14.680443983733184,4.163336342344337e-17,0.15,0.0323809523809523
-20.888504329095746,30.7253519179325,4.163336342344337e-17,0.15,0.0404761904761904
-40.469328661770966,50.30617625060771,4.163336342344337e-17,0.15,0.0485714285714285
-43.46985321280615,54.1900975652755,4.163336342344337e-17,0.15,0.0566666666666666
-26.203905757102586,38.31943882946011,4.163336342344337e-17,0.15,0.0647619047619047
-11.55770898089937,25.19041954549597,4.163336342344337e-17,0.15,0.0728571428571428
-0.7903766186954231,15.853113506931251,4.163336342344337e-17,0.15,0.0809523809523809
-5.537120035531832,20.59985692376766,4.163336342344337e-17,0.15,0.089047619047619
3.5252646098663183,12.866263154200439,4.163336342344337e-17,0.15,0.0971428571428571
7.891762896584698,9.34799586325537,4.163336342344337e-17,0.15,0.1052380952380952
8.699015600892036,9.427493200657356,4.163336342344337e-17,0.15,0.1133333333333333
8.985814788120052,9.906566125000616,4.163336342344337e-17,0.15,0.1214285714285714
-1.0408342763880256,19.933215189508694,4.163336342344337e-17,0.15,0.1295238095238095
-83.54265077350377,103.44041428827182,4.163336342344337e-17,0.15,0.1376190476190476
-195.1349745317399,218.07704569377083,4.163336342344337e-17,0.15,0.1457142857142857
-270.73451568251875,297.1085621469213,4.163336342344337e-17,0.15,0.1538095238095238
-214.56306505249998,242.92946547001608,4.163336342344337e-17,0.15,0.1619047619047619
0.9186822499818526,27.447718167534237,4.163336342344337e-17,0.15,0.17
-2.9076581838789948,4.148139599833799,0.005050762722761,0.005050762722761,0.0
-7.464422905043325,10.930023478011975,0.005050762722761,0.005050762722761,0.008095238095238
-5.999037934388334,9.144795386018256,0.005050762722761,0.005050762722761,0.0161904761904762
-20.441345048962344,22.014892002174367,0.005050762722761,0.005050762722761,0.0242857142857142
-23.451153813607213,24.452764735834847,0.005050762722761,0.005050762722761,0.0323809523809523
-18.00192522245042,18.90433690438054,0.005050762722761,0.005050762722761,0.0404761904761904
-13.253253943344076,14.161407172226712,0.005050762722761,0.005050762722761,0.0485714285714285
-9.774924942680263,10.676786972734226,0.005050762722761,0.005050762722761,0.0566666666666666
-7.549051864692789,8.434345592105071,0.005050762722761,0.005050762722761,0.0647619047619047
-5.847298154568505,6.69846053475293,0.005050762722761,0.005050762722761,0.0728571428571428
-4.466025361828464,5.313900630571418,0.005050762722761,0.005050762722761,0.0809523809523809
-3.2703637939100494,4.129695758999261,0.005050762722761,0.005050762722761,0.089047619047619
-2.212180160523076,3.118697889435808,0.005050762722761,0.005050762722761,0.0971428571428571
-0.17082945236650027,1.1314207757988894,0.005050762722761,0.005050762722761,0.1052380952380952
-0.05328786179642675,1.0351824817448092,0.005050762722761,0.005050762722761,0.1133333333333333
0.05580388875529091,0.9518252465192127,0.005050762722761,0.005050762722761,0.1214285714285714
0.12624567725938501,0.8849954942106477,0.005050762722761,0.005050762722761,0.1295238095238095
0.18574994085200403,0.8193963980371728,0.005050762722761,0.005050762722761,0.1376190476190476
0.22705973666886825,0.7655829131365204,0.005050762722761,0.005050762722761,0.1457142857142857
0.2890840255928209,0.704458653558405,0.005050762722761,0.005050762722761,0.1538095238095238
0.6516107792481455,0.7121854258677488,0.005050762722761,0.005050762722761,0.1619047619047619
-150534442.24931195,150535593.42651978,0.005050762722761,0.005050762722761,0.17
1.678507602092176,1.7749937962028521,0.0055824219567358,-0.0055824219567359,0.0
-7.316920982054174,10.621274960347717,0.0055824219567358,-0.0055824219567359,0.0089473684210526
-7.814084396649101,10.706412105068836,0.0055824219567358,-0.0055824219567359,0.0178947368421052
-24.17310662783187,25.513151378233722,0.0055824219567358,-0.0055824219567359,0.0268421052631579
-22.30847788448439,23.389472582941046,0.0055824219567358,-0.0055824219567359,0.0357894736842105
-16.973411081707567,17.997408517114756,0.0055824219567358,-0.0055824219567359,0.0447368421052631
-12.6259229686293,13.618339774917704,0.0055824219567358,-0.0055824219567359,0.0536842105263157
-8.599834925637065,9.593797493865228,0.0055824219567358,-0.0055824219567359,0.0626315789473684
-6.0482442122128175,7.041472739616283,0.0055824219567358,-0.0055824219567359,0.071578947368421
-4.256996669035792,5.241551638377643,0.0055824219567358,-0.0055824219567359,0.0805263157894736
-2.9235236978246717,3.901357466268952,0.0055824219567358,-0.0055824219567359,0.0894736842105263
-2.0032960737351937,2.9742561900026985,0.0055824219567358,-0.0055824219567359,0.0984210526315789
-0.1612604416476186,1.142699235495472,0.0055824219567358,-0.0055824219567359,0.1073684210526315
-0.007081522266664919,1.0207832781826294,0.0055824219567358,-0.0055824219567359,0.1163157894736842
0.1475305355499859,0.9231240597225205,0.0055824219567358,-0.0055824219567359,0.1252631578947368
0.2655900634459625,0.8438264839771528,0.0055824219567358,-0.0055824219567359,0.1342105263157895
0.41731504637871253,0.7668944939668476,0.0055824219567358,-0.0055824219567359,0.1431578947368421
0.49996576678590643,0.7057027445229326,0.0055824219567358,-0.0055824219567359,0.1521052631578947
0.5195488688750263,0.680674057674274,0.0055824219567358,-0.0055824219567359,0.1610526315789473
-232823.12712640723,233382.12076612684,0.0055824219567358,-0.0055824219567359,0.17
-125.35611695356718,135.73104546417792,0.015,0.0,0.0
0.009549240556639207,0.020941829579652394,0.015,0.0,0.0085
0.00859401096591524,0.027346732779206354,0.015,0.0,0.0169999999999999
0.04672160743857637,0.43226857218645565,0.015,0.0,0.0254999999999999
0.11660592715983809,0.4387525591169801,0.015,0.0,0.034
0.21363611515801834,0.33390018304890806,0.015,0.0,0.0425
0.2716366074828184,0.2967763969387746,0.015,0.0,0.051
0.2044971748301855,0.37421588134238504,0.015,0.0,0.0594999999999999
0.17009910406641415,0.42167161776390627,0.015,0.0,0.068
0.14275970040402694,0.45271420839247445,0.015,0.0,0.0764999999999999
0.12396780285907275,0.47070045064968613,0.015,0.0,0.085
0.12052443036428487,0.48152845384473775,0.015,0.0,0.0935
0.16317888120305254,0.4834239675640172,0.015,0.0,0.102
0.22526880202237198,0.47922146824719625,0.015,0.0,0.1105
0.25953684818409284,0.47144945894549417,0.015,0.0,0.119
0.3097411185948118,0.4612463630094594,0.015,0.0,0.1275
0.34614062515686017,0.446990090206993,0.015,0.0,0.136
0.36759320793408307,0.4320962104120433,0.015,0.0,0.1445
0.39134677563560355,0.4206951790044445,0.015,0.0,0.153
0.4988206123999826,0.7006651744221984,0.015,0.0,0.1615
-23725508.51836475,23725766.92712848,0.015,0.0,0.17
-19.234861131200173,24.027728429076536,0.0151522881682831,0.0151522881682831,0.0
0.0004915660733364616,0.010188782859717537,0.0151522881682831,0.0151522881682831,0.008095238095238
0.0002666385245355947,0.007817281694461805,0.0151522881682831,0.0151522881682831,0.0161904761904762
0.0003180862699796584,0.00784153620710214,0.0151522881682831,0.0151522881682831,0.0242857142857142
0.001799828749707444,0.007134797400602556,0.0151522881682831,0.0151522881682831,0.0323809523809523
0.0021397714162036713,0.007649467893899729,0.0151522881682831,0.0151522881682831,0.0404761904761904
0.001976486109804954,0.008190801675502443,0.0151522881682831,0.0151522881682831,0.0485714285714285
0.0017923481201662355,0.008944185252904965,0.0151522881682831,0.0151522881682831,0.0566666666666666
0.0010901132236722415,0.00985456049024976,0.0151522881682831,0.0151522881682831,0.0647619047619047
-0.00020036852997535725,0.011421390844168957,0.0151522881682831,0.0151522881682831,0.0728571428571428
-0.0024293113945766404,0.013797280505822946,0.0151522881682831,0.0151522881682831,0.0809523809523809
-0.012955358189409667,0.024371235664973463,0.0151522881682831,0.0151522881682831,0.089047619047619
-0.02479897573101406,0.03622811421465166,0.0151522881682831,0.0151522881682831,0.0971428571428571
-0.0459117331485802,0.057199738057045604,0.0151522881682831,0.0151522881682831,0.1052380952380952
-0.07094754402474732,0.08213520844942432,0.0151522881682831,0.0151522881682831,0.1133333333333333
-0.09851013808031836,0.10945377928736835,0.0151522881682831,0.0151522881682831,0.1214285714285714
-0.11907040133629641,0.12984490105161442,0.0151522881682831,0.0151522881682831,0.1295238095238095
-0.13987413305983704,0.15017805003254342,0.0151522881682831,0.0151522881682831,0.1376190476190476
-0.15757572381993082,0.1678955354391158,0.0151522881682831,0.0151522881682831,0.1457142857142857
-0.17732216890217362,0.19581501226425502,0.0151522881682831,0.0151522881682831,0.1538095238095238
0.3922427985961846,0.6250596573809136,0.0151522881682831,0.0151522881682831,0.1619047619047619
-2584641.667167975,2584923.005048143,0.0151522881682831,0.0151522881682831,0.17
-7.06272610241944,10.61517226834389,0.0167472658702077,-0.0167472658702077,0.0
0.0073636027182112426,0.007925211257612757,0.0167472658702077,-0.0167472658702077,0.0089473684210526
0.006135668946310304,0.006992235636174497,0.0167472658702077,-0.0167472658702077,0.0178947368421052
0.006518894581775039,0.006736167679447961,0.0167472658702077,-0.0167472658702077,0.0268421052631579
0.006593728451605611,0.00779574783603559,0.0167472658702077,-0.0167472658702077,0.0357894736842105
0.006555115267831177,0.008971061629469623,0.0167472658702077,-0.0167472658702077,0.0447368421052631
0.006801857079512495,0.012169111005064508,0.0167472658702077,-0.0167472658702077,0.0536842105263157
0.006143869771701609,0.018542143403066192,0.0167472658702077,-0.0167472658702077,0.0626315789473684
0.006572051062948458,0.027031649684314752,0.0167472658702077,-0.0167472658702077,0.071578947368421
0.007286365427262249,0.03873679429469494,0.0167472658702077,-0.0167472658702077,0.0805263157894736
0.007917238660654025,0.04637921461342938,0.0167472658702077,-0.0167472658702077,0.0894736842105263
0.009619593714390782,0.06579763196315982,0.0167472658702077,-0.0167472658702077,0.0984210526315789
0.012786360062164472,0.08994923890659573,0.0167472658702077,-0.0167472658702077,0.1073684210526315
0.020048394448143513,0.11468430142144848,0.0167472658702077,-0.0167472658702077,0.1163157894736842
0.02852397792403298,0.140985106367441,0.0167472658702077,-0.0167472658702077,0.1252631578947368
0.037488831164406045,0.14942180517958276,0.0167472658702077,-0.0167472658702077,0.1342105263157895
0.053892539532874144,0.16600458170757945,0.0167472658702077,-0.0167472658702077,0.1431578947368421
0.09014630135720902,0.16458189872665896,0.0167472658702077,-0.0167472658702077,0.1521052631578947
0.31849494651162336,0.33101583250838007,0.0167472658702077,-0.0167472658702077,0.1610526315789473
-2958572.4977045306,2958721.988201915,0.0167472658702077,-0.0167472658702077,0.17
-156.6831919439365,160.36237828685626,0.0252538136138052,0.0252538136138052,0.0
0.0006657529742621592,0.009483907126428841,0.0252538136138052,0.0252538136138052,0.008095238095238
0.0028465952936530406,0.00590655117647976,0.0252538136138052,0.0252538136138052,0.0161904761904762
0.003821840328875593,0.004962894065051607,0.0252538136138052,0.0252538136138052,0.0242857142857142
0.004337147433130843,0.004647617039426356,0.0252538136138052,0.0252538136138052,0.0323809523809523
0.004634417978616713,0.004836354453930888,0.0252538136138052,0.0252538136138052,0.0404761904761904
0.004786582040302163,0.004984284411361637,0.0252538136138052,0.0252538136138052,0.0485714285714285
0.00495786816597054,0.0054051215342812604,0.0252538136138052,0.0252538136138052,0.0566666666666666
0.004879807194030581,0.005750032164961819,0.0252538136138052,0.0252538136138052,0.0647619047619047
0.00508813633401385,0.005970356397146151,0.0252538136138052,0.0252538136138052,0.0728571428571428
0.004962362019941904,0.006417780456482097,0.0252538136138052,0.0252538136138052,0.0809523809523809
0.005157682682628543,0.006328300607937457,0.0252538136138052,0.0252538136138052,0.089047619047619
0.00536750624290755,0.00618689071681965,0.0252538136138052,0.0252538136138052,0.0971428571428571
0.005378875410517053,0.006004895413704947,0.0252538136138052,0.0252538136138052,0.1052380952380952
0.005355211737412144,0.0058603725984454555,0.0252538136138052,0.0252538136138052,0.1133333333333333
0.005081003762901948,0.005671224156548852,0.0252538136138052,0.0252538136138052,0.1214285714285714
0.004627242717796309,0.005830897510585291,0.0252538136138052,0.0252538136138052,0.1295238095238095
0.0031222709577991385,0.006493281899075861,0.0252538136138052,0.0252538136138052,0.1376190476190476
0.0007712907874447171,0.008426897432508684,0.0252538136138052,0.0252538136138052,0.1457142857142857
-0.007617727506003785,0.027187756341305186,0.0252538136138052,0.0252538136138052,0.1538095238095238
0.3190597908671338,0.45608792973958373,0.0252538136138052,0.0252538136138052,0.1619047619047619
-338.63424595189105,440.7508440931803,0.0252538136138052,0.0252538136138052,0.17
-27.935922273992958,32.088706620779874,0.0279121097836795,-0.0279121097836795,0.0
0.007957019323803442,0.008315795835620959,0.0279121097836795,-0.0279121097836795,0.0089473684210526
0.007091625829669277,0.007431563248216923,0.0279121097836795,-0.0279121097836795,0.0178947368421052
0.006772692686281059,0.00706606744106334,0.0279121097836795,-0.0279121097836795,0.0268421052631579
0.006217650373680663,0.006750314537867537,0.0279121097836795,-0.0279121097836795,0.0357894736842105
0.006119296700661956,0.006575148882300443,0.0279121097836795,-0.0279121097836795,0.0447368421052631
0.006010935139628777,0.006394725373951224,0.0279121097836795,-0.0279121097836795,0.0536842105263157
0.006140885757777994,0.006267753561211006,0.0279121097836795,-0.0279121097836795,0.0626315789473684
0.006151170243757421,0.006369187005173382,0.0279121097836795,-0.0279121097836795,0.071578947368421
0.006075261502325837,0.006608086648008963,0.0279121097836795,-0.0279121097836795,0.0805263157894736
0.006020518896356719,0.006762644315834081,0.0279121097836795,-0.0279121097836795,0.0894736842105263
0.005989344608137878,0.007002517156160321,0.0279121097836795,-0.0279121097836795,0.0984210526315789
0.006060512959545753,0.007245557108521847,0.0279121097836795,-0.0279121097836795,0.1073684210526315
0.006408218267266567,0.007539991724056833,0.0279121097836795,-0.0279121097836795,0.1163157894736842
0.007240825430824223,0.007649569798642578,0.0279121097836795,-0.0279121097836795,0.1252631578947368
0.0076132764040331554,0.007947349587092846,0.0279121097836795,-0.0279121097836795,0.1342105263157895
0.008199004171280607,0.009525977416223793,0.0279121097836795,-0.0279121097836795,0.1431578947368421
0.010617859532465097,0.0191055184335187,0.0279121097836795,-0.0279121097836795,0.1521052631578947
0.26405203414788425,0.2856197031127552,0.0279121097836795,-0.0279121097836795,0.1610526315789473
-471808.2849762709,472016.25489202276,0.0279121097836795,-0.0279121097836795,0.17
-325.39383661611134,328.6123887142571,0.0299999999999999,0.0,0.0
0.00416181274575733,0.01082774924653605,0.0299999999999999,0.0,0.0085
0.001559981501517406,0.009461455852017795,0.0299999999999999,0.0,0.0169999999999999
9.249761657877022e-05,0.008933137091128428,0.0299999999999999,0.0,0.0254999999999999
0.0002339031727471375,0.008697182425412661,0.0299999999999999,0.0,0.034
0.00017672949016047344,0.008523397146074927,0.0299999999999999,0.0,0.0425
9.488230929541146e-05,0.008398221139368188,0.0299999999999999,0.0,0.051
5.5392943425840516e-05,0.008319970685349159,0.0299999999999999,0.0,0.0594999999999999
-0.0001958570054822811,0.008353745391712682,0.0299999999999999,0.0,0.068
-0.0005538103586195655,0.008538236347769165,0.0299999999999999,0.0,0.0764999999999999
-0.0010731795815024812,0.008997990503631481,0.0299999999999999,0.0,0.085
-0.002229202665524935,0.010145450530496133,0.0299999999999999,0.0,0.0935
-0.004160030417292755,0.012219888568376556,0.0299999999999999,0.0,0.102
-0.007596321899435042,0.01589555328317744,0.0299999999999999,0.0,0.1105
-0.013075945639223397,0.021530122369591398,0.0299999999999999,0.0,0.119
-0.0200379067105377,0.0288308273333489,0.0299999999999999,0.0,0.1275
-0.030551463957379007,0.03976547594828401,0.0299999999999999,0.0,0.136
-0.04313610688034351,0.0526891607944401,0.0299999999999999,0.0,0.1445
-0.05481554164530013,0.07279236204311952,0.0299999999999999,0.0,0.153
0.2799093460251467,0.5118770168794546,0.0299999999999999,0.0,0.1615
-1903.5885359631889,2014.0231498524627,0.0299999999999999,0.0,0.17
-18.30606487698591,25.523936955573173,0.0353553390593273,0.0353553390593273,0.0
0.0031658390427906583,0.007468017111259342,0.0353553390593273,0.0353553390593273,0.008095238095238
0.004070890105335848,0.004982914460711151,0.0353553390593273,0.0353553390593273,0.0161904761904762
0.004438724235738664,0.004617093729122537,0.0353553390593273,0.0353553390593273,0.0242857142857142
0.004495973187406488,0.004652319216387712,0.0353553390593273,0.0353553390593273,0.0323809523809523
0.004500038011008701,0.004751776239939698,0.0353553390593273,0.0353553390593273,0.0404761904761904
0.004501825398699019,0.00482670063244558,0.0353553390593273,0.0353553390593273,0.0485714285714285
0.004509645190948915,0.005029342161183084,0.0353553390593273,0.0353553390593273,0.0566666666666666
0.004528801861574763,0.005410248578833237,0.0353553390593273,0.0353553390593273,0.0647619047619047
0.004359329229629832,0.006054629985059168,0.0353553390593273,0.0353553390593273,0.0728571428571428
0.004390960072002554,0.006376092271104245,0.0353553390593273,0.0353553390593273,0.0809523809523809
0.004448991162848635,0.006443192107732766,0.0353553390593273,0.0353553390593273,0.089047619047619
0.00447473188752626,0.006477250254584741,0.0353553390593273,0.0353553390593273,0.0971428571428571
0.004513581906738651,0.006264467813591349,0.0353553390593273,0.0353553390593273,0.1052380952380952
0.004600515647960521,0.006022461704722682,0.0353553390593273,0.0353553390593273,0.1133333333333333
0.004524914527874345,0.005686772557054454,0.0353553390593273,0.0353553390593273,0.1214285714285714
0.004510432659647177,0.005444325406916023,0.0353553390593273,0.0353553390593273,0.1295238095238095
0.004476851367587851,0.004782270545869549,0.0353553390593273,0.0353553390593273,0.1376190476190476
0.004663186792880539,0.0050736416421600615,0.0353553390593273,0.0353553390593273,0.1457142857142857
0.001542453094409443,0.02223585954937376,0.0353553390593273,0.0353553390593273,0.1538095238095238
0.2724537962835756,0.3148941712221882,0.0353553390593273,0.0353553390593273,0.1619047619047619
-185076.45462126893,185239.82039337358,0.0353553390593273,0.0353553390593273,0.17
-48.96671189502806,52.41581499683635,0.0390769536971513,-0.0390769536971513,0.0
0.0023638216001318447,0.005897831279064135,0.0390769536971513,-0.0390769536971513,0.0089473684210526
0.0028250876030641633,0.005116333384182237,0.0390769536971513,-0.0390769536971513,0.0178947368421052
0.0029129063103986003,0.0050017495003688,0.0390769536971513,-0.0390769536971513,0.0268421052631579
0.0030366107900220668,0.004948737178136133,0.0390769536971513,-0.0390769536971513,0.0357894736842105
0.0031131248293475647,0.004913736422683435,0.0390769536971513,-0.0390769536971513,0.0447368421052631
0.0031920126035116826,0.004889251680361518,0.0390769536971513,-0.0390769536971513,0.0536842105263157
0.0032198033402937856,0.004881052194293414,0.0390769536971513,-0.0390769536971513,0.0626315789473684
0.003231211007141439,0.00489393779538116,0.0390769536971513,-0.0390769536971513,0.071578947368421
0.003228078957695572,0.004927344899690426,0.0390769536971513,-0.0390769536971513,0.0805263157894736
0.003211200713276046,0.004974681190392754,0.0390769536971513,-0.0390769536971513,0.0894736842105263
0.003211869097851429,0.0050498918714387735,0.0390769536971513,-0.0390769536971513,0.0984210526315789
0.003200132826839372,0.005126697374685826,0.0390769536971513,-0.0390769536971513,0.1073684210526315
0.003199547912113232,0.005275394019828769,0.0390769536971513,-0.0390769536971513,0.1163157894736842
0.003303880293843647,0.0055559448802165535,0.0390769536971513,-0.0390769536971513,0.1252631578947368
0.0030581893015074408,0.006136859205407159,0.0390769536971513,-0.0390769536971513,0.1342105263157895
0.002113139620094912,0.008075628888509687,0.0390769536971513,-0.0390769536971513,0.1431578947368421
-0.0011544175109728608,0.025603828282934664,0.0390769536971513,-0.0390769536971513,0.1521052631578947
0.2196597792027603,0.2459427627974785,0.0390769536971513,-0.0390769536971513,0.1610526315789473
-167.46014598320136,252.34243784073345,0.0390769536971513,-0.0390769536971513,0.17
-376.2716939654813,377.5064599035313,0.045,0.0,0.0
0.007769088485635992,0.011793986474898209,0.045,0.0,0.0085
0.005327880644462584,0.009570067334499216,0.045,0.0,0.0169999999999999
0.003639067539398628,0.00859118529254437,0.045,0.0,0.0254999999999999
0.0029937833787925376,0.008169829441471063,0.045,0.0,0.034
0.0016014154000832228,0.007771755643709977,0.045,0.0,0.0425
0.0007175039327033356,0.007537697371860065,0.045,0.0,0.051
0.0004757041286490389,0.0074578989979883605,0.045,0.0,0.0594999999999999
0.0001982645767447202,0.00746606178076668,0.045,0.0,0.068
0.0001419409994347482,0.007505541060331251,0.045,0.0,0.0764999999999999
8.59257993313131e-05,0.007583237591841487,0.045,0.0,0.085
-1.7989506195614444e-05,0.007712904776486614,0.045,0.0,0.0935
-0.0013177655319012546,0.009061358501428255,0.045,0.0,0.102
-0.0014140190514547579,0.009245633652474957,0.045,0.0,0.1105
-0.0016068760706970716,0.009497264991945871,0.045,0.0,0.119
-0.0017928020446595508,0.009791127932807151,0.045,0.0,0.1275
-0.0006876724202120729,0.008761780640941672,0.045,0.0,0.136
-0.0012053734464294846,0.009386647741988684,0.045,0.0,0.1445
0.0030704374448492257,0.016972076697321373,0.045,0.0,0.153
0.24301415776802254,0.3620263623394649,0.045,0.0,0.1615
-697415.814254599,697577.4573891027,0.045,0.0,0.17
-224.5257005625734,227.897178426522,0.0454568645048494,0.0454568645048494,0.0
0.004419267088002242,0.006185541661272357,0.0454568645048494,0.0454568645048494,0.008095238095238
0.0039015147965393154,0.005007393165909084,0.0454568645048494,0.0454568645048494,0.0161904761904762
0.003970494853526875,0.004835311471125926,0.0454568645048494,0.0454568645048494,0.0242857142857142
0.004008922107190102,0.004842444900188498,0.0454568645048494,0.0454568645048494,0.0323809523809523
0.003926726882527581,0.0048377803848026184,0.0454568645048494,0.0454568645048494,0.0404761904761904
0.003869446252801319,0.00479133865480628,0.0454568645048494,0.0454568645048494,0.0485714285714285
0.0038443311947137624,0.004646981121921039,0.0454568645048494,0.0454568645048494,0.0566666666666666
0.004421311988742203,0.004617243721534596,0.0454568645048494,0.0454568645048494,0.0647619047619047
0.004189119912357365,0.005173135300258036,0.0454568645048494,0.0454568645048494,0.0728571428571428
0.004031080498888668,0.005701540650904932,0.0454568645048494,0.0454568645048494,0.0809523809523809
0.003938545327643152,0.005794075822150448,0.0454568645048494,0.0454568645048494,0.089047619047619
0.003902815538388442,0.006068584009044158,0.0454568645048494,0.0454568645048494,0.0971428571428571
0.003954986653598764,0.006004904731775236,0.0454568645048494,0.0454568645048494,0.1052380952380952
0.004003335530727181,0.005722867558525219,0.0454568645048494,0.0454568645048494,0.1133333333333333
0.004072106232353747,0.0053310123620918535,0.0454568645048494,0.0454568645048494,0.1214285714285714
0.004138157163799817,0.005264961430645783,0.0454568645048494,0.0454568645048494,0.1295238095238095
0.004189071667984019,0.004658437373150582,0.0454568645048494,0.0454568645048494,0.1376190476190476
0.004697363662605398,0.005198202941263801,0.0454568645048494,0.0454568645048494,0.1457142857142857
-0.002952574658295081,0.02888594068155888,0.0454568645048494,0.0454568645048494,0.1538095238095238
0.20641357513301342,0.2252721239910199,0.0454568645048494,0.0454568645048494,0.1619047619047619
-388832.85475972726,388966.3945654584,0.0454568645048494,0.0454568645048494,0.17
-159.87524117747867,160.5199997847324,0.050241797610623,-0.0502417976106231,0.0
0.000754146615742377,0.0052000351510703875,0.050241797610623,-0.0502417976106231,0.0089473684210526
0.0017849064406475794,0.0047428681061810205,0.050241797610623,-0.0502417976106231,0.0178947368421052
0.0024864943044756397,0.00479593896180296,0.050241797610623,-0.0502417976106231,0.0268421052631579
0.0030263320529891986,0.004826391855072402,0.050241797610623,-0.0502417976106231,0.0357894736842105
0.003264688010926271,0.004809030304602929,0.050241797610623,-0.0502417976106231,0.0447368421052631
0.0037392338902327935,0.004726051749667807,0.050241797610623,-0.0502417976106231,0.0536842105263157
0.004580999167339886,0.0046279602393177145,0.050241797610623,-0.0502417976106231,0.0626315789473684
0.004427513534748958,0.0046280923713636415,0.050241797610623,-0.0502417976106231,0.071578947368421
0.004274815037842231,0.00444544208952837,0.050241797610623,-0.0502417976106231,0.0805263157894736
0.004232037286279284,0.004488219841091316,0.050241797610623,-0.0502417976106231,0.0894736842105263
0.003994289053680264,0.004239669208091935,0.050241797610623,-0.0502417976106231,0.0984210526315789
0.003342630172104435,0.004327222406820165,0.050241797610623,-0.0502417976106231,0.1073684210526315
0.00268082193754642,0.00448989872915298,0.050241797610623,-0.0502417976106231,0.1163157894736842
0.0019764684025226093,0.004718606372938591,0.050241797610623,-0.0502417976106231,0.1252631578947368
0.0015100403181856328,0.0050381774975795665,0.050241797610623,-0.0502417976106231,0.1342105263157895
-0.00025160760832114524,0.007186202115391145,0.050241797610623,-0.0502417976106231,0.1431578947368421
-0.0054412268465415334,0.026253671071955136,0.050241797610623,-0.0502417976106231,0.1521052631578947
0.12603002898444285,0.15891209892914357,0.050241797610623,-0.0502417976106231,0.1610526315789473
-109122.85592662274,109238.66115296046,0.050241797610623,-0.0502417976106231,0.17
-196.9286075320304,200.34691320919683,0.0555583899503715,0.0555583899503716,0.0
0.004389539338727917,0.006370061498187684,0.0555583899503715,0.0555583899503716,0.008095238095238
0.00327030041067465,0.005446597268901349,0.0555583899503715,0.0555583899503716,0.0161904761904762
0.00304044334093277,0.005235534797359829,0.0555583899503715,0.0555583899503716,0.0242857142857142
0.0027075132132195175,0.005124992689644082,0.0555583899503715,0.0555583899503716,0.0323809523809523
0.0024482971436556537,0.005018375670926747,0.0555583899503715,0.0555583899503716,0.0404761904761904
0.0023909348075780244,0.004918102083695975,0.0555583899503715,0.0555583899503716,0.0485714285714285
0.0027572772249686156,0.004285625641461585,0.0555583899503715,0.0555583899503716,0.0566666666666666
0.0036230903902262288,0.004145156140944171,0.0555583899503715,0.0555583899503716,0.0647619047619047
0.003992814246773367,0.004188542071209832,0.0555583899503715,0.0555583899503716,0.0728571428571428
0.0036883669653897965,0.005019650615353403,0.0555583899503715,0.0555583899503716,0.0809523809523809
0.0034153090496763486,0.005292708531066852,0.0555583899503715,0.0555583899503716,0.089047619047619
0.0033411418311225915,0.005711565640268208,0.0555583899503715,0.0555583899503716,0.0971428571428571
0.003418259752147164,0.005638852169011636,0.0555583899503715,0.0555583899503716,0.1052380952380952
0.0035402957759245466,0.005354863450939654,0.0555583899503715,0.0555583899503716,0.1133333333333333
0.003683801314136825,0.005043785650872574,0.0555583899503715,0.0555583899503716,0.1214285714285714
0.003794314797690916,0.0049332721673184836,0.0555583899503715,0.0555583899503716,0.1295238095238095
0.003920229791341038,0.0043863538758613626,0.0555583899503715,0.0555583899503716,0.1376190476190476
0.004652327803465846,0.005081818236725553,0.0555583899503715,0.0555583899503716,0.1457142857142857
-0.0031975813663803736,0.028667011720224372,0.0555583899503715,0.0555583899503716,0.1538095238095238
0.14730900834400282,0.15804329915676277,0.0555583899503715,0.0555583899503716,0.1619047619047619
-122108.93174262039,122210.30479251704,0.0555583899503715,0.0555583899503716,0.17
-89.72769650954609,92.59115817114437,0.0599999999999999,0.0,0.0
0.00113942241419484,0.009480262873611159,0.0599999999999999,0.0,0.0085
0.0022724426437349767,0.008330634504628624,0.0599999999999999,0.0,0.0169999999999999
0.0014537934790335126,0.007449678115306887,0.0599999999999999,0.0,0.0254999999999999
0.0009936727994023366,0.007162010062016062,0.0599999999999999,0.0,0.034
0.0004209883568022151,0.006991029918707185,0.0599999999999999,0.0,0.0425
0.001214472019207151,0.006188038173839249,0.0599999999999999,0.0,0.051
0.0012463126819943302,0.006233559046280869,0.0599999999999999,0.0,0.0594999999999999
0.001415942967597761,0.006328621896542239,0.0599999999999999,0.0,0.068
0.0013974164061726544,0.006415071540788346,0.0599999999999999,0.0,0.0764999999999999
0.0013436704123616972,0.006459557258441903,0.0599999999999999,0.0,0.085
0.0012445683375997075,0.006524339943689693,0.0599999999999999,0.0,0.0935
0.001189994129162587,0.006585577292443613,0.0599999999999999,0.0,0.102
0.00118931369124021,0.00667594417414139,0.0599999999999999,0.0,0.1105
0.0003007767793192888,0.007564481086062311,0.0599999999999999,0.0,0.119
0.0004105549157280412,0.00762265476956096,0.0599999999999999,0.0,0.1275
0.000439567529979984,0.007688522404240417,0.0599999999999999,0.0,0.136
0.0001613508714992046,0.008056226630617794,0.0599999999999999,0.0,0.1445
9.444455318098968e-05,0.021501045696767213,0.0599999999999999,0.0,0.153
0.20490335383306404,0.22667151893747814,0.0599999999999999,0.0,0.1615
-62901.81731582186,63028.32817834507,0.0599999999999999,0.0,0.17
-86.2095727878422,86.94786569997345,0.0614066415240949,-0.0614066415240949,0.0
0.0011792072400400974,0.005436033114745102,0.0614066415240949,-0.0614066415240949,0.0089473684210526
0.0024189723692933686,0.005312769234684231,0.0614066415240949,-0.0614066415240949,0.0178947368421052
0.0033128431735742364,0.005474753237802565,0.0614066415240949,-0.0614066415240949,0.0268421052631579
0.004169132250143254,0.0055736410183869455,0.0614066415240949,-0.0614066415240949,0.0357894736842105
0.004489835355867453,0.0056060747292757465,0.0614066415240949,-0.0614066415240949,0.0447368421052631
0.005136129075911495,0.005572579719207905,0.0614066415240949,-0.0614066415240949,0.0536842105263157
0.005418407959986719,0.006582325080186082,0.0614066415240949,-0.0614066415240949,0.0626315789473684
0.00514405344820431,0.006638276704560891,0.0614066415240949,-0.0614066415240949,0.071578947368421
0.0047657933800776455,0.006167588357220555,0.0614066415240949,-0.0614066415240949,0.0805263157894736
0.0044958201077001415,0.006437561629598059,0.0614066415240949,-0.0614066415240949,0.0894736842105263
0.004181107642119239,0.005397852585321162,0.0614066415240949,-0.0614066415240949,0.0984210526315789
0.00401602822193029,0.004291750112569111,0.0614066415240949,-0.0614066415240949,0.1073684210526315
0.00348141214052164,0.00397991633386536,0.0614066415240949,-0.0614066415240949,0.1163157894736842
0.002745201308177734,0.004179529987624866,0.0614066415240949,-0.0614066415240949,0.1252631578947368
0.0021478315361589083,0.004485332068732492,0.0614066415240949,-0.0614066415240949,0.1342105263157895
-0.00039192507994773723,0.007157522599205937,0.0614066415240949,-0.0614066415240949,0.1431578947368421
-0.005656176629346584,0.025105173058784784,0.0614066415240949,-0.0614066415240949,0.1521052631578947
0.09270756508464285,0.11096532099153673,0.0614066415240949,-0.0614066415240949,0.1610526315789473
-64103.814432401705,64148.838962716545,0.0614066415240949,-0.0614066415240949,0.17
-138.2169228646152,142.0203458335383,0.0656599153958937,0.0656599153958937,0.0
0.004894517893631865,0.006835777633989733,0.0656599153958937,0.0656599153958937,0.008095238095238
0.0034339488091519837,0.006034137630899815,0.0656599153958937,0.0656599153958937,0.0161904761904762
0.0030041163333991766,0.005745105319695823,0.0656599153958937,0.0656599153958937,0.0242857142857142
0.0026657783494697675,0.0055309645331930325,0.0656599153958937,0.0656599153958937,0.0323809523809523
0.002916525966395649,0.004854791079938351,0.0656599153958937,0.0656599153958937,0.0404761904761904
0.003033972497307398,0.004561780380968602,0.0656599153958937,0.0656599153958937,0.0485714285714285
0.00322133257200756,0.0040488859238804395,0.0656599153958937,0.0656599153958937,0.0566666666666666
0.002886999087369944,0.004073358461529456,0.0656599153958937,0.0656599153958937,0.0647619047619047
0.00344789265574704,0.00386247982248136,0.0656599153958937,0.0656599153958937,0.0728571428571428
0.0031633093238719497,0.00473665237595125,0.0656599153958937,0.0656599153958937,0.0809523809523809
0.0030835068180757076,0.004816454881747492,0.0656599153958937,0.0656599153958937,0.089047619047619
0.0030828409733156996,0.0053529069496631,0.0656599153958937,0.0656599153958937,0.0971428571428571
0.0031242715520273844,0.005583221544302815,0.0656599153958937,0.0656599153958937,0.1052380952380952
0.0031987805923183133,0.005535560291854687,0.0656599153958937,0.0656599153958937,0.1133333333333333
0.0033088022481136815,0.005261764021526519,0.0656599153958937,0.0656599153958937,0.1214285714285714
0.003404695823112413,0.005165870446527787,0.0656599153958937,0.0656599153958937,0.1295238095238095
0.0035446308493297845,0.004478467984982416,0.0656599153958937,0.0656599153958937,0.1376190476190476
0.004874941618662896,0.005291478850671504,0.0656599153958937,0.0656599153958937,0.1457142857142857
-0.0013236032771688222,0.026348662386620224,0.0656599153958937,0.0656599153958937,0.1538095238095238
0.10466061328493174,0.11624818063574326,0.0656599153958937,0.0656599153958937,0.1619047619047619
-109008.61961008917,109027.05185460637,0.0656599153958937,0.0656599153958937,0.17
-22.18382754742994,24.141106936597982,0.0725714854375666,-0.0725714854375667,0.0
0.0018198741722648152,0.006261885515081185,0.0725714854375666,-0.0725714854375667,0.0089473684210526
0.002842421482819551,0.006384803289139049,0.0725714854375666,-0.0725714854375667,0.0178947368421052
0.004345010459656475,0.0066181949598217256,0.0725714854375666,-0.0725714854375667,0.0268421052631579
0.0057493179655603785,0.0067915551445668215,0.0725714854375666,-0.0725714854375667,0.0357894736842105
0.006931500279640001,0.007121010611218598,0.0725714854375666,-0.0725714854375667,0.0447368421052631
0.0068019376768694755,0.008739063470918124,0.0725714854375666,-0.0725714854375667,0.0536842105263157
0.006496224700167603,0.010122224595334996,0.0725714854375666,-0.0725714854375667,0.0626315789473684
0.006039450858829885,0.010858820046075916,0.0725714854375666,-0.0725714854375667,0.071578947368421
0.005472235996725338,0.01050787645809346,0.0725714854375666,-0.0725714854375667,0.0805263157894736
0.00509920227630257,0.010880910178516228,0.0725714854375666,-0.0725714854375667,0.0894736842105263
0.004606940998809317,0.009096109663918283,0.0725714854375666,-0.0725714854375667,0.0984210526315789
0.004185085201311832,0.006248275562107568,0.0725714854375666,-0.0725714854375667,0.1073684210526315
0.003857417854387644,0.004030365838484156,0.0725714854375666,-0.0725714854375667,0.1163157894736842
0.0029378430695433657,0.0037276496634752344,0.0725714854375666,-0.0725714854375667,0.1252631578947368
0.0025000978444339856,0.004208005279445615,0.0725714854375666,-0.0725714854375667,0.1342105263157895
0.00594064329685624,0.00788739878125616,0.0725714854375666,-0.0725714854375667,0.1431578947368421
0.03057012749923093,0.06934495714943906,0.0725714854375666,-0.0725714854375667,0.1521052631578947
0.023965002948039004,0.075950081700631,0.0725714854375666,-0.0725714854375667,0.1610526315789473
0.013124241100611708,0.1437296470740353,0.0725714854375666,-0.0725714854375667,0.17
-146.63706138522372,147.80941262796404,0.0749999999999999,0.0,0.0
0.002506459628775073,0.005589138067619128,0.0749999999999999,0.0,0.0085
0.002698738813947289,0.0050816307274077115,0.0749999999999999,0.0,0.0169999999999999
0.002345484681068893,0.005041988126700307,0.0749999999999999,0.0,0.0254999999999999
0.0023868825206759727,0.004976828167994227,0.0749999999999999,0.0,0.034
0.0027467974920055522,0.005038300726210648,0.0749999999999999,0.0,0.0425
0.0033013947558055835,0.005222588635939215,0.0749999999999999,0.0,0.051
0.0034511569913145248,0.005072826400430276,0.0749999999999999,0.0,0.0594999999999999
0.0038556689604683334,0.005246446280520266,0.0749999999999999,0.0,0.068
0.00396021280674096,0.0052856207817050405,0.0749999999999999,0.0,0.0764999999999999
0.0037323296379342774,0.005279872881435723,0.0749999999999999,0.0,0.085
0.003408879532661034,0.005203996829732167,0.0749999999999999,0.0,0.0935
0.0031282762379644725,0.005151827625677528,0.0749999999999999,0.0,0.102
0.002962135767804687,0.005192864283634913,0.0749999999999999,0.0,0.1105
0.00286803491090374,0.00528696514053586,0.0749999999999999,0.0,0.119
0.002818709718287335,0.005398348890847265,0.0749999999999999,0.0,0.1275
0.0025078300350542676,0.005626362711478332,0.0749999999999999,0.0,0.136
0.002882614192303894,0.0073603254420765065,0.0749999999999999,0.0,0.1445
0.025335620650827114,0.031015159100365886,0.0749999999999999,0.0,0.153
0.13445338156515643,0.19823215404729197,0.0749999999999999,0.0,0.1615
-55890.18292652672,55936.68855340889,0.0749999999999999,0.0,0.17
-120.06703975642382,123.71641660161909,0.0757614408414157,0.0757614408414158,0.0
0.00560888246079308,0.00747847762278272,0.0757614408414157,0.0757614408414158,0.008095238095238
0.003980179023635428,0.006848090720366971,0.0757614408414157,0.0757614408414158,0.0161904761904762
0.0033312389411975993,0.0065280613373062,0.0757614408414157,0.0757614408414158,0.0242857142857142
0.003401646052267915,0.006222944958759885,0.0757614408414157,0.0757614408414158,0.0323809523809523
0.004122660245186741,0.005523589060564859,0.0757614408414157,0.0757614408414158,0.0404761904761904
0.00441027154852075,0.00523597775723085,0.0757614408414157,0.0757614408414158,0.0485714285714285
0.004268352503535236,0.005443775092504965,0.0757614408414157,0.0757614408414158,0.0566666666666666
0.0035852308490334625,0.006355095831680137,0.0757614408414157,0.0757614408414158,0.0647619047619047
0.003007707063132383,0.007435454997883617,0.0757614408414157,0.0757614408414158,0.0728571428571428
0.0028600111578737293,0.008031199976517871,0.0757614408414157,0.0757614408414158,0.0809523809523809
0.003008524778626229,0.007882686355765372,0.0757614408414157,0.0757614408414158,0.089047619047619
0.0033261003429076673,0.00765168199448253,0.0757614408414157,0.0757614408414158,0.0971428571428571
0.003365624674435299,0.0072586511487353,0.0757614408414157,0.0757614408414158,0.1052380952380952
0.0032468745104692583,0.00669506572973234,0.0757614408414157,0.0757614408414158,0.1133333333333333
0.0032835960960649014,0.005868622232364098,0.0757614408414157,0.0757614408414158,0.1214285714285714
0.0033164679782329053,0.005835750350196094,0.0757614408414157,0.0757614408414158,0.1295238095238095
0.003508155579320927,0.005675029191450872,0.0757614408414157,0.0757614408414158,0.1376190476190476
0.00830842888966098,0.011960133197900812,0.0757614408414157,0.0757614408414158,0.1457142857142857
0.0327379869269122,0.0405424837632276,0.0757614408414157,0.0757614408414158,0.1538095238095238
0.07828877477118408,0.11064911490616135,0.0757614408414157,0.0757614408414158,0.1619047619047619
0.049704232335371704,0.11824486793719631,0.0757614408414157,0.0757614408414158,0.17
-19.700914682763603,22.687192195808734,0.0837363293510385,-0.0837363293510385,0.0
0.002580636732808964,0.007322098517082237,0.0837363293510385,-0.0837363293510385,0.0089473684210526
0.0030246748539859225,0.007681149708020875,0.0837363293510385,-0.0837363293510385,0.0178947368421052
0.005104539963727912,0.008023937857189687,0.0837363293510385,-0.0837363293510385,0.0268421052631579
0.0071512570269685995,0.008295272676601398,0.0837363293510385,-0.0837363293510385,0.0357894736842105
0.008568883717200793,0.009179050959749009,0.0837363293510385,-0.0837363293510385,0.0447368421052631
0.008419252134464096,0.011469572777701107,0.0837363293510385,-0.0837363293510385,0.0536842105263157
0.008030344270021089,0.013399450750884513,0.0837363293510385,-0.0837363293510385,0.0626315789473684
0.007335560949863159,0.014619918357632041,0.0837363293510385,-0.0837363293510385,0.071578947368421
0.006439480283369128,0.014716973711814272,0.0837363293510385,-0.0837363293510385,0.0805263157894736
0.0058128298602396775,0.01534362413494372,0.0837363293510385,-0.0837363293510385,0.0894736842105263
0.005140693474899996,0.013629281299560397,0.0837363293510385,-0.0837363293510385,0.0984210526315789
0.0046516158073664805,0.01043858979107112,0.0837363293510385,-0.0837363293510385,0.1073684210526315
0.004235815416603547,0.006978768115393852,0.0837363293510385,-0.0837363293510385,0.1163157894736842
0.0041290100262711665,0.004839967338012433,0.0837363293510385,-0.0837363293510385,0.1252631578947368
0.005461860126384659,0.006049436779876148,0.0837363293510385,-0.0837363293510385,0.1342105263157895
0.012711962153486741,0.018808527419748863,0.0837363293510385,-0.0837363293510385,0.1431578947368421
0.031921670388647995,0.049667859474951594,0.0837363293510385,-0.0837363293510385,0.1521052631578947
0.04289068503300513,0.05731639046494467,0.0837363293510385,-0.0837363293510385,0.1610526315789473
-0.00035683590110321267,0.06881578879499062,0.0837363293510385,-0.0837363293510385,0.17
-46.573056700770366,49.79850146715455,0.0858629662869379,0.0858629662869379,0.0
0.0062214559385324365,0.008229153913565164,0.0858629662869379,0.0858629662869379,0.008095238095238
0.004826035452197289,0.00809353637242711,0.0858629662869379,0.0858629662869379,0.0161904761904762
0.004306847953919943,0.007868240286185256,0.0858629662869379,0.0858629662869379,0.0242857142857142
0.004400077748533413,0.007696951144838588,0.0858629662869379,0.0858629662869379,0.0323809523809523
0.005233454343711496,0.007294961470740905,0.0858629662869379,0.0858629662869379,0.0404761904761904
0.0054280756845178565,0.007100340129934544,0.0858629662869379,0.0858629662869379,0.0485714285714285
0.006514421048855106,0.006623968839111494,0.0858629662869379,0.0858629662869379,0.0566666666666666
0.005960752601076616,0.007818454918435783,0.0858629662869379,0.0858629662869379,0.0647619047619047
0.00482004677596443,0.00953583196688877,0.0858629662869379,0.0858629662869379,0.0728571428571428
0.0040005455355150345,0.010769177851349166,0.0858629662869379,0.0858629662869379,0.0809523809523809
0.003491424350401949,0.01127829903646225,0.0858629662869379,0.0858629662869379,0.089047619047619
0.003345056996136216,0.011529568934918985,0.0858629662869379,0.0858629662869379,0.0971428571428571
0.003419454999054466,0.011121781041758134,0.0858629662869379,0.0858629662869379,0.1052380952380952
0.0034734793936068275,0.010573830295688964,0.0858629662869379,0.0858629662869379,0.1133333333333333
0.0035994840054491806,0.01125229504839581,0.0858629662869379,0.0858629662869379,0.1214285714285714
0.003932962605037347,0.010918816448807656,0.0858629662869379,0.0858629662869379,0.1295238095238095
0.007349982311753237,0.013661394561821163,0.0858629662869379,0.0858629662869379,0.1376190476190476
0.01853884077601586,0.02198991114052554,0.0858629662869379,0.0858629662869379,0.1457142857142857
0.038438033908196785,0.04156781918309641,0.0858629662869379,0.0858629662869379,0.1538095238095238
0.05188653996340878,0.057345355734566617,0.0858629662869379,0.0858629662869379,0.1619047619047619
0.04964580109622269,0.0595860946017527,0.0858629662869379,0.0858629662869379,0.17
-165.57041571568547,166.22011080062683,0.0899999999999999,0.0,0.0
0.0014187962776908902,0.00481919931971231,0.0899999999999999,0.0,0.0085
0.0022896043146949253,0.004369536885640474,0.0899999999999999,0.0,0.0169999999999999
0.0026516967852363853,0.004251961973303814,0.0899999999999999,0.0,0.0254999999999999
0.003307338495033572,0.004539183516100029,0.0899999999999999,0.0,0.034
0.004971122574516768,0.005207368416937833,0.0899999999999999,0.0,0.0425
0.005603752990759961,0.0060767405966310395,0.0899999999999999,0.0,0.051
0.0056579065471814415,0.006022587040209559,0.0899999999999999,0.0,0.0594999999999999
0.005555361343566248,0.006147218305598752,0.0899999999999999,0.0,0.068
0.005280152704654589,0.0060179664395794115,0.0899999999999999,0.0,0.0764999999999999
0.0050863546603319015,0.005585029065757698,0.0899999999999999,0.0,0.085
0.004574385994928161,0.00510662915848864,0.0899999999999999,0.0,0.0935
0.0035535223038539324,0.0050774923998332675,0.0899999999999999,0.0,0.102
0.003236081455588794,0.0046000238377048065,0.0899999999999999,0.0,0.1105
0.0032491790258402068,0.004586926267453393,0.0899999999999999,0.0,0.119
0.002819071758013933,0.004566780459611667,0.0899999999999999,0.0,0.1275
0.002440311220114822,0.0047406275404025785,0.0899999999999999,0.0,0.136
0.003419537698823431,0.006850310919137569,0.0899999999999999,0.0,0.1445
0.01952004573762122,0.021635439922958195,0.0899999999999999,0.0,0.153
0.08306583025155824,0.08500825926950097,0.0899999999999999,0.0,0.1615
-9341.289560931838,9352.42432280765,0.0899999999999999,0.0,0.17
-2.3639018947944725,6.186068181906452,0.0949011732645103,-0.0949011732645103,0.0
0.0030534339336804727,0.008561368435917312,0.0949011732645103,-0.0949011732645103,0.0089473684210526
0.0020510274742451882,0.009799678104252411,0.0949011732645103,-0.0949011732645103,0.0178947368421052
0.004753350672543092,0.010616111388751908,0.0949011732645103,-0.0949011732645103,0.0268421052631579
0.00802501330991124,0.01090675770032434,0.0949011732645103,-0.0949011732645103,0.0357894736842105
0.010915773939211667,0.01144589316358817,0.0949011732645103,-0.0949011732645103,0.0447368421052631
0.011817293585339233,0.013499575508369768,0.0949011732645103,-0.0949011732645103,0.0536842105263157
0.011828209029456116,0.015730954548502686,0.0949011732645103,-0.0949011732645103,0.0626315789473684
0.011704550790264648,0.017320957792972075,0.0949011732645103,-0.0949011732645103,0.071578947368421
0.011500967867604458,0.018426361211676342,0.0949011732645103,-0.0949011732645103,0.0805263157894736
0.011309393988258892,0.018617935091021907,0.0949011732645103,-0.0949011732645103,0.0894736842105263
0.011125002129975532,0.019348386512977683,0.0949011732645103,-0.0949011732645103,0.0984210526315789
0.011033960505820301,0.019757096301244354,0.0949011732645103,-0.0949011732645103,0.1073684210526315
0.011246487902102451,0.019972755371267147,0.0949011732645103,-0.0949011732645103,0.1163157894736842
0.011877185408707597,0.021289877965612203,0.0949011732645103,-0.0949011732645103,0.1252631578947368
0.013793640667759325,0.02559546041755948,0.0949011732645103,-0.0949011732645103,0.1342105263157895
0.01998411152246088,0.03293485664504392,0.0949011732645103,-0.0949011732645103,0.1431578947368421
0.031442207944587575,0.03853545682111842,0.0949011732645103,-0.0949011732645103,0.1521052631578947
0.034296314952723485,0.04109968220667012,0.0949011732645103,-0.0949011732645103,0.1610526315789473
0.037135196407540455,0.038260800751850815,0.0949011732645103,-0.0949011732645103,0.17
-1.5913849332253365,4.162217518522754,0.09596449173246,0.09596449173246,0.0
0.008543943561994559,0.009099069486119842,0.09596449173246,0.09596449173246,0.008095238095238
0.0053660056927059985,0.010581031879576002,0.09596449173246,0.09596449173246,0.0161904761904762
0.004451379289752086,0.011030563884975714,0.09596449173246,0.09596449173246,0.0242857142857142
0.003961537913350464,0.01115302789962955,0.09596449173246,0.09596449173246,0.0323809523809523
0.0040541469940232324,0.011244889068865182,0.09596449173246,0.09596449173246,0.0404761904761904
0.004065754306351001,0.011233281756533599,0.09596449173246,0.09596449173246,0.0485714285714285
0.004493901181956259,0.01120575003765834,0.09596449173246,0.09596449173246,0.0566666666666666
0.005128874128063279,0.011187094949361922,0.09596449173246,0.09596449173246,0.0647619047619047
0.0060116170331428985,0.011215969000275501,0.09596449173246,0.09596449173246,0.0728571428571428
0.007276119177853757,0.011239147218581644,0.09596449173246,0.09596449173246,0.0809523809523809
0.007360630793490884,0.011154635602944517,0.09596449173246,0.09596449173246,0.089047619047619
0.00901418296221621,0.01121617329294679,0.09596449173246,0.09596449173246,0.0971428571428571
0.0105542685554389,0.011905513353063476,0.09596449173246,0.09596449173246,0.1052380952380952
0.012472705187572871,0.013055050714431655,0.09596449173246,0.09596449173246,0.1133333333333333
0.013678162527046935,0.016615754415933267,0.09596449173246,0.09596449173246,0.1214285714285714
0.014255106128306902,0.0160388108146733,0.09596449173246,0.09596449173246,0.1295238095238095
0.018550639454156637,0.01966966807034879,0.09596449173246,0.09596449173246,0.1376190476190476
0.023079216201257163,0.026223266623972036,0.09596449173246,0.09596449173246,0.1457142857142857
0.026845437546060908,0.0336980407038337,0.09596449173246,0.09596449173246,0.1538095238095238
0.02583548244573933,0.03770465801165946,0.09596449173246,0.09596449173246,0.1619047619047619
0.02974129616441572,0.03379884429299086,0.09596449173246,0.09596449173246,0.17
-9.978562482245346,11.164345403659341,0.105,0.0,0.0
0.0015357211124343052,0.004676233806830103,0.105,0.0,0.0085
0.0021855689134137506,0.004396697110621449,0.105,0.0,0.0169999999999999
0.002057440707985009,0.004839312307185991,0.105,0.0,0.0254999999999999
0.00299854194176943,0.005411242188403571,0.105,0.0,0.034
0.005679193562549065,0.0060747501511595366,0.105,0.0,0.0425
0.0064415841907927525,0.006622515484210647,0.105,0.0,0.051
0.0064633753781658,0.006600724296837599,0.105,0.0,0.0594999999999999
0.006157972322590345,0.006395051846395455,0.105,0.0,0.068
0.005846121424658274,0.006242451277160526,0.105,0.0,0.0764999999999999
0.005366551586127406,0.006168430802346796,0.105,0.0,0.085
0.004813645530007463,0.005640507617232936,0.105,0.0,0.0935
0.004389728172429112,0.004688424471687488,0.105,0.0,0.102
0.003809275227059692,0.004145793320815108,0.105,0.0,0.1105
0.003907382855620441,0.004047685692254359,0.105,0.0,0.119
0.003049629371743982,0.0041849563808256185,0.105,0.0,0.1275
0.002641350291915059,0.004579859649769142,0.105,0.0,0.136
0.00482118743555489,0.006505722100375706,0.105,0.0,0.1445
0.023104652334437384,0.023574301220852217,0.105,0.0,0.153
0.05198308355443364,0.05738089629399497,0.105,0.0,0.1615
-0.046994831203806126,0.08328605456516253,0.105,0.0,0.17
-7.102170968988934,11.67535765429174,0.1060660171779821,-0.1060660171779821,0.0
-4.730730128993888,9.303916814296695,0.1060660171779821,-0.1060660171779821,0.0089473684210526
-84.9140432418516,87.27849004270925,0.1060660171779821,-0.1060660171779821,0.0178947368421052
-85.89831752741347,89.7025518544618,0.1060660171779821,-0.1060660171779821,0.0268421052631579
-4.2812478860152305,13.328166637351462,0.1060660171779821,-0.1060660171779821,0.0357894736842105
-4.319236076521299,14.65253971726359,0.1060660171779821,-0.1060660171779821,0.0447368421052631
-6.670550684255385,18.285304830472235,0.1060660171779821,-0.1060660171779821,0.0536842105263157
-9.808367890918685,22.619725784827775,0.1060660171779821,-0.1060660171779821,0.0626315789473684
-11.700086554387742,25.638351728067608,0.1060660171779821,-0.1060660171779821,0.071578947368421
-7.280258071753495,22.21147124564218,0.1060660171779821,-0.1060660171779821,0.0805263157894736
-8.193817688637179,23.125030862525865,0.1060660171779821,-0.1060660171779821,0.0894736842105263
-2.148263040424224,17.883913423031103,0.1060660171779821,-0.1060660171779821,0.0984210526315789
3.2053864284787537,13.399511289291194,0.1060660171779821,-0.1060660171779821,0.1073684210526315
4.791957350580314,13.03776823515237,0.1060660171779821,-0.1060660171779821,0.1163157894736842
1.9604537694218287,17.43063742270767,0.1060660171779821,-0.1060660171779821,0.1252631578947368
3.4800638854749453,18.13495094155484,0.1060660171779821,-0.1060660171779821,0.1342105263157895
10.443448111953355,13.586598861870694,0.1060660171779821,-0.1060660171779821,0.1431578947368421
-5.542883041563465,31.10426393138699,0.1060660171779821,-0.1060660171779821,0.1521052631578947
-34.63117936741023,59.49979932760268,0.1060660171779821,-0.1060660171779821,0.1610526315789473
-17.778045809254085,42.64666576944653,0.1060660171779821,-0.1060660171779821,0.17
-1.9085866988582847,6.902309521923174,0.1060660171779821,0.1060660171779821,0.0
-9.829265051861332,14.822987874926222,0.1060660171779821,0.1060660171779821,0.008095238095238
-24.75714616676041,28.828846888260397,0.1060660171779821,0.1060660171779821,0.0161904761904762
-10.529701738514865,16.58336371581399,0.1060660171779821,0.1060660171779821,0.0242857142857142
-3.1012620313215074,11.70482659838932,0.1060660171779821,0.1060660171779821,0.0323809523809523
-19.113462143185846,27.90211323339385,0.1060660171779821,0.1060660171779821,0.0404761904761904
-38.94470574582577,47.73335683603378,0.1060660171779821,0.1060660171779821,0.0485714285714285
-57.11777595488712,66.3698867485868,0.1060660171779821,0.1060660171779821,0.0566666666666666
-63.22648736330922,72.90344389851998,0.1060660171779821,0.1060660171779821,0.0647619047619047
-65.12847096139956,75.31517450233906,0.1060660171779821,0.1060660171779821,0.0728571428571428
-54.91393083459091,65.79696526523874,0.1060660171779821,0.1060660171779821,0.0809523809523809
-57.69346076114259,68.57649519179043,0.1060660171779821,0.1060660171779821,0.089047619047619
-36.81366773418507,48.50897318390927,0.1060660171779821,0.1060660171779821,0.0971428571428571
-16.747668329115598,29.410456969402446,0.1060660171779821,0.1060660171779821,0.1052380952380952
-1.9299198452884232,15.754756193962713,0.1060660171779821,0.1060660171779821,0.1133333333333333
2.530578930440117,12.698046043745894,0.1060660171779821,0.1060660171779821,0.1214285714285714
-3.2676981421327245,18.49632311631874,0.1060660171779821,0.1060660171779821,0.1295238095238095
-27.417783090830127,44.56766966505512,0.1060660171779821,0.1060660171779821,0.1376190476190476
-99.5124742579092,118.20064386298223,0.1060660171779821,0.1060660171779821,0.1457142857142857
-181.46214419747915,200.921788601778,0.1060660171779821,0.1060660171779821,0.1538095238095238
-273.9089613698838,291.5170301725413,0.1060660171779821,0.1060660171779821,0.1619047619047619
-3.051266354786378,20.65933515744385,0.1060660171779821,0.1060660171779821,0.17
-20.40578314480823,21.053636716864712,0.12,0.0,0.0
0.0014913901073895918,0.004393413859456808,0.12,0.0,0.0085
0.0015824363947199414,0.004642619168905661,0.12,0.0,0.0169999999999999
0.0008325891554647139,0.005660164810191887,0.12,0.0,0.0254999999999999
0.001972714126318193,0.006661851560989208,0.12,0.0,0.034
0.006238653693351947,0.007707840382595253,0.12,0.0,0.0425
0.008197889558228305,0.008323779557025695,0.12,0.0,0.051
0.00808162411246496,0.008440045002789043,0.12,0.0,0.0594999999999999
0.007435651450894262,0.008168836637250137,0.12,0.0,0.068
0.007088931048175385,0.007873449565960615,0.12,0.0,0.0764999999999999
0.00722922810158828,0.00741022012792932,0.12,0.0,0.085
0.006545368728452823,0.007576041727973977,0.12,0.0,0.0935
0.0058759555491115865,0.007330475516779813,0.12,0.0,0.102
0.00521163855887571,0.00690582778469469,0.12,0.0,0.1105
0.005060325001315152,0.007057141342255248,0.12,0.0,0.119
0.005152585292261128,0.006547960536513273,0.12,0.0,0.1275
0.006861048511764004,0.0071475877830777974,0.12,0.0,0.136
0.012126430550959121,0.012806555251555664,0.12,0.0,0.1445
0.019315367355094502,0.026105517679144298,0.12,0.0,0.153
0.01237699938215805,0.03832074584248435,0.12,0.0,0.1615
0.016091206814113967,0.03460653841052844,0.12,0.0,0.17
-2.306306945839892,4.023660154322875,0.1349999999999999,0.0,0.0
0.00139584135138385,0.004136488211699315,0.1349999999999999,0.0,0.0085
0.0011799798148690649,0.004903155527941735,0.1349999999999999,0.0,0.0169999999999999
-0.0004251468250115408,0.0066544383889511755,0.1349999999999999,0.0,0.0254999999999999
-0.0005787567535488441,0.008265984337313844,0.1349999999999999,0.0,0.034
0.004180649318595089,0.009255887010639511,0.1349999999999999,0.0,0.0425
0.0084437393409026,0.0105268542194136,0.1349999999999999,0.0,0.051
0.008295087727854745,0.010675505832461456,0.1349999999999999,0.0,0.0594999999999999
0.008265971323382255,0.010550302745209145,0.1349999999999999,0.0,0.068
0.007535002754047926,0.010269881462531475,0.1349999999999999,0.0,0.0764999999999999
0.007521045432994653,0.010189611758928145,0.1349999999999999,0.0,0.085
0.00791750468367515,0.010188558170406248,0.1349999999999999,0.0,0.0935
0.00842926593381207,0.010237635553019547,0.1349999999999999,0.0,0.102
0.009077134045025975,0.010379466442490623,0.1349999999999999,0.0,0.1105
0.008937927801018848,0.010518672686497752,0.1349999999999999,0.0,0.119
0.009579209397563971,0.011364196284407825,0.1349999999999999,0.0,0.1275
0.010656685138790678,0.013886812258263112,0.1349999999999999,0.0,0.136
0.013845065994196406,0.017910585859739477,0.1349999999999999,0.0,0.1445
0.01471336790638068,0.02495200065681102,0.1349999999999999,0.0,0.153
0.011778543543310586,0.02609020430341101,0.1349999999999999,0.0,0.1615
0.01645900645851747,0.021409741388204128,0.1349999999999999,0.0,0.17
-2.0698104822992347,2.9581082189429804,0.1499999999999999,0.0,0.0
0.763822203443151,0.9746411023847448,0.1499999999999999,0.0,0.0085
0.38735947899978507,0.9741939708204991,0.1499999999999999,0.0,0.0169999999999999
-8.963134768115255,10.273843192576008,0.1499999999999999,0.0,0.0254999999999999
-206.49803059244576,208.02175112560664,0.1499999999999999,0.0,0.034
-120.89916355360616,123.70944490805668,0.1499999999999999,0.0,0.0425
-234.9883493804513,237.42836174049793,0.1499999999999999,0.0,0.051
-366.1621499139883,368.4935004462992,0.1499999999999999,0.0,0.0594999999999999
-281.7809246695635,286.237935533908,0.1499999999999999,0.0,0.068
-37.98401836775127,47.984373262465446,0.1499999999999999,0.0,0.0764999999999999
-36.957074310192745,47.58453641849891,0.1499999999999999,0.0,0.085
-31.466646798493862,42.648613048945485,0.1499999999999999,0.0,0.0935
-21.09830974058849,32.93082213432051,0.1499999999999999,0.0,0.102
-10.911742292587,23.550180059566493,0.1499999999999999,0.0,0.1105
-18.755454915516623,31.393892682496116,0.1499999999999999,0.0,0.119
-24.170008110545464,37.759175776723524,0.1499999999999999,0.0,0.1275
-68.23265684327592,83.15349710062424,0.1499999999999999,0.0,0.136
-85.99870893200169,103.006844436491,0.1499999999999999,0.0,0.1445
-212.3329984755644,231.3198858723198,0.1499999999999999,0.0,0.153
-754.0119982423123,770.0406834351195,0.1499999999999999,0.0,0.1615
-189.01018800440903,205.0903759779676,0.1499999999999999,0.0,0.17
