UB,LB,X,Y,Z
-1.1168902382906403,3.3985946548844943,-0.1499999999999999,0.0,0.0
-2.1964670352457922,5.965857004424105,-0.1499999999999999,0.0,0.0085
-165.16897551266575,167.52161603623344,-0.1499999999999999,0.0,0.0169999999999999
-133.32017542885885,139.07872842142135,-0.1499999999999999,0.0,0.0254999999999999
-99.9899266736249,108.7594404584218,-0.1499999999999999,0.0,0.034
-159.81111204802983,169.88618015597564,-0.1499999999999999,0.0,0.0425
-92.76321533255019,104.13095319654558,-0.1499999999999999,0.0,0.051
-132.17104475880106,144.17806386578533,-0.1499999999999999,0.0,0.0594999999999999
-13.170701617237905,26.39451124955228,-0.1499999999999999,0.0,0.068
-26.37728420726161,40.73993791389226,-0.1499999999999999,0.0,0.0764999999999999
-31.61894701375601,46.81167649457755,-0.1499999999999999,0.0,0.085
-31.605254488268034,47.11329430608306,-0.1499999999999999,0.0,0.0935
-27.710973282309197,43.845609982436414,-0.1499999999999999,0.0,0.102
-19.94662122973909,36.99024300537842,-0.1499999999999999,0.0,0.1105
-35.084577869586944,52.756720564784054,-0.1499999999999999,0.0,0.119
-55.46589248552882,75.00231313864228,-0.1499999999999999,0.0,0.1275
-90.14480931610328,113.0487229451308,-0.1499999999999999,0.0,0.136
-93.97698700942001,118.2009218970073,-0.1499999999999999,0.0,0.1445
-56.13670889160535,81.78759632894322,-0.1499999999999999,0.0,0.153
-95.05209889074578,116.71373947207687,-0.1499999999999999,0.0,0.1615
0.17688378196018206,13.593806460339337,-0.1499999999999999,0.0,0.17
-19.42807692774806,23.910968872292287,-0.135,0.0,0.0
0.005705743723034814,0.006147302742281786,-0.135,0.0,0.0085
0.006669643951783958,0.007820453948036949,-0.135,0.0,0.0169999999999999
0.008166612161087414,0.010645207669553583,-0.135,0.0,0.0254999999999999
0.00895588243715051,0.01207510391201085,-0.135,0.0,0.034
0.010380784094172226,0.014442930658385575,-0.135,0.0,0.0425
0.011231685869379487,0.01596531474760408,-0.135,0.0,0.051
0.0115330679902752,0.016290038570883368,-0.135,0.0,0.0594999999999999
0.011943727985182458,0.01637565876288477,-0.135,0.0,0.068
0.01217583534170888,0.01627668985261019,-0.135,0.0,0.0764999999999999
0.012324927155048281,0.016266568096516328,-0.135,0.0,0.085
0.012806676573313722,0.01632283717089099,-0.135,0.0,0.0935
0.012962458987129473,0.01689760663431153,-0.135,0.0,0.102
0.014101062815909756,0.016657476351811445,-0.135,0.0,0.1105
0.015183121480487812,0.016335293579917587,-0.135,0.0,0.119
0.01719481283934871,0.017753420241603094,-0.135,0.0,0.1275
0.021848553019639977,0.022100597814822362,-0.135,0.0,0.136
0.023979275658441886,0.027156120424882656,-0.135,0.0,0.1445
0.03100280136396133,0.034539215528869044,-0.135,0.0,0.153
0.022521424584265044,0.03443296352413504,-0.135,0.0,0.1615
0.019704965833432644,0.019984699801152753,-0.135,0.0,0.17
-66.9076476033993,71.56967044125311,-0.12,0.0,0.0
0.005610226305231385,0.006252660658305015,-0.12,0.0,0.0085
0.006030246573836285,0.006897752191007115,-0.12,0.0,0.0169999999999999
0.007022958418083699,0.0086014051698317,-0.12,0.0,0.0254999999999999
0.007596249538692062,0.00930926805293914,-0.12,0.0,0.034
0.008463696123860566,0.010493247065164435,-0.12,0.0,0.0425
0.009048321360624997,0.011176378037635,-0.12,0.0,0.051
0.009243377253436602,0.011320052492485397,-0.12,0.0,0.0594999999999999
0.009558620533433945,0.01109726575088066,-0.12,0.0,0.068
0.009646341146516867,0.010188955230359734,-0.12,0.0,0.0764999999999999
0.009364824513973075,0.009678307499473326,-0.12,0.0,0.085
0.007435567023889512,0.009374197028267488,-0.12,0.0,0.0935
0.004844098954447464,0.009398001543000937,-0.12,0.0,0.102
0.002763733624364779,0.00933846521012942,-0.12,0.0,0.1105
0.0018495954472036325,0.009649882297392368,-0.12,0.0,0.119
0.0015636680659062525,0.010506830176629949,-0.12,0.0,0.1275
0.004528463896769264,0.014010198773832937,-0.12,0.0,0.136
0.00486975549230444,0.02308584071986756,-0.12,0.0,0.1445
0.030255133012639032,0.04096534011888456,-0.12,0.0,0.153
0.04834891551076723,0.05719927416607617,-0.12,0.0,0.1615
0.04070286812970413,0.041385943009149474,-0.12,0.0,0.17
-825.2716937432355,828.5393636133957,-0.1060660171779821,-0.1060660171779821,0.0
-107.59829761657966,110.10815660752726,-0.1060660171779821,-0.1060660171779821,0.008095238095238
-35.45128777594721,43.34259502669701,-0.1060660171779821,-0.1060660171779821,0.0161904761904762
-57.43514122197504,66.10962722346717,-0.1060660171779821,-0.1060660171779821,0.0242857142857142
3.69226673906506,6.962173313024694,-0.1060660171779821,-0.1060660171779821,0.0323809523809523
1.8070106398347017,10.454514225261576,-0.1060660171779821,-0.1060660171779821,0.0404761904761904
-4.084412479259412,17.063569209092588,-0.1060660171779821,-0.1060660171779821,0.0485714285714285
-13.43482240350766,27.628258837494414,-0.1060660171779821,-0.1060660171779821,0.0566666666666666
-10.987327362349642,25.7109908940575,-0.1060660171779821,-0.1060660171779821,0.0647619047619047
-9.951240894637358,25.56424403537428,-0.1060660171779821,-0.1060660171779821,0.0728571428571428
-7.175212981738474,23.478294583649422,-0.1060660171779821,-0.1060660171779821,0.0809523809523809
-8.634748152074083,25.168255184529805,-0.1060660171779821,-0.1060660171779821,0.089047619047619
-0.7267744720792866,17.551795412575785,-0.1060660171779821,-0.1060660171779821,0.0971428571428571
5.201201927005334,11.924735149951358,-0.1060660171779821,-0.1060660171779821,0.1052380952380952
6.340988784207838,11.010412417545076,-0.1060660171779821,-0.1060660171779821,0.1133333333333333
3.4927035290316093,14.984001267821583,-0.1060660171779821,-0.1060660171779821,0.1214285714285714
8.764297736294548,10.81224248829847,-0.1060660171779821,-0.1060660171779821,0.1295238095238095
10.742739023384043,12.664590395784796,-0.1060660171779821,-0.1060660171779821,0.1376190476190476
11.499221105053856,15.766431704402994,-0.1060660171779821,-0.1060660171779821,0.1457142857142857
13.619501120220132,14.883474068696579,-0.1060660171779821,-0.1060660171779821,0.1538095238095238
-3.6812998146172173,30.76706611723396,-0.1060660171779821,-0.1060660171779821,0.1619047619047619
-130.58494901854712,149.66254773802555,-0.1060660171779821,-0.1060660171779821,0.17
-11214.226001858202,11217.612775686772,-0.1060660171779821,0.1060660171779821,0.0
-1.2627608610414942,4.55484515374452,-0.1060660171779821,0.1060660171779821,0.0089473684210526
-64.38676345384027,69.80957553159604,-0.1060660171779821,0.1060660171779821,0.0178947368421052
-50.01158758870895,59.21940024808431,-0.1060660171779821,0.1060660171779821,0.0268421052631579
4.972618010835595,5.4099778733358805,-0.1060660171779821,0.1060660171779821,0.0357894736842105
5.263723162167579,5.717108521249986,-0.1060660171779821,0.1060660171779821,0.0447368421052631
5.94268863012006,6.405230801984004,-0.1060660171779821,0.1060660171779821,0.0536842105263157
1.7572589063133321,11.920610869694078,-0.1060660171779821,0.1060660171779821,0.0626315789473684
-5.100819751645395,19.865610644605034,-0.1060660171779821,0.1060660171779821,0.071578947368421
-8.899402531541096,24.465758904763565,-0.1060660171779821,0.1060660171779821,0.0805263157894736
-11.574733109321713,27.412962582532884,-0.1060660171779821,0.1060660171779821,0.0894736842105263
-5.349653182742575,21.58985567441138,-0.1060660171779821,0.1060660171779821,0.0984210526315789
0.2349248831895725,16.41952821185275,-0.1060660171779821,0.1060660171779821,0.1073684210526315
3.210599797263243,14.054326172730935,-0.1060660171779821,0.1060660171779821,0.1163157894736842
4.2993937528330415,14.10501601056352,-0.1060660171779821,0.1060660171779821,0.1252631578947368
4.337757714248977,15.299074694196822,-0.1060660171779821,0.1060660171779821,0.1342105263157895
7.545256457145499,15.91378965370258,-0.1060660171779821,0.1060660171779821,0.1431578947368421
-2.0586592990186396,29.303764235447062,-0.1060660171779821,0.1060660171779821,0.1521052631578947
-19.22949724855427,47.18635396489039,-0.1060660171779821,0.1060660171779821,0.1610526315789473
-77.76171528713218,103.67615929727083,-0.1060660171779821,0.1060660171779821,0.17
-92.34679351706795,96.91098603039178,-0.105,0.0,0.0
0.005585060940385045,0.005787968682977554,-0.105,0.0,0.0085
0.005585172928017566,0.005973583509025234,-0.105,0.0,0.0169999999999999
0.006069876272862949,0.006939425596077851,-0.105,0.0,0.0254999999999999
0.006326618555172131,0.007569429165804468,-0.105,0.0,0.034
0.007000613416236203,0.008416783995767996,-0.105,0.0,0.0425
0.007571681348171377,0.008862790642602824,-0.105,0.0,0.051
0.007788525856014052,0.008928636523063947,-0.105,0.0,0.0594999999999999
0.008091164821383938,0.008628597873744662,-0.105,0.0,0.068
0.007625196791444602,0.008211477348280198,-0.105,0.0,0.0764999999999999
0.0068969037089091625,0.008170079874159237,-0.105,0.0,0.085
0.004863406177951732,0.008202712694429067,-0.105,0.0,0.0935
0.0031246048522346154,0.007821172242958585,-0.105,0.0,0.102
0.001829056121421788,0.007452215147033212,-0.105,0.0,0.1105
0.0013889147750032345,0.007351560879418965,-0.105,0.0,0.119
0.001011381111007026,0.007384317565519373,-0.105,0.0,0.1275
0.0015622208875191623,0.008555279053786039,-0.105,0.0,0.136
5.151659110646557e-05,0.013712402372647734,-0.105,0.0,0.1445
0.009625204821590138,0.039078814245995255,-0.105,0.0,0.153
0.07051675626020783,0.08395633839480678,-0.105,0.0,0.1615
0.042029371615144105,0.1379029049281437,-0.105,0.0,0.17
-93.82947650140568,98.41610373707408,-0.09596449173246,-0.09596449173246,0.0
0.00839158042039867,0.008469828002277729,-0.09596449173246,-0.09596449173246,0.008095238095238
0.00994980836065476,0.01454508536524024,-0.09596449173246,-0.09596449173246,0.0161904761904762
0.011069599401158862,0.01601247242478314,-0.09596449173246,-0.09596449173246,0.0242857142857142
0.011724354794278654,0.01789882060369606,-0.09596449173246,-0.09596449173246,0.0323809523809523
0.011975924563998243,0.01808284885211016,-0.09596449173246,-0.09596449173246,0.0404761904761904
0.011927502769373344,0.017930842348057054,-0.09596449173246,-0.09596449173246,0.0485714285714285
0.011985346214733322,0.01715929311726876,-0.09596449173246,-0.09596449173246,0.0566666666666666
0.012070802008740476,0.016779300903759325,-0.09596449173246,-0.09596449173246,0.0647619047619047
0.01222512874075898,0.01645057557353076,-0.09596449173246,-0.09596449173246,0.0728571428571428
0.012456128723428527,0.01652516468880044,-0.09596449173246,-0.09596449173246,0.0809523809523809
0.013233684210996478,0.01595584188076389,-0.09596449173246,-0.09596449173246,0.089047619047619
0.013637836998359002,0.015858997105077995,-0.09596449173246,-0.09596449173246,0.0971428571428571
0.014298083359072844,0.015369273774036758,-0.09596449173246,-0.09596449173246,0.1052380952380952
0.01474714083602126,0.015108517914985941,-0.09596449173246,-0.09596449173246,0.1133333333333333
0.014543519525876073,0.01678824680416793,-0.09596449173246,-0.09596449173246,0.1214285714285714
0.015193411459271533,0.01810531890140647,-0.09596449173246,-0.09596449173246,0.1295238095238095
0.01980400094895308,0.02330100860320537,-0.09596449173246,-0.09596449173246,0.1376190476190476
0.03176862419937504,0.03407554018313076,-0.09596449173246,-0.09596449173246,0.1457142857142857
0.0359345180913453,0.039698388025768507,-0.09596449173246,-0.09596449173246,0.1538095238095238
0.03412353739660681,0.04099183601230619,-0.09596449173246,-0.09596449173246,0.1619047619047619
0.022454935504853397,0.034512505642129404,-0.09596449173246,-0.09596449173246,0.17
-14.4180185621061,19.587723613301996,-0.0949011732645103,0.0949011732645103,0.0
0.007182864231188302,0.007641655704427999,-0.0949011732645103,0.0949011732645103,0.0089473684210526
0.007805789271663324,0.008687552273024274,-0.0949011732645103,0.0949011732645103,0.0178947368421052
0.009330173080174354,0.010347646482353246,-0.0949011732645103,0.0949011732645103,0.0268421052631579
0.010255688946446193,0.012126303811474731,-0.0949011732645103,0.0949011732645103,0.0357894736842105
0.010888474581025945,0.012392413123211654,-0.0949011732645103,0.0949011732645103,0.0447368421052631
0.011331412521179252,0.012752075835481949,-0.0949011732645103,0.0949011732645103,0.0536842105263157
0.011599368861726854,0.01242153230632982,-0.0949011732645103,0.0949011732645103,0.0626315789473684
0.011615150883120944,0.011856741002618377,-0.0949011732645103,0.0949011732645103,0.071578947368421
0.010461660263614092,0.012083918468707674,-0.0949011732645103,0.0949011732645103,0.0805263157894736
0.009806894338418966,0.012113896915717032,-0.0949011732645103,0.0949011732645103,0.0894736842105263
0.007700417450385128,0.012582882459774672,-0.0949011732645103,0.0949011732645103,0.0984210526315789
0.005533954010942791,0.01287365728800421,-0.0949011732645103,0.0949011732645103,0.1073684210526315
0.0034841329960513994,0.013418122808905801,-0.0949011732645103,0.0949011732645103,0.1163157894736842
0.002219466871485826,0.014433280372047374,-0.0949011732645103,0.0949011732645103,0.1252631578947368
0.0008532062845957936,0.016754475771016814,-0.0949011732645103,0.0949011732645103,0.1342105263157895
0.0022020273224035054,0.02367318036061899,-0.0949011732645103,0.0949011732645103,0.1431578947368421
0.020929188353242947,0.034238746754900296,-0.0949011732645103,0.0949011732645103,0.1521052631578947
0.040337035594454576,0.04550560995187128,-0.0949011732645103,0.0949011732645103,0.1610526315789473
0.03390482802873314,0.04456946316896554,-0.0949011732645103,0.0949011732645103,0.17
-113.57697590625858,117.17031206069916,-0.0899999999999999,0.0,0.0
0.004561369975642482,0.005996245273463318,-0.0899999999999999,0.0,0.0085
0.005122173109549699,0.0053929472365441015,-0.0899999999999999,0.0,0.0169999999999999
0.005350464195979813,0.005553684171295186,-0.0899999999999999,0.0,0.0254999999999999
0.005608222156246966,0.005767011308480433,-0.0899999999999999,0.0,0.034
0.005848534569981041,0.0066400977132739574,-0.0899999999999999,0.0,0.0425
0.006334579575344422,0.007042009918966378,-0.0899999999999999,0.0,0.051
0.006534640057936155,0.007125072399625244,-0.0899999999999999,0.0,0.0594999999999999
0.006843438717841198,0.007001655369290401,-0.0899999999999999,0.0,0.068
0.00647578880723951,0.00702878693298209,-0.0899999999999999,0.0,0.0764999999999999
0.006109402970115751,0.00704367003228045,-0.0899999999999999,0.0,0.085
0.005320714219381235,0.006875013558418164,-0.0899999999999999,0.0,0.0935
0.004523156947258951,0.006564296697961048,-0.0899999999999999,0.0,0.102
0.003466977003250435,0.006623650721317364,-0.0899999999999999,0.0,0.1105
0.0032293644075095658,0.006469739443077233,-0.0899999999999999,0.0,0.119
0.002882535952101556,0.006395888414413443,-0.0899999999999999,0.0,0.1275
0.0026374670851396533,0.007160535308158147,-0.0899999999999999,0.0,0.136
0.0008157141310901912,0.01069371751683901,-0.0899999999999999,0.0,0.1445
0.002246433826922776,0.035609759096339816,-0.0899999999999999,0.0,0.153
0.10370465331638841,0.11927816394075218,-0.0899999999999999,0.0,0.1615
-9200.68054061822,9221.05956362915,-0.0899999999999999,0.0,0.17
-151.97086040312863,157.61021852509108,-0.0858629662869379,-0.0858629662869379,0.0
0.007556120249447878,0.00857605189588892,-0.0858629662869379,-0.0858629662869379,0.008095238095238
0.008014333047532643,0.011183030481167758,-0.0858629662869379,-0.0858629662869379,0.0161904761904762
0.008388722097453224,0.011496993989458176,-0.0858629662869379,-0.0858629662869379,0.0242857142857142
0.00863777343476946,0.011907670248170339,-0.0858629662869379,-0.0858629662869379,0.0323809523809523
0.008710556139455466,0.011886977745146736,-0.0858629662869379,-0.0858629662869379,0.0404761904761904
0.00860794478420305,0.011762224174039748,-0.0858629662869379,-0.0858629662869379,0.0485714285714285
0.008473520526992453,0.010628666964987347,-0.0858629662869379,-0.0858629662869379,0.0566666666666666
0.008299210932778163,0.009648560198135437,-0.0858629662869379,-0.0858629662869379,0.0647619047619047
0.006863157211024056,0.00792643741167934,-0.0858629662869379,-0.0858629662869379,0.0728571428571428
0.004047583986110192,0.007490829116360008,-0.0858629662869379,-0.0858629662869379,0.0809523809523809
0.002865468187690755,0.007349042336916245,-0.0858629662869379,-0.0858629662869379,0.089047619047619
0.0011102087208346425,0.007139678069979358,-0.0858629662869379,-0.0858629662869379,0.0971428571428571
-8.249191472073933e-05,0.00710746437406554,-0.0858629662869379,-0.0858629662869379,0.1052380952380952
-0.0006251375441147177,0.007252668894895915,-0.0858629662869379,-0.0858629662869379,0.1133333333333333
-0.0016468590276598398,0.00793943644012924,-0.0858629662869379,-0.0858629662869379,0.1214285714285714
-0.001296257263281244,0.007854515667362644,-0.0858629662869379,-0.0858629662869379,0.1295238095238095
-0.001941893219687121,0.012655260756582321,-0.0858629662869379,-0.0858629662869379,0.1376190476190476
0.01714704115549416,0.026673196242392436,-0.0858629662869379,-0.0858629662869379,0.1457142857142857
0.03330413077045441,0.04663058129727979,-0.0858629662869379,-0.0858629662869379,0.1538095238095238
0.05555549044469312,0.06611957508776228,-0.0858629662869379,-0.0858629662869379,0.1619047619047619
0.043061967651987526,0.05666741084336807,-0.0858629662869379,-0.0858629662869379,0.17
-53.04703314012772,58.06383802548184,-0.0837363293510385,0.0837363293510385,0.0
0.006589937722718878,0.007073300787213464,-0.0837363293510385,0.0837363293510385,0.0089473684210526
0.0066387679268547954,0.007460884210949005,-0.0837363293510385,0.0837363293510385,0.0178947368421052
0.007626336157682249,0.008551653448143348,-0.0837363293510385,0.0837363293510385,0.0268421052631579
0.008552188851620745,0.009660739199962857,-0.0837363293510385,0.0837363293510385,0.0357894736842105
0.008929988000207811,0.009961470964847388,-0.0837363293510385,0.0837363293510385,0.0447368421052631
0.009328873431070911,0.010241738531059088,-0.0837363293510385,0.0837363293510385,0.0536842105263157
0.009561612448786864,0.009918720998645937,-0.0837363293510385,0.0837363293510385,0.0626315789473684
0.009024849581976734,0.009702434298238265,-0.0837363293510385,0.0837363293510385,0.071578947368421
0.007730603392267734,0.009727122712312866,-0.0837363293510385,0.0837363293510385,0.0805263157894736
0.007141941186510582,0.009592904535981819,-0.0837363293510385,0.0837363293510385,0.0894736842105263
0.00595183607028451,0.009377228374631091,-0.0837363293510385,0.0837363293510385,0.0984210526315789
0.004983177853118954,0.009080968780377447,-0.0837363293510385,0.0837363293510385,0.1073684210526315
0.004210007772617741,0.008757847900420461,-0.0837363293510385,0.0837363293510385,0.1163157894736842
0.0035671865423603415,0.008710698901885857,-0.0837363293510385,0.0837363293510385,0.1252631578947368
0.0026936536767936886,0.009593617265276713,-0.0837363293510385,0.0837363293510385,0.1342105263157895
-7.211922884535309e-05,0.015122403739746952,-0.0837363293510385,0.0837363293510385,0.1431578947368421
0.008392807430340756,0.03357914337290904,-0.0837363293510385,0.0837363293510385,0.1521052631578947
0.057668719427259006,0.065970318512753,-0.0837363293510385,0.0837363293510385,0.1610526315789473
0.07037554296179391,0.0714440480743665,-0.0837363293510385,0.0837363293510385,0.17
-178.4907802207963,185.1540751799336,-0.0757614408414158,-0.0757614408414158,0.0
0.006837177773140838,0.007767506663245563,-0.0757614408414158,-0.0757614408414158,0.008095238095238
0.006825082437469246,0.008992141342451155,-0.0757614408414158,-0.0757614408414158,0.0161904761904762
0.007026149402056347,0.009056868648187255,-0.0757614408414158,-0.0757614408414158,0.0242857142857142
0.007238338860422797,0.009078605219324807,-0.0757614408414158,-0.0757614408414158,0.0323809523809523
0.007335831915901856,0.008722947331663743,-0.0757614408414158,-0.0757614408414158,0.0404761904761904
0.007250320461310739,0.008338325171317261,-0.0757614408414158,-0.0757614408414158,0.0485714285714285
0.006682657107757408,0.00708578044226819,-0.0757614408414158,-0.0757614408414158,0.0566666666666666
0.005633732831919763,0.006866614968617837,-0.0757614408414158,-0.0757614408414158,0.0647619047619047
0.003421528209995043,0.006434990186937157,-0.0757614408414158,-0.0757614408414158,0.0728571428571428
0.0016530622843392993,0.0060163316139093,-0.0757614408414158,-0.0757614408414158,0.0809523809523809
0.0010488202052073565,0.005788977656283643,-0.0757614408414158,-0.0757614408414158,0.089047619047619
0.00023339727596651634,0.005498759766381084,-0.0757614408414158,-0.0757614408414158,0.0971428571428571
1.2052436430254158e-05,0.005252490536106746,-0.0757614408414158,-0.0757614408414158,0.1052380952380952
5.0972199884088704e-05,0.0051024878408503106,-0.0757614408414158,-0.0757614408414158,0.1133333333333333
-0.00014495693132275753,0.005126221404894758,-0.0757614408414158,-0.0757614408414158,0.1214285714285714
-0.0007052194221929009,0.005645846795697901,-0.0757614408414158,-0.0757614408414158,0.1295238095238095
-0.001264482254168736,0.006655149245695336,-0.0757614408414158,-0.0757614408414158,0.1376190476190476
2.857445464980648e-05,0.015008544301323996,-0.0757614408414158,-0.0757614408414158,0.1457142857142857
-0.0017374064204294173,0.049113810343929615,-0.0757614408414158,-0.0757614408414158,0.1538095238095238
0.0838223942428162,0.09525300876589798,-0.0757614408414158,-0.0757614408414158,0.1619047619047619
0.07240849775908492,0.1440489906765809,-0.0757614408414158,-0.0757614408414158,0.17
-172.9130319007249,175.82254885055278,-0.0749999999999999,0.0,0.0
0.003822001698118887,0.006074497754904913,-0.0749999999999999,0.0,0.0085
0.004443946683560215,0.005321048184676185,-0.0749999999999999,0.0,0.0169999999999999
0.004769562701909249,0.00506269219457235,-0.0749999999999999,0.0,0.0254999999999999
0.004779655530381994,0.0050965152398254054,-0.0749999999999999,0.0,0.034
0.0049572982122067675,0.005243076208640232,-0.0749999999999999,0.0,0.0425
0.0051388203589809904,0.005604944247180009,-0.0749999999999999,0.0,0.051
0.005249835726118155,0.005760438920088446,-0.0749999999999999,0.0,0.0594999999999999
0.005404725073226108,0.005996134603809291,-0.0749999999999999,0.0,0.068
0.005498787098656383,0.006019293345923417,-0.0749999999999999,0.0,0.0764999999999999
0.00552695003476616,0.005935896236597441,-0.0749999999999999,0.0,0.085
0.00548608635068003,0.00568133595819017,-0.0749999999999999,0.0,0.0935
0.005253822156215747,0.005447347428406054,-0.0749999999999999,0.0,0.102
0.004830519442343051,0.005364881360810548,-0.0749999999999999,0.0,0.1105
0.004573030273375224,0.005404644644158976,-0.0749999999999999,0.0,0.119
0.0036707729704069415,0.005979502444530058,-0.0749999999999999,0.0,0.1275
0.002769981734063694,0.0068764014807901055,-0.0749999999999999,0.0,0.136
0.0009149647102979904,0.009734483398207209,-0.0749999999999999,0.0,0.1445
0.0020058577186741755,0.03555905786817842,-0.0749999999999999,0.0,0.153
0.1552585615862481,0.17210776477158932,-0.0749999999999999,0.0,0.1615
-94.2012749800606,150.30888857383928,-0.0749999999999999,0.0,0.17
-76.31089105514486,80.44648079418941,-0.0725714854375667,0.0725714854375667,0.0
0.0063263461515419605,0.00648094848834624,-0.0725714854375667,0.0725714854375667,0.0089473684210526
0.005815166046727975,0.006266920634811226,-0.0725714854375667,0.0725714854375667,0.0178947368421052
0.006292957437161566,0.006361912378542634,-0.0725714854375667,0.0725714854375667,0.0268421052631579
0.0070982762019367466,0.007466515605247254,-0.0725714854375667,0.0725714854375667,0.0357894736842105
0.007533451891660156,0.007905991500986843,-0.0725714854375667,0.0725714854375667,0.0447368421052631
0.008079051753058019,0.008515696983699382,-0.0725714854375667,0.0725714854375667,0.0536842105263157
0.00841594469976261,0.008573770663144988,-0.0725714854375667,0.0725714854375667,0.0626315789473684
0.008187075323001313,0.008602763038156687,-0.0725714854375667,0.0725714854375667,0.071578947368421
0.007565421641530176,0.008643324604265824,-0.0725714854375667,0.0725714854375667,0.0805263157894736
0.007293236602763195,0.008547666945493203,-0.0725714854375667,0.0725714854375667,0.0894736842105263
0.006693927488866444,0.008335995638598154,-0.0725714854375667,0.0725714854375667,0.0984210526315789
0.006131581973447891,0.008051090619307907,-0.0725714854375667,0.0725714854375667,0.1073684210526315
0.005656730595538912,0.007723328556428087,-0.0725714854375667,0.0725714854375667,0.1163157894736842
0.005160685119109748,0.007526713404501652,-0.0725714854375667,0.0725714854375667,0.1252631578947368
0.004694360491302332,0.007733296790439067,-0.0725714854375667,0.0725714854375667,0.1342105263157895
0.0027864150631432723,0.010634735401670727,-0.0725714854375667,0.0725714854375667,0.1431578947368421
0.006094786740141722,0.026343296626752277,-0.0725714854375667,0.0725714854375667,0.1521052631578947
0.07872014952771943,0.08697618849335116,-0.0725714854375667,0.0725714854375667,0.1610526315789473
0.06443191697623463,0.19497205244476917,-0.0725714854375667,0.0725714854375667,0.17
-119.00354302731843,124.96287273232487,-0.0656599153958936,-0.0656599153958937,0.0
0.006233117573676322,0.00643144338455368,-0.0656599153958936,-0.0656599153958937,0.008095238095238
0.005947293335723624,0.007366203478771377,-0.0656599153958936,-0.0656599153958937,0.0161904761904762
0.006028478130529419,0.007443957585239381,-0.0656599153958936,-0.0656599153958937,0.0242857142857142
0.006225898404813375,0.0072247013839538245,-0.0656599153958936,-0.0656599153958937,0.0323809523809523
0.006366570624757373,0.006630503026254427,-0.0656599153958936,-0.0656599153958937,0.0404761904761904
0.006154403541356521,0.0064038908466160765,-0.0656599153958936,-0.0656599153958937,0.0485714285714285
0.004921729874227744,0.0063119579631670565,-0.0656599153958936,-0.0656599153958937,0.0566666666666666
0.004311919414128852,0.0061300864033463475,-0.0656599153958936,-0.0656599153958937,0.0647619047619047
0.0030780301062421317,0.005845460843540668,-0.0656599153958936,-0.0656599153958937,0.0728571428571428
0.0020942509114713222,0.005649358162411477,-0.0656599153958936,-0.0656599153958937,0.0809523809523809
0.0019950980316404874,0.005306225090668313,-0.0656599153958936,-0.0656599153958937,0.089047619047619
0.0016686093569653114,0.00500916139688849,-0.0656599153958936,-0.0656599153958937,0.0971428571428571
0.001547274542369556,0.0047139314062944445,-0.0656599153958936,-0.0656599153958937,0.1052380952380952
0.001568092261317385,0.004494547391680216,-0.0656599153958936,-0.0656599153958937,0.1133333333333333
0.0012690200967605163,0.004392810825417884,-0.0656599153958936,-0.0656599153958937,0.1214285714285714
0.0008946911246135523,0.004640392703608048,-0.0656599153958936,-0.0656599153958937,0.1295238095238095
-0.00027715699725120845,0.005891640915971209,-0.0656599153958936,-0.0656599153958937,0.1376190476190476
-0.0009203304810172317,0.011078104896422632,-0.0656599153958936,-0.0656599153958937,0.1457142857142857
-0.007681882397652606,0.039819462070451804,-0.0656599153958936,-0.0656599153958937,0.1538095238095238
0.11868793504905235,0.12324250469798624,-0.0656599153958936,-0.0656599153958937,0.1619047619047619
-171598.5861040128,171631.50329095812,-0.0656599153958936,-0.0656599153958937,0.17
-67.9396243522835,71.30924020178232,-0.0614066415240949,0.0614066415240949,0.0
0.0055872888674909785,0.0072285522070229076,-0.0614066415240949,0.0614066415240949,0.0089473684210526
0.005272035534803819,0.006355014589457581,-0.0614066415240949,0.0614066415240949,0.0178947368421052
0.00435837853752892,0.00575250241248048,-0.0614066415240949,0.0614066415240949,0.0268421052631579
0.004443146514857345,0.006002636267583854,-0.0614066415240949,0.0614066415240949,0.0357894736842105
0.0048241060652144865,0.006383721991314513,-0.0614066415240949,0.0614066415240949,0.0447368421052631
0.0060113929366192335,0.0067774749878905674,-0.0614066415240949,0.0614066415240949,0.0536842105263157
0.006718827104713969,0.007083547416072432,-0.0614066415240949,0.0614066415240949,0.0626315789473684
0.007066127205078571,0.0072435048526454295,-0.0614066415240949,0.0614066415240949,0.071578947368421
0.007164086797252836,0.007290133754744364,-0.0614066415240949,0.0614066415240949,0.0805263157894736
0.007153779439370238,0.007268223832027962,-0.0614066415240949,0.0614066415240949,0.0894736842105263
0.007013430336924305,0.007183085243503495,-0.0614066415240949,0.0614066415240949,0.0984210526315789
0.006750576300343686,0.007064958023290315,-0.0614066415240949,0.0614066415240949,0.1073684210526315
0.006379202456321771,0.006901153463785429,-0.0614066415240949,0.0614066415240949,0.1163157894736842
0.005699886222504549,0.006896153159547249,-0.0614066415240949,0.0614066415240949,0.1252631578947368
0.005125363825247888,0.007115354540165512,-0.0614066415240949,0.0614066415240949,0.1342105263157895
0.0035036767939772132,0.009018398556924987,-0.0614066415240949,0.0614066415240949,0.1431578947368421
0.00946362404076749,0.02132743095291991,-0.0614066415240949,0.0614066415240949,0.1521052631578947
0.11232459202458216,0.11909659404742944,-0.0614066415240949,0.0614066415240949,0.1610526315789473
-38098.073701986235,38190.61745854519,-0.0614066415240949,0.0614066415240949,0.17
-108.41113693584728,111.25553858610633,-0.0599999999999999,0.0,0.0
0.004328043871334602,0.006154624071571798,-0.0599999999999999,0.0,0.0085
0.0037731962488643986,0.005032124352499,-0.0599999999999999,0.0,0.0169999999999999
0.003909044397317472,0.004884165869608528,-0.0599999999999999,0.0,0.0254999999999999
0.004071447297408,0.0048178114920704,-0.0599999999999999,0.0,0.034
0.0042287824997748235,0.0048044815525585755,-0.0599999999999999,0.0,0.0425
0.00429204590116759,0.00480598772341061,-0.0599999999999999,0.0,0.051
0.004379929232513596,0.004736312848015404,-0.0599999999999999,0.0,0.0594999999999999
0.004398104326112493,0.0047625071231299065,-0.0599999999999999,0.0,0.068
0.004431314954165775,0.004772238158666826,-0.0599999999999999,0.0,0.0764999999999999
0.004438826960757292,0.004773290883893108,-0.0599999999999999,0.0,0.085
0.004407324623431867,0.0047725899845277335,-0.0599999999999999,0.0,0.0935
0.004256660170946561,0.004821371362540638,-0.0599999999999999,0.0,0.102
0.003850484070127154,0.005088674449270846,-0.0599999999999999,0.0,0.1105
0.0033060292934320636,0.005559174174085137,-0.0599999999999999,0.0,0.119
0.0026362392740909182,0.006069299214828081,-0.0599999999999999,0.0,0.1275
0.0007679877439493205,0.00787838632471988,-0.0599999999999999,0.0,0.136
-0.000957760421775089,0.010043986337584089,-0.0599999999999999,0.0,0.1445
0.0008441162821291662,0.033188945840537436,-0.0599999999999999,0.0,0.153
0.23627100195380948,0.2941270961678182,-0.0599999999999999,0.0,0.1615
-356.46341190737104,431.5632861557104,-0.0599999999999999,0.0,0.17
-156.51077301405246,160.66404132876949,-0.0555583899503715,-0.0555583899503716,0.0
0.0051828297293160085,0.005759350627348791,-0.0555583899503715,-0.0555583899503716,0.008095238095238
0.00525585400338948,0.0062238225014515204,-0.0555583899503715,-0.0555583899503716,0.0161904761904762
0.005288249894596906,0.006417254753050294,-0.0555583899503715,-0.0555583899503716,0.0242857142857142
0.005415072182569152,0.00634962056146005,-0.0555583899503715,-0.0555583899503716,0.0323809523809523
0.005538082825491218,0.005900102908953383,-0.0555583899503715,-0.0555583899503716,0.0404761904761904
0.005520704253720326,0.005626075412298073,-0.0555583899503715,-0.0555583899503716,0.0485714285714285
0.004784699323386176,0.005592346010289024,-0.0555583899503715,-0.0555583899503716,0.0566666666666666
0.004464854447333522,0.0054715922441880786,-0.0555583899503715,-0.0555583899503716,0.0647619047619047
0.003730407126457995,0.005332619870621004,-0.0555583899503715,-0.0555583899503716,0.0728571428571428
0.003265639304409173,0.005049603797325028,-0.0555583899503715,-0.0555583899503716,0.0809523809523809
0.0031686409288747435,0.004823814475808256,-0.0555583899503715,-0.0555583899503716,0.089047619047619
0.002856878612474826,0.0045449974129641735,-0.0555583899503715,-0.0555583899503716,0.0971428571428571
0.002588585768459298,0.004229026830048303,-0.0555583899503715,-0.0555583899503716,0.1052380952380952
0.0024874718922280672,0.004051759522150132,-0.0555583899503715,-0.0555583899503716,0.1133333333333333
0.0021731275559670766,0.0039975239580793236,-0.0555583899503715,-0.0555583899503716,0.1214285714285714
0.0018337818135386998,0.0042702681473681,-0.0555583899503715,-0.0555583899503716,0.1295238095238095
0.0008121648911371088,0.005351960796162892,-0.0555583899503715,-0.0555583899503716,0.1376190476190476
9.649359823679562e-05,0.009280392244959204,-0.0555583899503715,-0.0555583899503716,0.1457142857142857
-0.010061910110780139,0.04177070497563454,-0.0555583899503715,-0.0555583899503716,0.1538095238095238
0.16255421484327212,0.1762586096663281,-0.0555583899503715,-0.0555583899503716,0.1619047619047619
-86876.591785976,86932.19581095417,-0.0555583899503715,-0.0555583899503716,0.17
-70.33125256687123,73.18402299877141,-0.0502417976106231,0.0502417976106231,0.0
0.005274664941122811,0.008382639139329788,-0.0502417976106231,0.0502417976106231,0.0089473684210526
0.00491722608013058,0.007322166899705219,-0.0502417976106231,0.0502417976106231,0.0178947368421052
0.0040153864782283685,0.006775717321509832,-0.0502417976106231,0.0502417976106231,0.0268421052631579
0.0034734405734546886,0.006499681520645712,-0.0502417976106231,0.0502417976106231,0.0357894736842105
0.0036718351838013483,0.006472056609797852,-0.0502417976106231,0.0502417976106231,0.0447368421052631
0.004651149317014249,0.006551996632056751,-0.0502417976106231,0.0502417976106231,0.0536842105263157
0.005536923734461389,0.0067098162460096115,-0.0502417976106231,0.0502417976106231,0.0626315789473684
0.006319813409971271,0.006714410731554727,-0.0502417976106231,0.0502417976106231,0.071578947368421
0.0067130190703617925,0.006748389565045607,-0.0502417976106231,0.0502417976106231,0.0805263157894736
0.006731423388992266,0.006793024123433734,-0.0502417976106231,0.0502417976106231,0.0894736842105263
0.0066502767835744415,0.006705481199198558,-0.0502417976106231,0.0502417976106231,0.0984210526315789
0.006237852785755761,0.006606330677358439,-0.0502417976106231,0.0502417976106231,0.1073684210526315
0.0055897659181233786,0.006529718918046222,-0.0502417976106231,0.0502417976106231,0.1163157894736842
0.0046007805192785165,0.006800643270320483,-0.0502417976106231,0.0502417976106231,0.1252631578947368
0.003979506112997635,0.007140228460869165,-0.0502417976106231,0.0502417976106231,0.1342105263157895
0.0025838941431373928,0.008740398537047408,-0.0502417976106231,0.0502417976106231,0.1431578947368421
0.010103698686309559,0.02050110331286464,-0.0502417976106231,0.0502417976106231,0.1521052631578947
0.15626081285046933,0.17811636722766727,-0.0502417976106231,0.0502417976106231,0.1610526315789473
-221.79670900566316,281.2929866226404,-0.0502417976106231,0.0502417976106231,0.17
-189.03375593585915,192.07480815190755,-0.0454568645048494,-0.0454568645048494,0.0
0.004706500098267822,0.0053734378553741795,-0.0454568645048494,-0.0454568645048494,0.008095238095238
0.004807305233827571,0.005307158351501229,-0.0454568645048494,-0.0454568645048494,0.0161904761904762
0.004779337443253225,0.005566810097442175,-0.0454568645048494,-0.0454568645048494,0.0242857142857142
0.004867908432770489,0.00575267510879351,-0.0454568645048494,-0.0454568645048494,0.0323809523809523
0.004941370582301138,0.005623026904160262,-0.0454568645048494,-0.0454568645048494,0.0404761904761904
0.004959300723784222,0.005475839486501577,-0.0454568645048494,-0.0454568645048494,0.0485714285714285
0.004929391071138568,0.005101721721161432,-0.0454568645048494,-0.0454568645048494,0.0566666666666666
0.0048571806132222855,0.004919131928985515,-0.0454568645048494,-0.0454568645048494,0.0647619047619047
0.004419122361096954,0.004779586391019046,-0.0454568645048494,-0.0454568645048494,0.0728571428571428
0.003965472666448725,0.004604227648410875,-0.0454568645048494,-0.0454568645048494,0.0809523809523809
0.0038245801138111204,0.00442408083539668,-0.0454568645048494,-0.0454568645048494,0.089047619047619
0.0033876856621009245,0.004238903463532675,-0.0454568645048494,-0.0454568645048494,0.0971428571428571
0.0030374171807690097,0.00405616159090999,-0.0454568645048494,-0.0454568645048494,0.1052380952380952
0.0029634826699691825,0.003941927666164018,-0.0454568645048494,-0.0454568645048494,0.1133333333333333
0.0028376651573902866,0.003871014047485913,-0.0454568645048494,-0.0454568645048494,0.1214285714285714
0.0025433028198969887,0.004142151406050811,-0.0454568645048494,-0.0454568645048494,0.1295238095238095
0.0010509322530001968,0.0056628924591498025,-0.0454568645048494,-0.0454568645048494,0.1376190476190476
-7.120426627347902e-05,0.009182606629774279,-0.0454568645048494,-0.0454568645048494,0.1457142857142857
-0.01143459195976871,0.045073947896946645,-0.0454568645048494,-0.0454568645048494,0.1538095238095238
0.22564537700962786,0.25997084140530197,-0.0454568645048494,-0.0454568645048494,0.1619047619047619
-180633.5742795347,180777.36488303967,-0.0454568645048494,-0.0454568645048494,0.17
-14.746185292600568,19.338259223797433,-0.0449999999999999,0.0,0.0
0.004025404561876591,0.00668508444871841,-0.0449999999999999,0.0,0.0085
0.0030741041938851,0.0057780739735663,-0.0449999999999999,0.0,0.0169999999999999
0.0030244720537225753,0.005334357308193425,-0.0449999999999999,0.0,0.0254999999999999
0.003178402673442318,0.005147498726318681,-0.0449999999999999,0.0,0.034
0.003390042080066248,0.004973335831131152,-0.0449999999999999,0.0,0.0425
0.003553394664035976,0.004860574478629223,-0.0449999999999999,0.0,0.051
0.003528129199460567,0.004911778330900032,-0.0449999999999999,0.0,0.0594999999999999
0.0036184941587687845,0.004813892184891816,-0.0449999999999999,0.0,0.068
0.003401228643137834,0.004995118940333167,-0.0449999999999999,0.0,0.0764999999999999
0.0031397691859169517,0.005208301176037649,-0.0449999999999999,0.0,0.085
0.0029226588855431196,0.005358705392964881,-0.0449999999999999,0.0,0.0935
0.0025777618786553616,0.005650639824622239,-0.0449999999999999,0.0,0.102
0.0015510754376070008,0.006622506069623398,-0.0449999999999999,0.0,0.1105
-0.0010763788031910798,0.009229137700772681,-0.0449999999999999,0.0,0.119
-0.0021414468007468898,0.010302606673189486,-0.0449999999999999,0.0,0.1275
-0.0035296603834191476,0.011867815593734147,-0.0449999999999999,0.0,0.136
-0.005706836956801374,0.014690930764699375,-0.0449999999999999,0.0,0.1445
-0.005125626682585116,0.02903445350670212,-0.0449999999999999,0.0,0.153
0.1829189450255697,0.2734240443706089,-0.0449999999999999,0.0,0.1615
-936685.771170046,936783.7500398918,-0.0449999999999999,0.0,0.17
-130.30579136995632,133.87098245608323,-0.0390769536971513,0.0390769536971513,0.0
0.005903596095592424,0.009796762827182177,-0.0390769536971513,0.0390769536971513,0.0089473684210526
0.005140519464409527,0.008491160292372475,-0.0390769536971513,0.0390769536971513,0.0178947368421052
0.004563974677434542,0.007929384435902858,-0.0390769536971513,0.0390769536971513,0.0268421052631579
0.004096066806099164,0.0076022863080696355,-0.0390769536971513,0.0390769536971513,0.0357894736842105
0.003915693982706581,0.0074942045939404185,-0.0390769536971513,0.0390769536971513,0.0447368421052631
0.0036468980415440434,0.007479546267832557,-0.0390769536971513,0.0390769536971513,0.0536842105263157
0.0036333448025340086,0.007522664290160191,-0.0390769536971513,0.0390769536971513,0.0626315789473684
0.0037689034184029842,0.007558251807785615,-0.0390769536971513,0.0390769536971513,0.071578947368421
0.0038557360862175568,0.007578756005138043,-0.0390769536971513,0.0390769536971513,0.0805263157894736
0.0038478481437611263,0.007593436990963873,-0.0390769536971513,0.0390769536971513,0.0894736842105263
0.0037678311756518183,0.007619044258782981,-0.0390769536971513,0.0390769536971513,0.0984210526315789
0.00366146017500814,0.007705714178685661,-0.0390769536971513,0.0390769536971513,0.1073684210526315
0.003530978570007129,0.00797596774950967,-0.0390769536971513,0.0390769536971513,0.1163157894736842
0.003443639443989604,0.008393427958520995,-0.0390769536971513,0.0390769536971513,0.1252631578947368
0.003192010547256618,0.00889600383463698,-0.0390769536971513,0.0390769536971513,0.1342105263157895
0.0027004462072371385,0.010205963031526863,-0.0390769536971513,0.0390769536971513,0.1431578947368421
0.0051658125748446915,0.01825386294776591,-0.0390769536971513,0.0390769536971513,0.1521052631578947
0.22217349275168588,0.3204952818711731,-0.0390769536971513,0.0390769536971513,0.1610526315789473
-0.1366321681113618,81.86919641974079,-0.0390769536971513,0.0390769536971513,0.17
-176.39862462679045,179.19394310382276,-0.0353553390593273,-0.0353553390593273,0.0
0.0048265666298502345,0.005555945765715365,-0.0353553390593273,-0.0353553390593273,0.008095238095238
0.004570589225061675,0.004677846564852325,-0.0353553390593273,-0.0353553390593273,0.0161904761904762
0.004463621900617263,0.004790300557152538,-0.0353553390593273,-0.0353553390593273,0.0242857142857142
0.004498195803408732,0.004979129208762867,-0.0353553390593273,-0.0353553390593273,0.0323809523809523
0.00453451931133672,0.00506688852131048,-0.0353553390593273,-0.0353553390593273,0.0404761904761904
0.004544781657591901,0.005045785959235899,-0.0353553390593273,-0.0353553390593273,0.0485714285714285
0.004529796988272204,0.004902075882689997,-0.0353553390593273,-0.0353553390593273,0.0566666666666666
0.004543200617591291,0.004756418749514109,-0.0353553390593273,-0.0353553390593273,0.0647619047619047
0.004436329199261706,0.0044962097439568945,-0.0353553390593273,-0.0353553390593273,0.0728571428571428
0.004115635852174832,0.004372002207295368,-0.0353553390593273,-0.0353553390593273,0.0809523809523809
0.003943122139686452,0.0043136092504503475,-0.0353553390593273,-0.0353553390593273,0.089047619047619
0.0035859368798644947,0.004241198377940105,-0.0353553390593273,-0.0353553390593273,0.0971428571428571
0.003352704930016052,0.004145133279944348,-0.0353553390593273,-0.0353553390593273,0.1052380952380952
0.0031569438826275715,0.004222985571280029,-0.0353553390593273,-0.0353553390593273,0.1133333333333333
0.0027294446018510644,0.004503806109625937,-0.0353553390593273,-0.0353553390593273,0.1214285714285714
0.0019781669201097037,0.005214991668651296,-0.0353553390593273,-0.0353553390593273,0.1295238095238095
-0.0007780538911009794,0.00790691835343818,-0.0353553390593273,-0.0353553390593273,0.1376190476190476
-0.002716973751403809,0.01092713762594941,-0.0353553390593273,-0.0353553390593273,0.1457142857142857
-0.01415941842031605,0.042526659977794645,-0.0353553390593273,-0.0353553390593273,0.1538095238095238
0.3015469998062143,0.3815529128026203,-0.0353553390593273,-0.0353553390593273,0.1619047619047619
-291100.79675254243,291184.9184106553,-0.0353553390593273,-0.0353553390593273,0.17
-92.73989073169862,96.59888001572914,-0.0299999999999999,0.0,0.0
0.003615839941490874,0.006209560719431103,-0.0299999999999999,0.0,0.0085
0.0033269492300025075,0.005584107050368893,-0.0299999999999999,0.0,0.0169999999999999
0.0030990338142431583,0.005469854345796242,-0.0299999999999999,0.0,0.0254999999999999
0.0030560999686765587,0.005400620441216641,-0.0299999999999999,0.0,0.034
0.0030084709287863088,0.00537968799428269,-0.0299999999999999,0.0,0.0425
0.0030249500596801725,0.005362649673588628,-0.0299999999999999,0.0,0.051
0.0029535957860607107,0.005487701383031089,-0.0299999999999999,0.0,0.0594999999999999
0.002663224138318725,0.005922372356823075,-0.0299999999999999,0.0,0.068
0.0017653120142873844,0.007026852581629416,-0.0299999999999999,0.0,0.0764999999999999
0.001334909595203319,0.00783684731831068,-0.0299999999999999,0.0,0.085
0.0008087069502578561,0.009265623010703142,-0.0299999999999999,0.0,0.0935
-0.0002913029406712408,0.011598711674092039,-0.0299999999999999,0.0,0.102
-0.003296330101473995,0.017934313390425394,-0.0299999999999999,0.0,0.1105
-0.010262267754871048,0.03017893927067085,-0.0299999999999999,0.0,0.119
-0.01625227185784665,0.04656522252877544,-0.0299999999999999,0.0,0.1275
-0.009294103732565704,0.0687252639578421,-0.0299999999999999,0.0,0.136
0.007129662613116067,0.09332114717662211,-0.0299999999999999,0.0,0.1445
0.07181068675925653,0.12635890075838627,-0.0299999999999999,0.0,0.153
0.2137347708392478,0.309488974615225,-0.0299999999999999,0.0,0.1615
-2250890.07618888,2251030.8485277556,-0.0299999999999999,0.0,0.17
-26.529209331316164,32.92410116814625,-0.0279121097836795,0.0279121097836795,0.0
0.005861699106080753,0.010798123720994847,-0.0279121097836795,0.0279121097836795,0.0089473684210526
0.003946170024685499,0.0098270881658541,-0.0279121097836795,0.0279121097836795,0.0178947368421052
0.003785400259046107,0.009285373348867093,-0.0279121097836795,0.0279121097836795,0.0268421052631579
0.0034152707370514205,0.00905824240098898,-0.0279121097836795,0.0279121097836795,0.0357894736842105
0.0030970923628626597,0.00912988512472994,-0.0279121097836795,0.0279121097836795,0.0447368421052631
0.0037449095785964505,0.00844800429791915,-0.0279121097836795,0.0279121097836795,0.0536842105263157
0.003743344941080777,0.008616384334230821,-0.0279121097836795,0.0279121097836795,0.0626315789473684
0.0037663448070372973,0.008808599337010302,-0.0279121097836795,0.0279121097836795,0.071578947368421
0.003860943774106023,0.009062016756569776,-0.0279121097836795,0.0279121097836795,0.0805263157894736
0.003934257238466225,0.009315542481914376,-0.0279121097836795,0.0279121097836795,0.0894736842105263
0.004062583179075235,0.009818260983223765,-0.0279121097836795,0.0279121097836795,0.0984210526315789
0.0031012135501429497,0.011495112893612849,-0.0279121097836795,0.0279121097836795,0.1073684210526315
0.0033818256544556613,0.012634674714341737,-0.0279121097836795,0.0279121097836795,0.1163157894736842
0.0040408291194752866,0.014104502616893513,-0.0279121097836795,0.0279121097836795,0.1252631578947368
0.004329412602374823,0.016015679820424976,-0.0279121097836795,0.0279121097836795,0.1342105263157895
0.005029037949869596,0.019689750244077403,-0.0279121097836795,0.0279121097836795,0.1431578947368421
0.0024193822889429957,0.028550879145527203,-0.0279121097836795,0.0279121097836795,0.1521052631578947
0.19534039911546072,0.2259065233434472,-0.0279121097836795,0.0279121097836795,0.1610526315789473
-969187.9636130099,969397.0251623379,-0.0279121097836795,0.0279121097836795,0.17
-67.99740687593841,72.37172640804094,-0.0252538136138052,-0.0252538136138052,0.0
0.003327718631844676,0.005988288800837524,-0.0252538136138052,-0.0252538136138052,0.008095238095238
0.003607370930526991,0.00498124174020141,-0.0252538136138052,-0.0252538136138052,0.0161904761904762
0.003835368460800778,0.004680589842168821,-0.0252538136138052,-0.0252538136138052,0.0242857142857142
0.003950405361840349,0.004634751876666651,-0.0252538136138052,-0.0252538136138052,0.0323809523809523
0.004073687441155975,0.004635755703565025,-0.0252538136138052,-0.0252538136138052,0.0404761904761904
0.004127473802384701,0.0046293585823705,-0.0252538136138052,-0.0252538136138052,0.0485714285714285
0.004120707840469435,0.004621339032025764,-0.0252538136138052,-0.0252538136138052,0.0566666666666666
0.004075423049806945,0.004588047141922055,-0.0252538136138052,-0.0252538136138052,0.0647619047619047
0.003923794445895745,0.004551927702405055,-0.0252538136138052,-0.0252538136138052,0.0728571428571428
0.0038032670691852226,0.004495033347257177,-0.0252538136138052,-0.0252538136138052,0.0809523809523809
0.0037491158409102177,0.004371154151405782,-0.0252538136138052,-0.0252538136138052,0.089047619047619
0.0035943375091338006,0.0043439602432928,-0.0252538136138052,-0.0252538136138052,0.0971428571428571
0.0032761357216749727,0.004443891141877627,-0.0252538136138052,-0.0252538136138052,0.1052380952380952
0.0028209033392644894,0.0047508178660185104,-0.0252538136138052,-0.0252538136138052,0.1133333333333333
0.0022861434140392317,0.0051466071095443685,-0.0252538136138052,-0.0252538136138052,0.1214285714285714
0.0008604167932371896,0.00643682212531701,-0.0252538136138052,-0.0252538136138052,0.1295238095238095
-0.003641717642530544,0.010739900741647143,-0.0252538136138052,-0.0252538136138052,0.1376190476190476
-0.007298014415278034,0.014339936880211233,-0.0252538136138052,-0.0252538136138052,0.1457142857142857
-0.020358812940707568,0.038851447572822356,-0.0252538136138052,-0.0252538136138052,0.1538095238095238
0.28345640897413715,0.36276710746550167,-0.0252538136138052,-0.0252538136138052,0.1619047619047619
-1191955.9006483066,1192070.8784208507,-0.0252538136138052,-0.0252538136138052,0.17
-21.435462511118843,28.129791616350275,-0.0167472658702077,0.0167472658702077,0.0
0.008579804652718062,0.011843835936386138,-0.0167472658702077,0.0167472658702077,0.0089473684210526
0.00406635762983003,0.011133793188932572,-0.0167472658702077,0.0167472658702077,0.0178947368421052
0.00401445685874003,0.01012735264639517,-0.0167472658702077,0.0167472658702077,0.0268421052631579
0.0032343736606786507,0.010848559230047749,-0.0167472658702077,0.0167472658702077,0.0357894736842105
0.0028050666422462745,0.011879974000803525,-0.0167472658702077,0.0167472658702077,0.0447368421052631
0.0026339078391984334,0.013676702206315564,-0.0167472658702077,0.0167472658702077,0.0536842105263157
0.0027711896969391317,0.01670871489999127,-0.0167472658702077,0.0167472658702077,0.0626315789473684
0.0026088226882822266,0.021111568900617574,-0.0167472658702077,0.0167472658702077,0.071578947368421
0.005321829002167955,0.028438382962511853,-0.0167472658702077,0.0167472658702077,0.0805263157894736
0.008456503173946585,0.038019215125786626,-0.0167472658702077,0.0167472658702077,0.0894736842105263
0.020878081704236294,0.05202515983039311,-0.0167472658702077,0.0167472658702077,0.0984210526315789
0.0328107138097849,0.06743921653890811,-0.0167472658702077,0.0167472658702077,0.1073684210526315
0.05782752299446826,0.08648130542324395,-0.0167472658702077,0.0167472658702077,0.1163157894736842
0.08536007838773599,0.10516064678605339,-0.0167472658702077,0.0167472658702077,0.1252631578947368
0.10309080131728983,0.12006477729366637,-0.0167472658702077,0.0167472658702077,0.1342105263157895
0.12586726611047877,0.13982648690271765,-0.0167472658702077,0.0167472658702077,0.1431578947368421
0.14169560484034402,0.16426331843407863,-0.0167472658702077,0.0167472658702077,0.1521052631578947
0.30826836597374035,0.3154183289843862,-0.0167472658702077,0.0167472658702077,0.1610526315789473
-2030184.3790599287,2030510.592524836,-0.0167472658702077,0.0167472658702077,0.17
-47.464020642523685,51.25241033322683,-0.0151522881682831,-0.0151522881682831,0.0
0.002581843580993632,0.006021256991600768,-0.0151522881682831,-0.0151522881682831,0.008095238095238
0.002483164873966579,0.005188515774581615,-0.0151522881682831,-0.0151522881682831,0.0161904761904762
0.0026978894502909,0.0049203177631977,-0.0151522881682831,-0.0151522881682831,0.0242857142857142
0.0027814038324085223,0.004925644053388078,-0.0151522881682831,-0.0151522881682831,0.0323809523809523
0.002965359440876693,0.004906486200620908,-0.0151522881682831,-0.0151522881682831,0.0404761904761904
0.002942710347206529,0.005086797249078871,-0.0151522881682831,-0.0151522881682831,0.0485714285714285
0.00290028386009026,0.005306411109954142,-0.0151522881682831,-0.0151522881682831,0.0566666666666666
0.0029373166538609356,0.0054864894127248645,-0.0151522881682831,-0.0151522881682831,0.0647619047619047
0.003013443433029152,0.005859800313838049,-0.0151522881682831,-0.0151522881682831,0.0728571428571428
0.0033636766150546503,0.006021117859636977,-0.0151522881682831,-0.0151522881682831,0.0809523809523809
0.0031434896934757163,0.0069348982474536835,-0.0151522881682831,-0.0151522881682831,0.089047619047619
0.0030630097206237506,0.00810083880094585,-0.0151522881682831,-0.0151522881682831,0.0971428571428571
0.0027388661450145086,0.01135158441797209,-0.0151522881682831,-0.0151522881682831,0.1052380952380952
-0.00077925138140208,0.019418659363833878,-0.0151522881682831,-0.0151522881682831,0.1133333333333333
-0.0057355796905642145,0.032608779256556815,-0.0151522881682831,-0.0151522881682831,0.1214285714285714
-0.01861860584649646,0.05946530369291906,-0.0151522881682831,-0.0151522881682831,0.1295238095238095
-0.01707505765869915,0.09188287013842714,-0.0151522881682831,-0.0151522881682831,0.1376190476190476
-0.030869552440434975,0.1542572672622064,-0.0151522881682831,-0.0151522881682831,0.1457142857142857
0.03166768364374231,0.2003651278413507,-0.0151522881682831,-0.0151522881682831,0.1538095238095238
0.30465917134601184,0.4277042663892313,-0.0151522881682831,-0.0151522881682831,0.1619047619047619
-3028960.8238815567,3029127.726436336,-0.0151522881682831,-0.0151522881682831,0.17
-329.13313868725953,336.6710758739728,-0.0149999999999999,0.0,0.0
0.014026332764888436,0.03049672201783762,-0.0149999999999999,0.0,0.0085
0.015947314513960198,0.032544395330366606,-0.0149999999999999,0.0,0.0169999999999999
0.03480981965776655,0.06171111599586326,-0.0149999999999999,0.0,0.0254999999999999
0.03038532864726623,0.13261341488358397,-0.0149999999999999,0.0,0.034
0.004844863027091639,0.2659543823425812,-0.0149999999999999,0.0,0.0425
0.10781061096773178,0.3904547863987208,-0.0149999999999999,0.0,0.051
0.21990717222901618,0.4675854378937892,-0.0149999999999999,0.0,0.0594999999999999
0.37875778318333375,0.5199795137185389,-0.0149999999999999,0.0,0.068
0.4538333899783898,0.5518380840870553,-0.0149999999999999,0.0,0.0764999999999999
0.5023677923384383,0.567432845682703,-0.0149999999999999,0.0,0.085
0.5228444926740289,0.5829319300529404,-0.0149999999999999,0.0,0.0935
0.5275626223615868,0.5843123368288543,-0.0149999999999999,0.0,0.102
0.5267427634619237,0.5781269726078264,-0.0149999999999999,0.0,0.1105
0.5211746306027873,0.5726409642813814,-0.0149999999999999,0.0,0.119
0.5151665062201621,0.5640749433950741,-0.0149999999999999,0.0,0.1275
0.5065686410840742,0.5506805893309272,-0.0149999999999999,0.0,0.136
0.4972105595477545,0.5433100667843922,-0.0149999999999999,0.0,0.1445
0.4873977258242406,0.5350067993470276,-0.0149999999999999,0.0,0.153
0.539496463681387,0.557294655362695,-0.0149999999999999,0.0,0.1615
-137519111.03290796,137519714.77181894,-0.0149999999999999,0.0,0.17
1.6739988623290893,1.778640956492534,-0.0055824219567359,0.0055824219567359,0.0
-4.354692446027192,7.826736386665933,-0.0055824219567359,0.0055824219567359,0.0089473684210526
-4.161332377857934,7.234621020358666,-0.0055824219567359,0.0055824219567359,0.0178947368421052
-9.012039195287723,12.061885673468161,-0.0055824219567359,0.0055824219567359,0.0268421052631579
-6.561808366579813,9.530984644366933,-0.0055824219567359,0.0055824219567359,0.0357894736842105
-3.932886011656147,6.778334953632032,-0.0055824219567359,0.0055824219567359,0.0447368421052631
-2.4261095726866704,5.102626215335755,-0.0055824219567359,0.0055824219567359,0.0536842105263157
-1.1469841203299058,3.6708151779157294,-0.0055824219567359,0.0055824219567359,0.0626315789473684
-0.2738120624064351,2.6896124414607088,-0.0055824219567359,0.0055824219567359,0.071578947368421
0.2560525028644991,2.020832154634001,-0.0055824219567359,0.0055824219567359,0.0805263157894736
0.9332401433605023,1.254073319351462,-0.0055824219567359,0.0055824219567359,0.0894736842105263
0.9465421696923806,1.1325175471422524,-0.0055824219567359,0.0055824219567359,0.0984210526315789
0.9541299336681462,1.0409831865586021,-0.0055824219567359,0.0055824219567359,0.1073684210526315
0.9164186655254074,0.9667243669145391,-0.0055824219567359,0.0055824219567359,0.1163157894736842
0.868621138377031,0.9101033195231474,-0.0055824219567359,0.0055824219567359,0.1252631578947368
0.8432259483060676,0.8612510857091431,-0.0055824219567359,0.0055824219567359,0.1342105263157895
0.7996520759230166,0.8095574421984837,-0.0055824219567359,0.0055824219567359,0.1431578947368421
0.7445125469682798,0.7953726955727134,-0.0055824219567359,0.0055824219567359,0.1521052631578947
0.6909203929926098,0.8025061590109974,-0.0055824219567359,0.0055824219567359,0.1610526315789473
-143008992.56117713,143009644.21361178,-0.0055824219567359,0.0055824219567359,0.17
1.0575643996697266,1.333687298121869,-0.005050762722761,-0.005050762722761,0.0
-5.942714969580049,9.371633197097376,-0.005050762722761,-0.005050762722761,0.008095238095238
-4.697701980406376,7.737883614351415,-0.005050762722761,-0.005050762722761,0.0161904761904762
-9.604039734730147,12.64544191798226,-0.005050762722761,-0.005050762722761,0.0242857142857142
-10.567185401592527,13.654862363033123,-0.005050762722761,-0.005050762722761,0.0323809523809523
-9.456873602989528,12.522559211272142,-0.005050762722761,-0.005050762722761,0.0404761904761904
-7.496969277397789,10.496875464251843,-0.005050762722761,-0.005050762722761,0.0485714285714285
-5.50390648487135,8.437231841965614,-0.005050762722761,-0.005050762722761,0.0566666666666666
-3.6168825083062566,6.49444745092689,-0.005050762722761,-0.005050762722761,0.0647619047619047
-2.113295172126097,4.885667101750469,-0.005050762722761,-0.005050762722761,0.0728571428571428
-1.0053533619017367,3.673297275205826,-0.005050762722761,-0.005050762722761,0.0809523809523809
-0.28858432552753666,2.828188929666711,-0.005050762722761,-0.005050762722761,0.089047619047619
0.13441416077460233,2.2710777817797885,-0.005050762722761,-0.005050762722761,0.0971428571428571
0.9023374254930725,1.3212570974963178,-0.005050762722761,-0.005050762722761,0.1052380952380952
0.8832706500236832,1.210899885434425,-0.005050762722761,-0.005050762722761,0.1133333333333333
0.8620338139989048,1.115968333303572,-0.005050762722761,-0.005050762722761,0.1214285714285714
0.8326156321225653,1.0384222758150978,-0.005050762722761,-0.005050762722761,0.1295238095238095
0.7986516287768796,0.9442578939924086,-0.005050762722761,-0.005050762722761,0.1376190476190476
0.7630954873062676,0.8942656731199996,-0.005050762722761,-0.005050762722761,0.1457142857142857
0.7236241223477152,0.8635170390667485,-0.005050762722761,-0.005050762722761,0.1538095238095238
0.7320385331598765,0.8372248140269506,-0.005050762722761,-0.005050762722761,0.1619047619047619
-160494.00263564207,161154.0097203529,-0.005050762722761,-0.005050762722761,0.17
-553.0563317739674,553.9270667275097,-4.163336342344337e-17,-0.15,0.0
0.2963086666028383,1.2283295276119532,-4.163336342344337e-17,-0.15,0.008095238095238
-1.2687553661255322,2.7532739848850847,-4.163336342344337e-17,-0.15,0.0161904761904762
-2.445062796103761,4.227821169541041,-4.163336342344337e-17,-0.15,0.0242857142857142
-100.70117272797873,110.65548544260292,-4.163336342344337e-17,-0.15,0.0323809523809523
-146.23296934732983,158.0841020122111,-4.163336342344337e-17,-0.15,0.0404761904761904
-214.809033633538,227.4870605928153,-4.163336342344337e-17,-0.15,0.0485714285714285
-144.82971770945557,158.7685647484211,-4.163336342344337e-17,-0.15,0.0566666666666666
-40.48030517357229,55.01060962165508,-4.163336342344337e-17,-0.15,0.0647619047619047
-1.6305053944197088,17.2036596068096,-4.163336342344337e-17,-0.15,0.0728571428571428
-5.2042215936031475,21.65895344724074,-4.163336342344337e-17,-0.15,0.0809523809523809
-9.850285878030338,26.682292363380643,-4.163336342344337e-17,-0.15,0.089047619047619
-13.981637384707895,31.42678521475453,-4.163336342344337e-17,-0.15,0.0971428571428571
-18.518444901221038,36.58844144853163,-4.163336342344337e-17,-0.15,0.1052380952380952
-14.59366453748618,33.04562830761745,-4.163336342344337e-17,-0.15,0.1133333333333333
-13.452661416876243,33.16393384749421,-4.163336342344337e-17,-0.15,0.1214285714285714
-20.616852339502994,41.534708911258235,-4.163336342344337e-17,-0.15,0.1295238095238095
-105.74109574602392,130.5635150453681,-4.163336342344337e-17,-0.15,0.1376190476190476
-244.264840936184,272.67406269453886,-4.163336342344337e-17,-0.15,0.1457142857142857
-304.72081836616627,334.4078511331763,-4.163336342344337e-17,-0.15,0.1538095238095238
-721.2994742439124,749.1690912216978,-4.163336342344337e-17,-0.15,0.1619047619047619
-65.7421531856089,84.15581795561526,-4.163336342344337e-17,-0.15,0.17
-12.186083028957553,13.017300291673726,-3.766828119263922e-17,-0.1357142857142857,0.0
0.003958798652828239,0.004496394586296561,-3.766828119263922e-17,-0.1357142857142857,0.008095238095238
0.00589902319201273,0.011975333465157051,-3.766828119263922e-17,-0.1357142857142857,0.0161904761904762
0.008453845552535706,0.015262298575983695,-3.766828119263922e-17,-0.1357142857142857,0.0242857142857142
0.010466611792930465,0.019363167351163245,-3.766828119263922e-17,-0.1357142857142857,0.0323809523809523
0.011650950160332317,0.01914879640377146,-3.766828119263922e-17,-0.1357142857142857,0.0404761904761904
0.0113989773278791,0.0189964794051521,-3.766828119263922e-17,-0.1357142857142857,0.0485714285714285
0.012256639416509486,0.016885885119950546,-3.766828119263922e-17,-0.1357142857142857,0.0566666666666666
0.012116329392233265,0.01654478165582063,-3.766828119263922e-17,-0.1357142857142857,0.0647619047619047
0.012172728214917924,0.016138764415509276,-3.766828119263922e-17,-0.1357142857142857,0.0728571428571428
0.01242039796796011,0.01605334839140589,-3.766828119263922e-17,-0.1357142857142857,0.0809523809523809
0.012716056186647824,0.015850791865303176,-3.766828119263922e-17,-0.1357142857142857,0.089047619047619
0.013135546271864541,0.01563911695203926,-3.766828119263922e-17,-0.1357142857142857,0.0971428571428571
0.013858071161758233,0.015518579027923767,-3.766828119263922e-17,-0.1357142857142857,0.1052380952380952
0.014675287293289279,0.015393123324246917,-3.766828119263922e-17,-0.1357142857142857,0.1133333333333333
0.01628252841863464,0.016735157572787235,-3.766828119263922e-17,-0.1357142857142857,0.1214285714285714
0.0174264181710108,0.018472107360201658,-3.766828119263922e-17,-0.1357142857142857,0.1295238095238095
0.022738583907872832,0.025181310782541766,-3.766828119263922e-17,-0.1357142857142857,0.1376190476190476
0.030424198799368897,0.0411394608262789,-3.766828119263922e-17,-0.1357142857142857,0.1457142857142857
0.03739186564825174,0.04391157931306086,-3.766828119263922e-17,-0.1357142857142857,0.1538095238095238
0.03695125867077981,0.04077715765608521,-3.766828119263922e-17,-0.1357142857142857,0.1619047619047619
0.0258580531741477,0.030908192656181898,-3.766828119263922e-17,-0.1357142857142857,0.17
-7.3698404139583005,10.650908951530525,-3.370319896183512e-17,-0.1214285714285714,0.0
0.005016729765358721,0.005413609980388679,-3.370319896183512e-17,-0.1214285714285714,0.008095238095238
0.005815191866226007,0.010791798545882794,-3.370319896183512e-17,-0.1214285714285714,0.0161904761904762
0.006915207738739449,0.01201168680455835,-3.370319896183512e-17,-0.1214285714285714,0.0242857142857142
0.0077303890767935314,0.01292633939332907,-3.370319896183512e-17,-0.1214285714285714,0.0323809523809523
0.008223325211677825,0.012478928310588375,-3.370319896183512e-17,-0.1214285714285714,0.0404761904761904
0.007788462560892488,0.012492978548881511,-3.370319896183512e-17,-0.1214285714285714,0.0485714285714285
0.007227634076751956,0.010688963306568842,-3.370319896183512e-17,-0.1214285714285714,0.0566666666666666
0.007564579669727865,0.00829499708545153,-3.370319896183512e-17,-0.1214285714285714,0.0647619047619047
0.004810427661298954,0.005914668779135041,-3.370319896183512e-17,-0.1214285714285714,0.0728571428571428
0.001407471851034841,0.005410975901235755,-3.370319896183512e-17,-0.1214285714285714,0.0809523809523809
0.00047816037183709024,0.005315536937248505,-3.370319896183512e-17,-0.1214285714285714,0.089047619047619
-0.0009987911734710177,0.00579857859249522,-3.370319896183512e-17,-0.1214285714285714,0.0971428571428571
-0.0009093833241455504,0.0052846562928249505,-3.370319896183512e-17,-0.1214285714285714,0.1052380952380952
-0.0011024842672072324,0.005386149037450631,-3.370319896183512e-17,-0.1214285714285714,0.1133333333333333
-0.002017179856265824,0.006298909706562424,-3.370319896183512e-17,-0.1214285714285714,0.1214285714285714
-0.0022340639161595116,0.0068449411676359045,-3.370319896183512e-17,-0.1214285714285714,0.1295238095238095
-0.0024846174121620586,0.012373769722817052,-3.370319896183512e-17,-0.1214285714285714,0.1376190476190476
0.021209187848457652,0.02769430595713555,-3.370319896183512e-17,-0.1214285714285714,0.1457142857142857
0.04114030010795871,0.04635950837991729,-3.370319896183512e-17,-0.1214285714285714,0.1538095238095238
0.061196416532384494,0.0706181572340431,-3.370319896183512e-17,-0.1214285714285714,0.1619047619047619
0.0457138046655231,0.0616599783969853,-3.370319896183512e-17,-0.1214285714285714,0.17
-14.01011118661818,17.464765885017954,-2.973811673103097e-17,-0.1071428571428571,0.0
0.0051098568485403225,0.005245195165645278,-2.973811673103097e-17,-0.1071428571428571,0.008095238095238
0.005214199126085568,0.008355454822387432,-2.973811673103097e-17,-0.1071428571428571,0.0161904761904762
0.005676985889541799,0.009346963055286801,-2.973811673103097e-17,-0.1071428571428571,0.0242857142857142
0.006147936301495406,0.009567508188356194,-2.973811673103097e-17,-0.1071428571428571,0.0323809523809523
0.006398239333580663,0.008507583443082134,-2.973811673103097e-17,-0.1071428571428571,0.0404761904761904
0.006012596254038041,0.00798180340250256,-2.973811673103097e-17,-0.1071428571428571,0.0485714285714285
0.005103823295598052,0.005633792960022548,-2.973811673103097e-17,-0.1071428571428571,0.0566666666666666
0.004228547164084006,0.004398940237589794,-2.973811673103097e-17,-0.1071428571428571,0.0647619047619047
0.0018653129240515241,0.0035892084145112755,-2.973811673103097e-17,-0.1071428571428571,0.0728571428571428
0.0012189879987592827,0.0033290931185849175,-2.973811673103097e-17,-0.1071428571428571,0.0809523809523809
0.0011894614451681699,0.0032817733030490303,-2.973811673103097e-17,-0.1071428571428571,0.089047619047619
0.001298928745752499,0.003120507667373501,-2.973811673103097e-17,-0.1071428571428571,0.0971428571428571
0.0013259059657892455,0.0029772951463333543,-2.973811673103097e-17,-0.1071428571428571,0.1052380952380952
0.001422071303209415,0.002803050253768385,-2.973811673103097e-17,-0.1071428571428571,0.1133333333333333
0.0013748853686867959,0.002739239360003404,-2.973811673103097e-17,-0.1071428571428571,0.1214285714285714
0.0009152683328126486,0.0031985167592559517,-2.973811673103097e-17,-0.1071428571428571,0.1295238095238095
-0.0005028312979803869,0.004956535198754787,-2.973811673103097e-17,-0.1071428571428571,0.1376190476190476
0.001997925576127775,0.013760957962737425,-2.973811673103097e-17,-0.1071428571428571,0.1457142857142857
0.0059049643853172525,0.04862116430979395,-2.973811673103097e-17,-0.1071428571428571,0.1538095238095238
0.08919423309767104,0.10497879893429556,-2.973811673103097e-17,-0.1071428571428571,0.1619047619047619
0.10190749705848359,0.1238316462005224,-2.973811673103097e-17,-0.1071428571428571,0.17
-62.87571047081538,66.0005170131203,-2.5773034500226852e-17,-0.0928571428571428,0.0
0.004842036939567456,0.0049684238653953435,-2.5773034500226852e-17,-0.0928571428571428,0.008095238095238
0.004855792288702417,0.0059363601442177834,-2.5773034500226852e-17,-0.0928571428571428,0.0161904761904762
0.00480381394409004,0.00690807418592516,-2.5773034500226852e-17,-0.0928571428571428,0.0242857142857142
0.005076626576869725,0.007491487077736475,-2.5773034500226852e-17,-0.0928571428571428,0.0323809523809523
0.005290396649790469,0.0065773083063727315,-2.5773034500226852e-17,-0.0928571428571428,0.0404761904761904
0.005083624626526175,0.005936833774302026,-2.5773034500226852e-17,-0.0928571428571428,0.0485714285714285
0.004088794177010624,0.004579369355702576,-2.5773034500226852e-17,-0.0928571428571428,0.0566666666666666
0.0034709784124728497,0.003922599079214151,-2.5773034500226852e-17,-0.0928571428571428,0.0647619047619047
0.002194491294342687,0.0032628996653285124,-2.5773034500226852e-17,-0.0928571428571428,0.0728571428571428
0.001574546729893608,0.002973536450265592,-2.5773034500226852e-17,-0.0928571428571428,0.0809523809523809
0.0014132538300770934,0.002916646438633306,-2.5773034500226852e-17,-0.0928571428571428,0.089047619047619
0.001371745277513501,0.002761568911776299,-2.5773034500226852e-17,-0.0928571428571428,0.0971428571428571
0.0014264822673364782,0.002683581080305722,-2.5773034500226852e-17,-0.0928571428571428,0.1052380952380952
0.0015493372964092722,0.002594402179149528,-2.5773034500226852e-17,-0.0928571428571428,0.1133333333333333
0.0016322986524895168,0.002681171668694683,-2.5773034500226852e-17,-0.0928571428571428,0.1214285714285714
0.0017333585589016827,0.0027309376579075176,-2.5773034500226852e-17,-0.0928571428571428,0.1295238095238095
0.0017391251133266983,0.0031780193545875015,-2.5773034500226852e-17,-0.0928571428571428,0.1376190476190476
0.0018921376485928469,0.009128780201111754,-2.5773034500226852e-17,-0.0928571428571428,0.1457142857142857
-0.0029511084094103295,0.04355807003440393,-2.5773034500226852e-17,-0.0928571428571428,0.1538095238095238
0.11855840903884868,0.1575489952813785,-2.5773034500226852e-17,-0.0928571428571428,0.1619047619047619
-69373.39913603153,69440.06177874545,-2.5773034500226852e-17,-0.0928571428571428,0.17
-154.73494593896814,157.4870080832711,-2.1807952269422717e-17,-0.0785714285714285,0.0
0.004247181183628304,0.0050389097281594965,-2.1807952269422717e-17,-0.0785714285714285,0.008095238095238
0.004536497669446446,0.004625615691289353,-2.1807952269422717e-17,-0.0785714285714285,0.0161904761904762
0.004383038125142223,0.005096790087138978,-2.1807952269422717e-17,-0.0785714285714285,0.0242857142857142
0.004284500369184141,0.00583645007763406,-2.1807952269422717e-17,-0.0785714285714285,0.0323809523809523
0.004534978809530237,0.0056242752770325624,-2.1807952269422717e-17,-0.0785714285714285,0.0404761904761904
0.004445838228567635,0.005438677278928766,-2.1807952269422717e-17,-0.0785714285714285,0.0485714285714285
0.004042600230704623,0.004791088373062575,-2.1807952269422717e-17,-0.0785714285714285,0.0566666666666666
0.0037128812477380687,0.00443661220448233,-2.1807952269422717e-17,-0.0785714285714285,0.0647619047619047
0.0032179934459512153,0.003512626815932785,-2.1807952269422717e-17,-0.0785714285714285,0.0728571428571428
0.0024905026386207317,0.0030768877713426685,-2.1807952269422717e-17,-0.0785714285714285,0.0809523809523809
0.002175293833856772,0.0029670804256532284,-2.1807952269422717e-17,-0.0785714285714285,0.089047619047619
0.0018353314025994732,0.002774805375852727,-2.1807952269422717e-17,-0.0785714285714285,0.0971428571428571
0.0017985227998227947,0.0027056231005298044,-2.1807952269422717e-17,-0.0785714285714285,0.1052380952380952
0.0018559558438936343,0.0027243840053505636,-2.1807952269422717e-17,-0.0785714285714285,0.1133333333333333
0.0021336459964391877,0.0027726141188388104,-2.1807952269422717e-17,-0.0785714285714285,0.1214285714285714
0.0022306005561921194,0.002897604971318881,-2.1807952269422717e-17,-0.0785714285714285,0.1295238095238095
0.002524376521946155,0.0031190834751052446,-2.1807952269422717e-17,-0.0785714285714285,0.1376190476190476
0.004664490544834358,0.006174944670423242,-2.1807952269422717e-17,-0.0785714285714285,0.1457142857142857
-0.001559685991832132,0.045112732412388126,-2.1807952269422717e-17,-0.0785714285714285,0.1538095238095238
0.16525674896402875,0.23147040889778142,-2.1807952269422717e-17,-0.0785714285714285,0.1619047619047619
-239242.51205062759,239303.2493955134,-2.1807952269422717e-17,-0.0785714285714285,0.17
-165.86714053914642,168.37495020437763,-1.7842870038618585e-17,-0.0642857142857143,0.0
0.0036841803966675816,0.005132602019813619,-1.7842870038618585e-17,-0.0642857142857143,0.008095238095238
0.003915563688746412,0.004486804616269589,-1.7842870038618585e-17,-0.0642857142857143,0.0161904761904762
0.0042008911289508994,0.0042310940823497,-1.7842870038618585e-17,-0.0642857142857143,0.0242857142857142
0.004057013066788134,0.004514456536216465,-1.7842870038618585e-17,-0.0642857142857143,0.0323809523809523
0.003999563636167706,0.004625738551728494,-1.7842870038618585e-17,-0.0642857142857143,0.0404761904761904
0.003975898978728902,0.004587033063019098,-1.7842870038618585e-17,-0.0642857142857143,0.0485714285714285
0.003982418754172879,0.00421687216656112,-1.7842870038618585e-17,-0.0642857142857143,0.0566666666666666
0.0039005489330277165,0.004013033885950885,-1.7842870038618585e-17,-0.0642857142857143,0.0647619047619047
0.0035759163028860953,0.0036342925992571043,-1.7842870038618585e-17,-0.0642857142857143,0.0728571428571428
0.0032019090150885673,0.0032805691684878323,-1.7842870038618585e-17,-0.0642857142857143,0.0809523809523809
0.0029864456369088337,0.003195062052021566,-1.7842870038618585e-17,-0.0642857142857143,0.089047619047619
0.0027299174957617005,0.0030365488236792997,-1.7842870038618585e-17,-0.0642857142857143,0.0971428571428571
0.0026799561636264013,0.0029529046661829986,-1.7842870038618585e-17,-0.0642857142857143,0.1052380952380952
0.002632147476798971,0.0030277307532848292,-1.7842870038618585e-17,-0.0642857142857143,0.1133333333333333
0.0027418181932449275,0.0031192886728246727,-1.7842870038618585e-17,-0.0642857142857143,0.1214285714285714
0.0028536823976279056,0.003164976540695094,-1.7842870038618585e-17,-0.0642857142857143,0.1295238095238095
0.0031026084965977653,0.003278861325726235,-1.7842870038618585e-17,-0.0642857142857143,0.1376190476190476
0.005042209853656969,0.005980443072227832,-1.7842870038618585e-17,-0.0642857142857143,0.1457142857142857
0.002080603780678189,0.04621847048527141,-1.7842870038618585e-17,-0.0642857142857143,0.1538095238095238
0.22854410257262053,0.356637873579207,-1.7842870038618585e-17,-0.0642857142857143,0.1619047619047619
-344941.12546760996,345092.0707168536,-1.7842870038618585e-17,-0.0642857142857143,0.17
-161.58528645561896,164.07322716288783,-1.3877787807814457e-17,-0.0499999999999999,0.0
0.0033299009456529633,0.005375679009160437,-1.3877787807814457e-17,-0.0499999999999999,0.008095238095238
0.003588280456258179,0.004511588566268821,-1.3877787807814457e-17,-0.0499999999999999,0.0161904761904762
0.00382693195826366,0.004285401026495741,-1.3877787807814457e-17,-0.0499999999999999,0.0242857142857142
0.004005126889348256,0.004197348851993344,-1.3877787807814457e-17,-0.0499999999999999,0.0323809523809523
0.004037779949536054,0.004146736948005545,-1.3877787807814457e-17,-0.0499999999999999,0.0404761904761904
0.003995655855989769,0.004125124541265231,-1.3877787807814457e-17,-0.0499999999999999,0.0485714285714285
0.003913016141169835,0.0039615014636777655,-1.3877787807814457e-17,-0.0499999999999999,0.0566666666666666
0.0037964846859352913,0.003906691877514908,-1.3877787807814457e-17,-0.0499999999999999,0.0647619047619047
0.0035009896256232723,0.0038053735508221274,-1.3877787807814457e-17,-0.0499999999999999,0.0728571428571428
0.0032633309283352477,0.0036405200389699522,-1.3877787807814457e-17,-0.0499999999999999,0.0809523809523809
0.0031210334386515236,0.003610519409548876,-1.3877787807814457e-17,-0.0499999999999999,0.089047619047619
0.0029762798697574163,0.0035040562152103836,-1.3877787807814457e-17,-0.0499999999999999,0.0971428571428571
0.002862250169612185,0.003513829907906015,-1.3877787807814457e-17,-0.0499999999999999,0.1052380952380952
0.0028697474865197756,0.003510607130182623,-1.3877787807814457e-17,-0.0499999999999999,0.1133333333333333
0.002991820101442275,0.0034896616525143254,-1.3877787807814457e-17,-0.0499999999999999,0.1214285714285714
0.0030721047957563453,0.0034940761816638537,-1.3877787807814457e-17,-0.0499999999999999,0.1295238095238095
0.0027925292743476004,0.003987831880316998,-1.3877787807814457e-17,-0.0499999999999999,0.1376190476190476
0.0016262329441433395,0.008507828760460258,-1.3877787807814457e-17,-0.0499999999999999,0.1457142857142857
-0.001864883311538175,0.04641312451013018,-1.3877787807814457e-17,-0.0499999999999999,0.1538095238095238
0.32904679006794685,0.40543258127604437,-1.3877787807814457e-17,-0.0499999999999999,0.1619047619047619
-637151.9708474681,637238.034200567,-1.3877787807814457e-17,-0.0499999999999999,0.17
-96.87438449653163,101.01930864844834,-9.912705577010328e-18,-0.0357142857142857,0.0
0.0030410994253286657,0.005483458399318935,-9.912705577010328e-18,-0.0357142857142857,0.008095238095238
0.003283862694289646,0.0046289249265221545,-9.912705577010328e-18,-0.0357142857142857,0.0161904761904762
0.003449481446016744,0.004422233689373855,-9.912705577010328e-18,-0.0357142857142857,0.0242857142857142
0.0035455221894658343,0.004394633752521965,-9.912705577010328e-18,-0.0357142857142857,0.0323809523809523
0.0036020375648649376,0.004398484131168462,-9.912705577010328e-18,-0.0357142857142857,0.0404761904761904
0.0035959249005666784,0.004390903166583121,-9.912705577010328e-18,-0.0357142857142857,0.0485714285714285
0.0035564771206383536,0.004378707330281847,-9.912705577010328e-18,-0.0357142857142857,0.0566666666666666
0.0034928308104172404,0.004343258637244359,-9.912705577010328e-18,-0.0357142857142857,0.0647619047619047
0.0033699288339313982,0.004282231341935402,-9.912705577010328e-18,-0.0357142857142857,0.0728571428571428
0.003308815364285496,0.0041937776336701035,-9.912705577010328e-18,-0.0357142857142857,0.0809523809523809
0.0032684335615866546,0.004098676550109745,-9.912705577010328e-18,-0.0357142857142857,0.089047619047619
0.003266833961921442,0.003981013415799358,-9.912705577010328e-18,-0.0357142857142857,0.0971428571428571
0.003194554978051781,0.003937863693910818,-9.912705577010328e-18,-0.0357142857142857,0.1052380952380952
0.0032458823352737717,0.003839417012655828,-9.912705577010328e-18,-0.0357142857142857,0.1133333333333333
0.0033058448122893808,0.003762760474066419,-9.912705577010328e-18,-0.0357142857142857,0.1214285714285714
0.0027949536594561045,0.004286112356925095,-9.912705577010328e-18,-0.0357142857142857,0.1295238095238095
0.0014886238913091134,0.005659626261838887,-9.912705577010328e-18,-0.0357142857142857,0.1376190476190476
-0.0014007339112706765,0.008930212827616277,-9.912705577010328e-18,-0.0357142857142857,0.1457142857142857
-0.011388187262785841,0.03932529026934304,-9.912705577010328e-18,-0.0357142857142857,0.1538095238095238
0.35282796721247467,0.39744430683401655,-9.912705577010328e-18,-0.0357142857142857,0.1619047619047619
-4393.251192780291,4512.077932172418,-9.912705577010328e-18,-0.0357142857142857,0.17
-57.81182279288704,59.76714502534767,-5.947623346206193e-18,-0.0214285714285714,0.0
0.002018218401347719,0.0066861615645764805,-5.947623346206193e-18,-0.0214285714285714,0.008095238095238
0.002046771642407831,0.005872842182364968,-5.947623346206193e-18,-0.0214285714285714,0.0161904761904762
0.0023203237132595755,0.005547099148382825,-5.947623346206193e-18,-0.0214285714285714,0.0242857142857142
0.00268067748430741,0.00523571597208739,-5.947623346206193e-18,-0.0214285714285714,0.0323809523809523
0.002657895376411132,0.005367007565566469,-5.947623346206193e-18,-0.0214285714285714,0.0404761904761904
0.002728265186576725,0.005436129122725675,-5.947623346206193e-18,-0.0214285714285714,0.0485714285714285
0.0027372546984408544,0.005589207350744546,-5.947623346206193e-18,-0.0214285714285714,0.0566666666666666
0.0028560799506533244,0.005667826040834675,-5.947623346206193e-18,-0.0214285714285714,0.0647619047619047
0.003027898389345038,0.005877419179498562,-5.947623346206193e-18,-0.0214285714285714,0.0728571428571428
0.003226997483701106,0.0061507705406406935,-5.947623346206193e-18,-0.0214285714285714,0.0809523809523809
0.0037972971837511266,0.006349263507468075,-5.947623346206193e-18,-0.0214285714285714,0.089047619047619
0.004567119080511737,0.006829049965371267,-5.947623346206193e-18,-0.0214285714285714,0.0971428571428571
0.006885092871602978,0.0077355330309594236,-5.947623346206193e-18,-0.0214285714285714,0.1052380952380952
0.00873808956291307,0.010312332689386935,-5.947623346206193e-18,-0.0214285714285714,0.1133333333333333
0.010588522524468423,0.015294760521713177,-5.947623346206193e-18,-0.0214285714285714,0.1214285714285714
0.010654343197954226,0.025790042279909733,-5.947623346206193e-18,-0.0214285714285714,0.1295238095238095
0.020698271626765442,0.04132595475606737,-5.947623346206193e-18,-0.0214285714285714,0.1376190476190476
0.03620673886469221,0.0657611335170778,-5.947623346206193e-18,-0.0214285714285714,0.1457142857142857
0.09506998916666143,0.11728806273324241,-5.947623346206193e-18,-0.0214285714285714,0.1538095238095238
0.3546578988579605,0.4635623899085497,-5.947623346206193e-18,-0.0214285714285714,0.1619047619047619
-2028091.1910428663,2028265.1223872502,-5.947623346206193e-18,-0.0214285714285714,0.17
0.8524996421421094,1.1448409722671917,-1.9825411154020705e-18,-0.0071428571428571,0.0
-1.7202654509252544,3.5373977483408763,-1.9825411154020705e-18,-0.0071428571428571,0.008095238095238
-6.549318944821665,8.28888398339648,-1.9825411154020705e-18,-0.0071428571428571,0.0161904761904762
-15.92269007127476,17.675591738067034,-1.9825411154020705e-18,-0.0071428571428571,0.0242857142857142
-29.99690891606491,31.852839159147656,-1.9825411154020705e-18,-0.0071428571428571,0.0323809523809523
-28.550998044496886,30.677853709744483,-1.9825411154020705e-18,-0.0071428571428571,0.0404761904761904
-15.878988954078231,18.291470477125202,-1.9825411154020705e-18,-0.0071428571428571,0.0485714285714285
-5.605598709488467,8.350466708300527,-1.9825411154020705e-18,-0.0071428571428571,0.0566666666666666
-1.1598880971440673,4.255690084812862,-1.9825411154020705e-18,-0.0071428571428571,0.0647619047619047
-0.5483734009606025,4.03609194902763,-1.9825411154020705e-18,-0.0071428571428571,0.0728571428571428
-0.43694511132866176,4.114914278018582,-1.9825411154020705e-18,-0.0071428571428571,0.0809523809523809
-0.6582900323275735,4.397428958741015,-1.9825411154020705e-18,-0.0071428571428571,0.089047619047619
-0.717314557498862,4.378923205460434,-1.9825411154020705e-18,-0.0071428571428571,0.0971428571428571
1.0012287521337015,2.3800390623950234,-1.9825411154020705e-18,-0.0071428571428571,0.1052380952380952
0.9815228784723606,2.1065350964958633,-1.9825411154020705e-18,-0.0071428571428571,0.1133333333333333
0.9575153315158738,1.8021642983949215,-1.9825411154020705e-18,-0.0071428571428571,0.1214285714285714
0.9692841758453039,1.5071668041951092,-1.9825411154020705e-18,-0.0071428571428571,0.1295238095238095
0.9140197784175619,1.2910806724076178,-1.9825411154020705e-18,-0.0071428571428571,0.1376190476190476
0.8551737193110316,1.199174987036874,-1.9825411154020705e-18,-0.0071428571428571,0.1457142857142857
0.7418207925740505,1.2158526658387157,-1.9825411154020705e-18,-0.0071428571428571,0.1538095238095238
0.7632517595628491,1.1255189277328608,-1.9825411154020705e-18,-0.0071428571428571,0.1619047619047619
-68508937.92419118,68509649.9392102,-1.9825411154020705e-18,-0.0071428571428571,0.17
0.008059213524782945,0.009061603870494053,0.0,0.0,0.0
0.00795546616238173,0.00897627776826187,0.0,0.0,0.0085
0.007943941509457559,0.00899117130511844,0.0,0.0,0.0169999999999999
-0.026866682240550083,0.044026372865090424,0.0,0.0,0.0254999999999999
-0.02714121267454167,0.04461265676961014,0.0,0.0,0.034
-0.026072304642459576,0.044052349996295176,0.0,0.0,0.0425
-0.024740938856138407,0.0442496614324332,0.0,0.0,0.051
-0.022811115535856866,0.04487961213236827,0.0,0.0,0.0594999999999999
-0.01650719776484873,0.047710845934740134,0.0,0.0,0.068
-0.006486331971660375,0.053852954612904576,0.0,0.0,0.0764999999999999
0.01415352140242375,0.05986201341210565,0.0,0.0,0.085
0.020673721807465545,0.10617301756813705,0.0,0.0,0.0935
0.03658500649917472,0.14426856134523386,0.0,0.0,0.102
0.03357115033827715,0.24497329741409588,0.0,0.0,0.1105
-0.08242781574907743,0.47013763096899464,0.0,0.0,0.119
-3.8284524648038514,4.37641931804651,0.0,0.0,0.1275
-2.128781335240089,2.9170181660062653,0.0,0.0,0.136
-1.0325209672373823,2.0127023344851764,0.0,0.0,0.1445
0.41383192634587407,0.8316749277726025,0.0,0.0,0.153
0.6173321871809448,0.7813655974146893,0.0,0.0,0.1615
-196356251.1989714,196357094.50091243,0.0,0.0,0.17
0.8612729450242034,1.1378542635822475,1.9825411154020705e-18,0.0071428571428571,0.0
-1.351932080076829,3.1723788519746305,1.9825411154020705e-18,0.0071428571428571,0.008095238095238
-5.01189778546667,6.784383668297724,1.9825411154020705e-18,0.0071428571428571,0.0161904761904762
-11.915212662299105,13.751605414505743,1.9825411154020705e-18,0.0071428571428571,0.0242857142857142
-22.729426218662013,24.73895223251681,1.9825411154020705e-18,0.0071428571428571,0.0323809523809523
-16.570442001336662,18.946220249431743,1.9825411154020705e-18,0.0071428571428571,0.0404761904761904
-6.997684285616432,9.719779926856459,1.9825411154020705e-18,0.0071428571428571,0.0485714285714285
-1.0243551928292363,4.098349057041223,1.9825411154020705e-18,0.0071428571428571,0.0566666666666666
0.463607556313711,2.9352852677168206,1.9825411154020705e-18,0.0071428571428571,0.0647619047619047
1.313029563956695,2.3743749666646976,1.9825411154020705e-18,0.0071428571428571,0.0728571428571428
1.252172238909574,2.5049571682936635,1.9825411154020705e-18,0.0071428571428571,0.0809523809523809
1.1562958164407093,2.554335784336543,1.9825411154020705e-18,0.0071428571428571,0.089047619047619
-0.37053101714806647,3.931645313594222,1.9825411154020705e-18,0.0071428571428571,0.0971428571428571
1.053909671223106,2.1770755593385758,1.9825411154020705e-18,0.0071428571428571,0.1052380952380952
1.0201765309996413,1.9162514068796335,1.9825411154020705e-18,0.0071428571428571,0.1133333333333333
0.975513216539213,1.6756721682143834,1.9825411154020705e-18,0.0071428571428571,0.1214285714285714
0.9758612428929279,1.4451188558250732,1.9825411154020705e-18,0.0071428571428571,0.1295238095238095
0.9189283993488742,1.2538887960143512,1.9825411154020705e-18,0.0071428571428571,0.1376190476190476
0.8601082736498512,1.1769228822065023,1.9825411154020705e-18,0.0071428571428571,0.1457142857142857
0.7989549257900277,1.143937075663134,1.9825411154020705e-18,0.0071428571428571,0.1538095238095238
0.7872288246491452,1.086275680009684,1.9825411154020705e-18,0.0071428571428571,0.1619047619047619
-191818657.42824253,191819365.64486971,1.9825411154020705e-18,0.0071428571428571,0.17
-17.27699260111794,26.718291844808874,5.947623346206199e-18,0.0214285714285714,0.0
0.0076040070579731465,0.010998084025979824,5.947623346206199e-18,0.0214285714285714,0.008095238095238
0.004444768810056683,0.007619402677604716,5.947623346206199e-18,0.0214285714285714,0.0161904761904762
0.003950649762190355,0.006627589973575446,5.947623346206199e-18,0.0214285714285714,0.0242857142857142
0.003711255674592045,0.006361985704533354,5.947623346206199e-18,0.0214285714285714,0.0323809523809523
0.0033864711058475493,0.006388931776393249,5.947623346206199e-18,0.0214285714285714,0.0404761904761904
0.003266033369555704,0.0063699607352660954,5.947623346206199e-18,0.0214285714285714,0.0485714285714285
0.002885974020590442,0.006655675347150157,5.947623346206199e-18,0.0214285714285714,0.0566666666666666
0.002466457303819142,0.007087626095206459,5.947623346206199e-18,0.0214285714285714,0.0647619047619047
0.002027193586076916,0.007850368125121684,5.947623346206199e-18,0.0214285714285714,0.0728571428571428
0.001793584657113166,0.008682912072206235,5.947623346206199e-18,0.0214285714285714,0.0809523809523809
0.0016624610705287092,0.01007272999612309,5.947623346206199e-18,0.0214285714285714,0.089047619047619
0.0016983673915036464,0.012426086903326354,5.947623346206199e-18,0.0214285714285714,0.0971428571428571
0.001289605145727393,0.019429767616442405,5.947623346206199e-18,0.0214285714285714,0.1052380952380952
-0.00038070026785836687,0.030453208109797965,5.947623346206199e-18,0.0214285714285714,0.1133333333333333
-0.004351953640080997,0.048854054187689205,5.947623346206199e-18,0.0214285714285714,0.1214285714285714
-0.005308215306268682,0.0708789522168074,5.947623346206199e-18,0.0214285714285714,0.1295238095238095
0.012098811661658514,0.0981885782851715,5.947623346206199e-18,0.0214285714285714,0.1376190476190476
0.03807563301859016,0.13033938999727945,5.947623346206199e-18,0.0214285714285714,0.1457142857142857
0.10446282110495499,0.183597896243814,5.947623346206199e-18,0.0214285714285714,0.1538095238095238
0.32922875555301423,0.4726738018131098,5.947623346206199e-18,0.0214285714285714,0.1619047619047619
-4560738.159981814,4560912.644657838,5.947623346206199e-18,0.0214285714285714,0.17
2.5910463532879078,8.143058095560697,9.912705577010328e-18,0.0357142857142857,0.0
0.006034384680733099,0.0102298180044861,9.912705577010328e-18,0.0357142857142857,0.008095238095238
0.0055503245964969574,0.006796813127914243,9.912705577010328e-18,0.0357142857142857,0.0161904761904762
0.005570484171079529,0.006226010175220671,9.912705577010328e-18,0.0357142857142857,0.0242857142857142
0.005661600848453939,0.00611791818089306,9.912705577010328e-18,0.0357142857142857,0.0323809523809523
0.005659548761488531,0.006023661618124069,9.912705577010328e-18,0.0357142857142857,0.0404761904761904
0.005513050961977951,0.005919471880562448,9.912705577010328e-18,0.0357142857142857,0.0485714285714285
0.005335391922375361,0.005740722264346639,9.912705577010328e-18,0.0357142857142857,0.0566666666666666
0.005046545624189359,0.005615968767298441,9.912705577010328e-18,0.0357142857142857,0.0647619047619047
0.004631371125161573,0.005472139590344827,9.912705577010328e-18,0.0357142857142857,0.0728571428571428
0.004310293584483012,0.005394206344349988,9.912705577010328e-18,0.0357142857142857,0.0809523809523809
0.003925996924276692,0.005417407251322707,9.912705577010328e-18,0.0357142857142857,0.089047619047619
0.0035458016147702446,0.005478514022432554,9.912705577010328e-18,0.0357142857142857,0.0971428571428571
0.003008377572327195,0.005630434521326002,9.912705577010328e-18,0.0357142857142857,0.1052380952380952
0.0025253397230597,0.005841617750049899,9.912705577010328e-18,0.0357142857142857,0.1133333333333333
0.0019571384801071578,0.0061483694854464425,9.912705577010328e-18,0.0357142857142857,0.1214285714285714
0.0009135644575832091,0.00693981035198739,9.912705577010328e-18,0.0357142857142857,0.1295238095238095
-0.00011250278099320587,0.007669196579099006,9.912705577010328e-18,0.0357142857142857,0.1376190476190476
-0.0017261408056695364,0.009470862163051538,9.912705577010328e-18,0.0357142857142857,0.1457142857142857
-0.0014038540450178535,0.033339508104272456,9.912705577010328e-18,0.0357142857142857,0.1538095238095238
0.3333972702863848,0.3867610463915673,9.912705577010328e-18,0.0357142857142857,0.1619047619047619
-1160.2702574709872,1280.5050900938124,9.912705577010328e-18,0.0357142857142857,0.17
3.831972115107483,6.2221217796583375,1.3877787807814457e-17,0.05,0.0
0.006968498720186905,0.009138756911128696,1.3877787807814457e-17,0.05,0.008095238095238
0.006611684428719581,0.00687707798783242,1.3877787807814457e-17,0.05,0.0161904761904762
0.006519765980066056,0.006780125691964544,1.3877787807814457e-17,0.05,0.0242857142857142
0.006318106772796095,0.006933223090227106,1.3877787807814457e-17,0.05,0.0323809523809523
0.006048635659885309,0.00675112059287689,1.3877787807814457e-17,0.05,0.0404761904761904
0.0059089094717835735,0.006344159245514827,1.3877787807814457e-17,0.05,0.0485714285714285
0.00570091306448273,0.0059225030107074705,1.3877787807814457e-17,0.05,0.0566666666666666
0.005464876176205087,0.005565142089029913,1.3877787807814457e-17,0.05,0.0647619047619047
0.005127178141066582,0.0052061766547806185,1.3877787807814457e-17,0.05,0.0728571428571428
0.004849106397957277,0.005043220449310723,1.3877787807814457e-17,0.05,0.0809523809523809
0.0045839806743640625,0.004939064743344537,1.3877787807814457e-17,0.05,0.089047619047619
0.004233967457774889,0.00497331315945451,1.3877787807814457e-17,0.05,0.0971428571428571
0.003829897517666845,0.0050261490899751555,1.3877787807814457e-17,0.05,0.1052380952380952
0.0035601984236301887,0.005066700745892811,1.3877787807814457e-17,0.05,0.1133333333333333
0.0031016628151404983,0.005306609684701301,1.3877787807814457e-17,0.05,0.1214285714285714
0.0026854311862097267,0.005489910873426072,1.3877787807814457e-17,0.05,0.1295238095238095
0.0017637620391466333,0.0060290737202307685,1.3877787807814457e-17,0.05,0.1376190476190476
0.0010450592645525275,0.006994832678374673,1.3877787807814457e-17,0.05,0.1457142857142857
-0.006593763733264903,0.0400933779734449,1.3877787807814457e-17,0.05,0.1538095238095238
0.31568965324878484,0.3207047735104259,1.3877787807814457e-17,0.05,0.1619047619047619
-616998.9997859636,617095.6591297387,1.3877787807814457e-17,0.05,0.17
3.2214530685536897,7.06630233397601,1.784287003861859e-17,0.0642857142857142,0.0
0.008334222430665984,0.008623437668552215,1.784287003861859e-17,0.0642857142857142,0.008095238095238
0.0069130060526625715,0.007845939972191228,1.784287003861859e-17,0.0642857142857142,0.0161904761904762
0.006653934615987349,0.00800603293919545,1.784287003861859e-17,0.0642857142857142,0.0242857142857142
0.006273753718400816,0.007892107820367584,1.784287003861859e-17,0.0642857142857142,0.0323809523809523
0.006086150065081371,0.007155372930152629,1.784287003861859e-17,0.0642857142857142,0.0404761904761904
0.00597009543315057,0.00675068240538083,1.784287003861859e-17,0.0642857142857142,0.0485714285714285
0.005628833529498596,0.006101211293443605,1.784287003861859e-17,0.0642857142857142,0.0566666666666666
0.00544052354319556,0.005852822641343837,1.784287003861859e-17,0.0642857142857142,0.0647619047619047
0.005170471588197607,0.0053740450605485905,1.784287003861859e-17,0.0642857142857142,0.0728571428571428
0.004905368961919249,0.005011055029042349,1.784287003861859e-17,0.0642857142857142,0.0809523809523809
0.004777563412482892,0.0048505062210369085,1.784287003861859e-17,0.0642857142857142,0.089047619047619
0.004392858981928008,0.004693410652147393,1.784287003861859e-17,0.0642857142857142,0.0971428571428571
0.003995733025426036,0.0046114251019623645,1.784287003861859e-17,0.0642857142857142,0.1052380952380952
0.0037391952313297347,0.004664074829612665,1.784287003861859e-17,0.0642857142857142,0.1133333333333333
0.0033566233063817516,0.004731619883714648,1.784287003861859e-17,0.0642857142857142,0.1214285714285714
0.0030658868004611213,0.004907644596205279,1.784287003861859e-17,0.0642857142857142,0.1295238095238095
0.002659540028736903,0.005192427179680296,1.784287003861859e-17,0.0642857142857142,0.1376190476190476
0.0051929804175694936,0.007293017383532506,1.784287003861859e-17,0.0642857142857142,0.1457142857142857
0.004028691082943875,0.047440336312750325,1.784287003861859e-17,0.0642857142857142,0.1538095238095238
0.24842348025147756,0.35721370951519615,1.784287003861859e-17,0.0642857142857142,0.1619047619047619
-230543.20140588286,230620.25566574335,1.784287003861859e-17,0.0642857142857142,0.17
-19.764390435773333,30.289036386397623,2.1807952269422717e-17,0.0785714285714285,0.0
0.008044150364063172,0.009795255528600829,2.1807952269422717e-17,0.0785714285714285,0.008095238095238
0.00713248851474273,0.00920679955373227,2.1807952269422717e-17,0.0785714285714285,0.0161904761904762
0.006627329414623363,0.009308107703316438,2.1807952269422717e-17,0.0785714285714285,0.0242857142857142
0.0064096972641266466,0.008471170616145354,2.1807952269422717e-17,0.0785714285714285,0.0323809523809523
0.006205138746416014,0.007499108294522386,2.1807952269422717e-17,0.0785714285714285,0.0404761904761904
0.006104067045654817,0.007022647431384183,2.1807952269422717e-17,0.0785714285714285,0.0485714285714285
0.005930918825066691,0.006141878169034909,2.1807952269422717e-17,0.0785714285714285,0.0566666666666666
0.005691633865865443,0.005920992038632757,2.1807952269422717e-17,0.0785714285714285,0.0647619047619047
0.005292877166899159,0.005544361341215441,2.1807952269422717e-17,0.0785714285714285,0.0728571428571428
0.004854933432446123,0.005353227455329478,2.1807952269422717e-17,0.0785714285714285,0.0809523809523809
0.004743881904676569,0.005176405185831232,2.1807952269422717e-17,0.0785714285714285,0.089047619047619
0.004372450426320842,0.004988810849960757,2.1807952269422717e-17,0.0785714285714285,0.0971428571428571
0.003990483759505084,0.004814950390594915,2.1807952269422717e-17,0.0785714285714285,0.1052380952380952
0.0037982051129245983,0.004739557748735802,2.1807952269422717e-17,0.0785714285714285,0.1133333333333333
0.003318132050003633,0.004759089601954166,2.1807952269422717e-17,0.0785714285714285,0.1214285714285714
0.003021298211606493,0.004886106775775306,2.1807952269422717e-17,0.0785714285714285,0.1295238095238095
0.002665419946805848,0.005151933942301352,2.1807952269422717e-17,0.0785714285714285,0.1376190476190476
0.006150243502131455,0.008226215816066347,2.1807952269422717e-17,0.0785714285714285,0.1457142857142857
0.0025717730195059,0.049467660184579904,2.1807952269422717e-17,0.0785714285714285,0.1538095238095238
0.18923816314293493,0.2408704708237737,2.1807952269422717e-17,0.0785714285714285,0.1619047619047619
-55.09824184308443,120.40924204019501,2.1807952269422717e-17,0.0785714285714285,0.17
-84.59127622641739,95.21042139676015,2.577303450022685e-17,0.0928571428571428,0.0
0.008193972781678337,0.011406969522918062,2.577303450022685e-17,0.0928571428571428,0.008095238095238
0.007355259673509678,0.010618367258853723,2.577303450022685e-17,0.0928571428571428,0.0161904761904762
0.007142622443175,0.010194332853337,2.577303450022685e-17,0.0928571428571428,0.0242857142857142
0.006966577598469023,0.009170555062112376,2.577303450022685e-17,0.0928571428571428,0.0323809523809523
0.00679979841311048,0.008066960849674721,2.577303450022685e-17,0.0928571428571428,0.0404761904761904
0.006693860018581062,0.007515603882827138,2.577303450022685e-17,0.0928571428571428,0.0485714285714285
0.006386177153255754,0.006579144946274846,2.577303450022685e-17,0.0928571428571428,0.0566666666666666
0.005957224742761134,0.006461617252220065,2.577303450022685e-17,0.0928571428571428,0.0647619047619047
0.005237745708243861,0.006263189842111539,2.577303450022685e-17,0.0928571428571428,0.0728571428571428
0.004640892694662197,0.006129993419348403,2.577303450022685e-17,0.0928571428571428,0.0809523809523809
0.004562057456377995,0.0058915580519652054,2.577303450022685e-17,0.0928571428571428,0.089047619047619
0.004162083781011711,0.005702500132973689,2.577303450022685e-17,0.0928571428571428,0.0971428571428571
0.003822577277139312,0.005459483433444488,2.577303450022685e-17,0.0928571428571428,0.1052380952380952
0.00371738755718639,0.00526564826324161,2.577303450022685e-17,0.0928571428571428,0.1133333333333333
0.0032977787935516145,0.005093706529082186,2.577303450022685e-17,0.0928571428571428,0.1214285714285714
0.0030159314728660015,0.0051146273103995984,2.577303450022685e-17,0.0928571428571428,0.1295238095238095
0.0025776882371865463,0.0054430770693408535,2.577303450022685e-17,0.0928571428571428,0.1376190476190476
0.006797476764153918,0.009533810355211083,2.577303450022685e-17,0.0928571428571428,0.1457142857142857
0.007404861220539655,0.044403449717694145,2.577303450022685e-17,0.0928571428571428,0.1538095238095238
0.13475040797368995,0.17638235556200024,2.577303450022685e-17,0.0928571428571428,0.1619047619047619
-87332.32875599233,87382.25692356778,2.577303450022685e-17,0.0928571428571428,0.17
-41.60500029141696,47.05113678245749,2.973811673103098e-17,0.1071428571428571,0.0
0.008540130183109975,0.013689877735434331,2.973811673103098e-17,0.1071428571428571,0.008095238095238
0.008220062817924437,0.012263605311701564,2.973811673103098e-17,0.1071428571428571,0.0161904761904762
0.008115047311439128,0.01172906557791447,2.973811673103098e-17,0.1071428571428571,0.0242857142857142
0.008045665156247255,0.010781492025536944,2.973811673103098e-17,0.1071428571428571,0.0323809523809523
0.007995224311242204,0.009636613549847597,2.973811673103098e-17,0.1071428571428571,0.0404761904761904
0.007906855774463692,0.008989401758884501,2.973811673103098e-17,0.1071428571428571,0.0485714285714285
0.0075203111119266424,0.007768754134509751,2.973811673103098e-17,0.1071428571428571,0.0566666666666666
0.006882554113833832,0.007613303454188569,2.973811673103098e-17,0.1071428571428571,0.0647619047619047
0.005703985223193579,0.007357923189564817,2.973811673103098e-17,0.1071428571428571,0.0728571428571428
0.0048385619560795115,0.007054653640615089,2.973811673103098e-17,0.1071428571428571,0.0809523809523809
0.004640837645317009,0.006757286265712791,2.973811673103098e-17,0.1071428571428571,0.089047619047619
0.004038422783977493,0.006492618684730907,2.973811673103098e-17,0.1071428571428571,0.0971428571428571
0.0036118805671758133,0.006137123682358787,2.973811673103098e-17,0.1071428571428571,0.1052380952380952
0.0035613153166833347,0.005807143340565266,2.973811673103098e-17,0.1071428571428571,0.1133333333333333
0.0031324655608103613,0.0054846760989886376,2.973811673103098e-17,0.1071428571428571,0.1214285714285714
0.002761017379983788,0.005518420219263012,2.973811673103098e-17,0.1071428571428571,0.1295238095238095
0.0019728482537858137,0.006399982427371587,2.973811673103098e-17,0.1071428571428571,0.1376190476190476
0.009034805146398935,0.012206690879339864,2.973811673103098e-17,0.1071428571428571,0.1457142857142857
0.01764425474266568,0.045476798693862924,2.973811673103098e-17,0.1071428571428571,0.1538095238095238
0.10263968363590842,0.12790151692374438,2.973811673103098e-17,0.1071428571428571,0.1619047619047619
0.10603170598813214,0.17477903234603706,2.973811673103098e-17,0.1071428571428571,0.17
1.1748711031243615,4.587665275664701,3.370319896183512e-17,0.1214285714285714,0.0
0.009578288348587071,0.01587201498720353,3.370319896183512e-17,0.1214285714285714,0.008095238095238
0.009755337860085325,0.014755479811388673,3.370319896183512e-17,0.1214285714285714,0.0161904761904762
0.009876398973401559,0.01405570068566904,3.370319896183512e-17,0.1214285714285714,0.0242857142857142
0.00996294681647588,0.013248562246138119,3.370319896183512e-17,0.1214285714285714,0.0323809523809523
0.010132723560800555,0.012508113235030646,3.370319896183512e-17,0.1214285714285714,0.0404761904761904
0.010149665045398708,0.012072668521903692,3.370319896183512e-17,0.1214285714285714,0.0485714285714285
0.010115384179635338,0.010669195532965864,3.370319896183512e-17,0.1214285714285714,0.0566666666666666
0.009695598798178247,0.010111172269333153,3.370319896183512e-17,0.1214285714285714,0.0647619047619047
0.007948101455584007,0.009787501465349593,3.370319896183512e-17,0.1214285714285714,0.0728571428571428
0.006383414826832944,0.009411355649002657,3.370319896183512e-17,0.1214285714285714,0.0809523809523809
0.005938591452652483,0.008928622061763116,3.370319896183512e-17,0.1214285714285714,0.089047619047619
0.004637222276251582,0.008457047714265817,3.370319896183512e-17,0.1214285714285714,0.0971428571428571
0.0036807368643272504,0.00779698274786355,3.370319896183512e-17,0.1214285714285714,0.1052380952380952
0.003489513256586147,0.0072619480638072545,3.370319896183512e-17,0.1214285714285714,0.1133333333333333
0.0025917219571386964,0.006979390579822501,3.370319896183512e-17,0.1214285714285714,0.1214285714285714
0.0016802859618004194,0.007595309246831779,3.370319896183512e-17,0.1214285714285714,0.1295238095238095
0.0013477104816873526,0.010026814766172648,3.370319896183512e-17,0.1214285714285714,0.1376190476190476
0.019497509603243646,0.024029716753669952,3.370319896183512e-17,0.1214285714285714,0.1457142857142857
0.04203385254303887,0.049417679184538536,3.370319896183512e-17,0.1214285714285714,0.1538095238095238
0.07556724498947864,0.07924736531478233,3.370319896183512e-17,0.1214285714285714,0.1619047619047619
0.06688545346551633,0.07513755876207265,3.370319896183512e-17,0.1214285714285714,0.17
-124.85460952232467,134.44834760984622,3.766828119263924e-17,0.1357142857142857,0.0
0.010696468039994352,0.017952535130954447,3.766828119263924e-17,0.1357142857142857,0.008095238095238
0.012320290795724703,0.020126075696384253,3.766828119263924e-17,0.1357142857142857,0.0161904761904762
0.013157986282949192,0.019094396029143156,3.766828119263924e-17,0.1357142857142857,0.0242857142857142
0.013474087365664314,0.017393575607721062,3.766828119263924e-17,0.1357142857142857,0.0323809523809523
0.013776914920549947,0.016183703710996852,3.766828119263924e-17,0.1357142857142857,0.0404761904761904
0.013886011093805453,0.015961481002225844,3.766828119263924e-17,0.1357142857142857,0.0485714285714285
0.014217264292210662,0.015958597288308653,3.766828119263924e-17,0.1357142857142857,0.0566666666666666
0.01462111577398497,0.01591514376073083,3.766828119263924e-17,0.1357142857142857,0.0647619047619047
0.015147979148254399,0.016208297686759382,3.766828119263924e-17,0.1357142857142857,0.0728571428571428
0.015653820335857434,0.016504491226520767,3.766828119263924e-17,0.1357142857142857,0.0809523809523809
0.015998996792092737,0.0165303992313079,3.766828119263924e-17,0.1357142857142857,0.089047619047619
0.016554025821253204,0.016824562596925392,3.766828119263924e-17,0.1357142857142857,0.0971428571428571
0.016968570629847343,0.01730672448551366,3.766828119263924e-17,0.1357142857142857,0.1052380952380952
0.017232672548240527,0.01753551724626387,3.766828119263924e-17,0.1357142857142857,0.1133333333333333
0.017877167225351973,0.01845290665507983,3.766828119263924e-17,0.1357142857142857,0.1214285714285714
0.01784302577800649,0.020156378250126276,3.766828119263924e-17,0.1357142857142857,0.1295238095238095
0.021283842452677764,0.025235686997794837,3.766828119263924e-17,0.1357142857142857,0.1376190476190476
0.03506396745158928,0.03765011998420932,3.766828119263924e-17,0.1357142857142857,0.1457142857142857
0.04429630562581646,0.045806274537785144,3.766828119263924e-17,0.1357142857142857,0.1538095238095238
0.049357502861206,0.053184640864388004,3.766828119263924e-17,0.1357142857142857,0.1619047619047619
0.0455704737650494,0.0480072668887918,3.766828119263924e-17,0.1357142857142857,0.17
-32.61412670738187,36.4783627050834,4.163336342344337e-17,0.15,0.0
-57.36395431640309,62.19675049209237,4.163336342344337e-17,0.15,0.008095238095238
-60.96839677934294,70.94941535714479,4.163336342344337e-17,0.15,0.0161904761904762
-53.34815234613239,64.16452529450035,4.163336342344337e-17,0.15,0.0242857142857142
-1.1498715544177518,13.501668929190563,4.163336342344337e-17,0.15,0.0323809523809523
-10.503385328747314,23.946266315243783,4.163336342344337e-17,0.15,0.0404761904761904
-22.133474987995513,36.05822256400027,4.163336342344337e-17,0.15,0.0485714285714285
-24.104881555375126,38.971601007597556,4.163336342344337e-17,0.15,0.0566666666666666
-10.845027377797297,26.175784504321417,4.163336342344337e-17,0.15,0.0647619047619047
-1.2901265862563598,17.47008349425206,4.163336342344337e-17,0.15,0.0728571428571428
4.818868343450921,12.070558543147216,4.163336342344337e-17,0.15,0.0809523809523809
2.0405545290888387,15.146905001044614,4.163336342344337e-17,0.15,0.089047619047619
6.907098274026271,10.830562363684308,4.163336342344337e-17,0.15,0.0971428571428571
8.94326139288082,9.356432641693784,4.163336342344337e-17,0.15,0.1052380952380952
9.216698627433825,9.432128760251903,4.163336342344337e-17,0.15,0.1133333333333333
9.714511441774942,10.069390788629878,4.163336342344337e-17,0.15,0.1214285714285714
5.055830558183104,15.671650670967967,4.163336342344337e-17,0.15,0.1295238095238095
-49.36923913720949,74.06248029758811,4.163336342344337e-17,0.15,0.1376190476190476
-138.43165968242116,169.14899326927733,4.163336342344337e-17,0.15,0.1457142857142857
-203.64582438511556,236.41402688271486,4.163336342344337e-17,0.15,0.1538095238095238
-165.3675255890469,198.73745903434738,4.163336342344337e-17,0.15,0.1619047619047619
6.812503596733643,24.81722380389894,4.163336342344337e-17,0.15,0.17
-2.946726754941333,4.187775620276059,0.005050762722761,0.005050762722761,0.0
-7.620820370739996,11.059738464376185,0.005050762722761,0.005050762722761,0.008095238095238
-6.202591048032762,9.30385745212267,0.005050762722761,0.005050762722761,0.0161904761904762
-13.318920788431253,16.481322657317175,0.005050762722761,0.005050762722761,0.0242857142857142
-13.219804723042028,16.480964452526166,0.005050762722761,0.005050762722761,0.0323809523809523
-8.352003013782504,11.62574978112701,0.005050762722761,0.005050762722761,0.0404761904761904
-4.85016194686998,8.058186576551687,0.005050762722761,0.005050762722761,0.0485714285714285
-2.9984102278473914,6.101978006360798,0.005050762722761,0.005050762722761,0.0566666666666666
-2.094208256614036,5.055103987171922,0.005050762722761,0.005050762722761,0.0647619047619047
-1.3520849452605994,4.109019086435861,0.005050762722761,0.005050762722761,0.0728571428571428
-0.7929340958960176,3.3873701054702594,0.005050762722761,0.005050762722761,0.0809523809523809
-0.32558572939854646,2.759434342115971,0.005050762722761,0.005050762722761,0.089047619047619
0.08261869096935692,2.1979814105779805,0.005050762722761,0.005050762722761,0.0971428571428571
0.8244851463708597,1.27064759974131,0.005050762722761,0.005050762722761,0.1052380952380952
0.8079569073662152,1.1656040267810681,0.005050762722761,0.005050762722761,0.1133333333333333
0.7861460747407919,1.0822037242185099,0.005050762722761,0.005050762722761,0.1214285714285714
0.7580499059447329,1.018365243254944,0.005050762722761,0.005050762722761,0.1295238095238095
0.7239961532167473,0.943550386425896,0.005050762722761,0.005050762722761,0.1376190476190476
0.6874431464161047,0.9078889555464938,0.005050762722761,0.005050762722761,0.1457142857142857
0.6507505465994753,0.8831435735468037,0.005050762722761,0.005050762722761,0.1538095238095238
0.7062178662922856,0.82206503139022,0.005050762722761,0.005050762722761,0.1619047619047619
-150681214.3811812,150682516.51223335,0.005050762722761,0.005050762722761,0.17
1.6779937345135651,1.775060123686569,0.0055824219567358,-0.0055824219567359,0.0
-6.404495348379756,9.960732677206826,0.0055824219567358,-0.0055824219567359,0.0089473684210526
-6.397477610431698,9.700764841043584,0.0055824219567358,-0.0055824219567359,0.0178947368421052
-15.156156745682807,18.4721002740839,0.0055824219567358,-0.0055824219567359,0.0268421052631579
-12.898153171243667,16.100464800945876,0.0055824219567358,-0.0055824219567359,0.0357894736842105
-8.780010197986558,11.828600243976618,0.0055824219567358,-0.0055824219567359,0.0447368421052631
-5.796649010883126,8.652208966256905,0.0055824219567358,-0.0055824219567359,0.0536842105263157
-3.224811528056391,5.897615930432471,0.0055824219567358,-0.0055824219567359,0.0626315789473684
-1.6207399525812318,4.173981157117488,0.0055824219567358,-0.0055824219567359,0.071578947368421
-0.6762300827239782,3.074562203116292,0.0055824219567358,-0.0055824219567359,0.0805263157894736
0.035351175481763475,2.2521626153688423,0.0055824219567358,-0.0055824219567359,0.0894736842105263
0.34103574918826884,1.804231338105966,0.0055824219567358,-0.0055824219567359,0.0984210526315789
0.836354488886554,1.2034907064069857,0.0055824219567358,-0.0055824219567359,0.1073684210526315
0.81564880370508,1.0921786174483046,0.0055824219567358,-0.0055824219567359,0.1163157894736842
0.7941305927259777,0.9971233343971858,0.0055824219567358,-0.0055824219567359,0.1252631578947368
0.7613962397815611,0.9496535659143371,0.0055824219567358,-0.0055824219567359,0.1342105263157895
0.7259440623819473,0.8836716675679037,0.0055824219567358,-0.0055824219567359,0.1431578947368421
0.6835216511862408,0.8534248235991491,0.0055824219567358,-0.0055824219567359,0.1521052631578947
0.6640582655622893,0.8340427759522111,0.0055824219567358,-0.0055824219567359,0.1610526315789473
-236222.964162391,236873.16109040004,0.0055824219567358,-0.0055824219567359,0.17
-127.93415280630848,138.60871388897948,0.015,0.0,0.0
0.019647081881424996,0.0708178915780242,0.015,0.0,0.0085
0.025158101910451695,0.09166021842895208,0.015,0.0,0.0169999999999999
0.04672294034483572,0.11242425080476588,0.015,0.0,0.0254999999999999
0.0706566438350612,0.146430773035152,0.015,0.0,0.034
0.08370450576967324,0.22526337007771696,0.015,0.0,0.0425
0.20143738674825049,0.29675507150437663,0.015,0.0,0.051
0.28430634117855036,0.3741945559109291,0.015,0.0,0.0594999999999999
0.40237812801441764,0.43650812725327837,0.015,0.0,0.068
0.4243844149474053,0.5052306934887353,0.015,0.0,0.0764999999999999
0.4355744538454738,0.5508601556422861,0.015,0.0,0.085
0.4432242213137707,0.5774935372355181,0.015,0.0,0.0935
0.4520859724951002,0.5726765825629799,0.015,0.0,0.102
0.4580892729650972,0.5574230728369384,0.015,0.0,0.1105
0.4556388631326167,0.5486877675260176,0.015,0.0,0.119
0.4515079343197183,0.5400621512735462,0.015,0.0,0.1275
0.4408612737546643,0.5309671179107259,0.015,0.0,0.136
0.4269707246518875,0.5285347588932409,0.015,0.0,0.1445
0.41567105186573255,0.5255565838781022,0.015,0.0,0.153
0.4988219453082687,0.5443851460105903,0.015,0.0,0.1615
-23759386.826506242,23759938.179983176,0.015,0.0,0.17
-19.303052000927018,24.110316063098203,0.0151522881682831,0.0151522881682831,0.0
0.006784553789666927,0.010167457403260274,0.0151522881682831,0.0151522881682831,0.008095238095238
0.002880946371644106,0.0077959562377418945,0.0151522881682831,0.0151522881682831,0.0161904761904762
0.0013818412598354474,0.007820210750588752,0.0151522881682831,0.0151522881682831,0.0242857142857142
0.001527002618985045,0.007113471944504955,0.0151522881682831,0.0151522881682831,0.0323809523809523
0.0006744046449241995,0.007628142437987401,0.0151522881682831,0.0151522881682831,0.0404761904761904
3.0120806206707096e-05,0.008169476220463092,0.0151522881682831,0.0151522881682831,0.0485714285714285
-0.00076657510631705,0.008922859797882252,0.0151522881682831,0.0151522881682831,0.0566666666666666
-0.001631693794843343,0.009833235036159342,0.0151522881682831,0.0151522881682831,0.0647619047619047
-0.0030181797250674724,0.011400065394549472,0.0151522881682831,0.0151522881682831,0.0728571428571428
-0.005163324192384781,0.013775955054775434,0.0151522881682831,0.0151522881682831,0.0809523809523809
-0.015337799722440454,0.02434991021326685,0.0151522881682831,0.0151522881682831,0.089047619047619
-0.026477139455842198,0.0362067887709428,0.0151522881682831,0.0151522881682831,0.0971428571428571
-0.04561555140579883,0.05717841262064603,0.0151522881682831,0.0151522881682831,0.1052380952380952
-0.06776341154875837,0.08211388301615496,0.0151522881682831,0.0151522881682831,0.1133333333333333
-0.089588750215431,0.10943245387279399,0.0151522881682831,0.0151522881682831,0.1214285714285714
-0.09956034988133604,0.13045065620638144,0.0151522881682831,0.0151522881682831,0.1295238095238095
-0.08777015698883361,0.15096953248120223,0.0151522881682831,0.0151522881682831,0.1376190476190476
-0.053278603990834304,0.1688844803424743,0.0151522881682831,0.0151522881682831,0.1457142857142857
0.03680201825394652,0.19678582534136668,0.0151522881682831,0.0151522881682831,0.1538095238095238
0.300160529563522,0.41203752467606436,0.0151522881682831,0.0151522881682831,0.1619047619047619
-2590025.3571906495,2590186.822625566,0.0151522881682831,0.0151522881682831,0.17
-14.243058100721672,15.977770058739974,0.0167472658702077,-0.0167472658702077,0.0
0.006176478238880397,0.0074580517137652035,0.0167472658702077,-0.0167472658702077,0.0089473684210526
0.0066066102535863175,0.006980240064730683,0.0167472658702077,-0.0167472658702077,0.0178947368421052
0.006681288063475294,0.006839133077909304,0.0167472658702077,-0.0167472658702077,0.0268421052631579
0.006378177581061761,0.0066361458333802385,0.0167472658702077,-0.0167472658702077,0.0357894736842105
0.005930757914186274,0.006598647214111927,0.0167472658702077,-0.0167472658702077,0.0447368421052631
0.00501737793302165,0.006859186624534751,0.0167472658702077,-0.0167472658702077,0.0536842105263157
0.005377145558118874,0.0062424071356947265,0.0167472658702077,-0.0167472658702077,0.0626315789473684
0.00509416684598429,0.006760978211262711,0.0167472658702077,-0.0167472658702077,0.071578947368421
0.0054107902666706564,0.0076710708617633416,0.0167472658702077,-0.0167472658702077,0.0805263157894736
0.00663140705256044,0.00847409157533056,0.0167472658702077,-0.0167472658702077,0.0894736842105263
0.009620926570558514,0.011225420510967686,0.0167472658702077,-0.0167472658702077,0.0984210526315789
0.012787692934229253,0.016732687852213747,0.0167472658702077,-0.0167472658702077,0.1073684210526315
0.02004972731754157,0.029676042596473832,0.0167472658702077,-0.0167472658702077,0.1163157894736842
0.02852531078019998,0.05395092192464523,0.0167472658702077,-0.0167472658702077,0.1252631578947368
0.03749016401963186,0.07867109200701954,0.0167472658702077,-0.0167472658702077,0.1342105263157895
0.053893872397281925,0.12254508433357426,0.0167472658702077,-0.0167472658702077,0.1431578947368421
0.09014763420725425,0.15695123338381836,0.0167472658702077,-0.0167472658702077,0.1521052631578947
0.3299892372933833,0.3380902666511049,0.0167472658702077,-0.0167472658702077,0.1610526315789473
-2995365.3340715454,2995690.8269772255,0.0167472658702077,-0.0167472658702077,0.17
-142.27734536837195,147.53803704621325,0.0252538136138052,0.0252538136138052,0.0
0.0047781178946903185,0.009462581670137882,0.0252538136138052,0.0252538136138052,0.008095238095238
0.00430603042183831,0.00588522571913049,0.0252538136138052,0.0252538136138052,0.0161904761904762
0.0042762704139710315,0.004941568607509368,0.0252538136138052,0.0252538136138052,0.0242857142857142
0.004173435008373468,0.004626291581702732,0.0252538136138052,0.0252538136138052,0.0323809523809523
0.0038954969452309946,0.004704276353363606,0.0252538136138052,0.0252538136138052,0.0404761904761904
0.0036550291865445703,0.00496295895391923,0.0252538136138052,0.0252538136138052,0.0485714285714285
0.003333606640124237,0.005383796076952964,0.0252538136138052,0.0252538136138052,0.0566666666666666
0.0030791072937852567,0.005728706707902944,0.0252538136138052,0.0252538136138052,0.0647619047619047
0.0028273119985515616,0.005949030940155638,0.0252538136138052,0.0252538136138052,0.0728571428571428
0.0022431792716535027,0.006396454999422896,0.0252538136138052,0.0252538136138052,0.0809523809523809
0.002153130479353254,0.006306975150707345,0.0252538136138052,0.0252538136138052,0.089047619047619
0.0021142053206779404,0.00616556525945486,0.0252538136138052,0.0252538136138052,0.0971428571428571
0.0020958063805071457,0.005983569956003255,0.0252538136138052,0.0252538136138052,0.1052380952380952
0.0021478766824368396,0.00583904714081836,0.0252538136138052,0.0252538136138052,0.1133333333333333
0.002322598451012952,0.005649898699009447,0.0252538136138052,0.0252538136138052,0.1214285714285714
0.002248977100761035,0.005809572053521165,0.0252538136138052,0.0252538136138052,0.1295238095238095
0.0019087908544031147,0.006471956442613086,0.0252538136138052,0.0252538136138052,0.1376190476190476
0.0006622043613956335,0.008405571975951166,0.0252538136138052,0.0252538136138052,0.1457142857142857
0.0006562604354325013,0.0271664308897507,0.0252538136138052,0.0252538136138052,0.1538095238095238
0.28744364074803425,0.326276852612932,0.0252538136138052,0.0252538136138052,0.1619047619047619
-331.9728590568382,443.0874641383087,0.0252538136138052,0.0252538136138052,0.17
-26.521424797459666,30.9182725875513,0.0279121097836795,-0.0279121097836795,0.0
0.008264437175905592,0.01046979638146621,0.0279121097836795,-0.0279121097836795,0.0089473684210526
0.007382236902802093,0.010537955593839908,0.0279121097836795,-0.0279121097836795,0.0178947368421052
0.0070158448745215995,0.0106400943991684,0.0279121097836795,-0.0279121097836795,0.0268421052631579
0.006700451759159904,0.010434922131333495,0.0279121097836795,-0.0279121097836795,0.0357894736842105
0.0065262400213274225,0.01012242760524558,0.0279121097836795,-0.0279121097836795,0.0447368421052631
0.00634764902649167,0.00952464000625313,0.0279121097836795,-0.0279121097836795,0.0536842105263157
0.006222247731581999,0.0088899339779244,0.0279121097836795,-0.0279121097836795,0.0626315789473684
0.006152503085956259,0.008400781829897543,0.0279121097836795,-0.0279121097836795,0.071578947368421
0.006076594344314331,0.0077831050447554695,0.0279121097836795,-0.0279121097836795,0.0805263157894736
0.006021851739213453,0.007351555667183347,0.0279121097836795,-0.0279121097836795,0.0894736842105263
0.0059906774503120114,0.006801124608260588,0.0279121097836795,-0.0279121097836795,0.0984210526315789
0.0060618458014308025,0.006342758493212998,0.0279121097836795,-0.0279121097836795,0.1073684210526315
0.005542751315418416,0.006438881613531185,0.0279121097836795,-0.0279121097836795,0.1163157894736842
0.004394891231898013,0.007314078930555787,0.0279121097836795,-0.0279121097836795,0.1252631578947368
0.003729499266024603,0.007926024130178597,0.0279121097836795,-0.0279121097836795,0.1342105263157895
0.002923233242372967,0.009504651960581832,0.0279121097836795,-0.0279121097836795,0.1431578947368421
0.0016493591671149777,0.019084192978738018,0.0279121097836795,-0.0279121097836795,0.1521052631578947
0.2740267711137341,0.28559837766316953,0.0279121097836795,-0.0279121097836795,0.1610526315789473
-459435.8581641101,459538.93654110376,0.0279121097836795,-0.0279121097836795,0.17
-311.57890159221535,315.9230463879208,0.0299999999999999,0.0,0.0
0.00917486002803143,0.0108064237898299,0.0299999999999999,0.0,0.0085
0.004717593401812329,0.009440130394722072,0.0299999999999999,0.0,0.0169999999999999
0.003346669302179131,0.00891181163441427,0.0299999999999999,0.0,0.0254999999999999
0.003336360935561793,0.008675856968079007,0.0299999999999999,0.0,0.034
0.0036503293651008097,0.00850207168949499,0.0299999999999999,0.0,0.0425
0.004274733623896004,0.008376895682524997,0.0299999999999999,0.0,0.051
0.004880228119297937,0.008298645228435061,0.0299999999999999,0.0,0.0594999999999999
0.005876562010165897,0.008332419935296903,0.0299999999999999,0.0,0.068
0.0068282681541945705,0.00851691089160523,0.0299999999999999,0.0,0.0764999999999999
0.00813043161180627,0.008976665047366727,0.0299999999999999,0.0,0.085
0.010009771552028568,0.01124448733056003,0.0299999999999999,0.0,0.0935
0.012046860244053655,0.014653616575662744,0.0299999999999999,0.0,0.102
0.015618713054106623,0.023560234203878774,0.0299999999999999,0.0,0.1105
0.02102121563401886,0.033395559715559936,0.0299999999999999,0.0,0.119
0.027869330722551877,0.047367918976547116,0.0299999999999999,0.0,0.1275
0.037782782992545005,0.070698476158284,0.0299999999999999,0.0,0.136
0.04929972833954707,0.08599155604870692,0.0299999999999999,0.0,0.1445
0.06715199575464727,0.11307776743864954,0.0299999999999999,0.0,0.153
0.1694629013322435,0.3016239726503181,0.0299999999999999,0.0,0.1615
-1870.9198573980696,2004.9506092947174,0.0299999999999999,0.0,0.17
-8.191367277538784,17.821529399307185,0.0353553390593273,0.0353553390593273,0.0
0.006929921371258621,0.007446691654101979,0.0353553390593273,0.0353553390593273,0.008095238095238
0.004945914340614384,0.005538919869141416,0.0353553390593273,0.0353553390593273,0.0161904761904762
0.004580219562810622,0.005333683279424778,0.0353553390593273,0.0353553390593273,0.0242857142857142
0.004497306028748189,0.00491117844437681,0.0353553390593273,0.0353553390593273,0.0323809523809523
0.004501370852291966,0.004858623998967633,0.0353553390593273,0.0353553390593273,0.0404761904761904
0.004503158240075947,0.0049271750008280536,0.0353553390593273,0.0353553390593273,0.0485714285714285
0.004510978032585967,0.005003009818963033,0.0353553390593273,0.0353553390593273,0.0566666666666666
0.0045301347036925295,0.004942975262304271,0.0353553390593273,0.0353553390593273,0.0647619047619047
0.004360662071248559,0.0048249390616246415,0.0353553390593273,0.0353553390593273,0.0728571428571428
0.00433405363345654,0.00441810784438746,0.0353553390593273,0.0353553390593273,0.0809523809523809
0.004051315987476513,0.004476145324560486,0.0353553390593273,0.0353553390593273,0.089047619047619
0.0036331948069543577,0.004502032255359243,0.0353553390593273,0.0353553390593273,0.0971428571428571
0.0033159592400382842,0.004540872145756517,0.0353553390593273,0.0353553390593273,0.1052380952380952
0.0031434783368127998,0.0046284637879514005,0.0353553390593273,0.0353553390593273,0.1133333333333333
0.0031038153404600857,0.004596000625278313,0.0353553390593273,0.0353553390593273,0.1214285714285714
0.003114208913601699,0.004581813002694501,0.0353553390593273,0.0353553390593273,0.1295238095238095
0.0032043194592512023,0.004548371503444398,0.0353553390593273,0.0353553390593273,0.1376190476190476
0.005032862017196942,0.005085174659722458,0.0353553390593273,0.0353553390593273,0.1457142857142857
0.01255661379323576,0.022214534096038043,0.0353553390593273,0.0353553390593273,0.1538095238095238
0.27245512918157494,0.3800815308942091,0.0353553390593273,0.0353553390593273,0.1619047619047619
-178948.00095656325,179029.79913932984,0.0353553390593273,0.0353553390593273,0.17
-54.18326841269888,56.905904235541186,0.0390769536971513,-0.0390769536971513,0.0
0.005796082180612385,0.005931987982921998,0.0390769536971513,-0.0390769536971513,0.0089473684210526
0.005074280893211651,0.00664036010815715,0.0390769536971513,-0.0390769536971513,0.0178947368421052
0.004961112967193747,0.007172296564880453,0.0390769536971513,-0.0390769536971513,0.0268421052631579
0.00490788769389875,0.007663445894263851,0.0390769536971513,-0.0390769536971513,0.0357894736842105
0.00487251352269029,0.00788209000549931,0.0390769536971513,-0.0390769536971513,0.0447368421052631
0.004847508281918557,0.008113652131497444,0.0390769536971513,-0.0390769536971513,0.0536842105263157
0.004839281424227447,0.008134733110357752,0.0390769536971513,-0.0390769536971513,0.0626315789473684
0.004852521309743444,0.008021428154957558,0.0390769536971513,-0.0390769536971513,0.071578947368421
0.004886439635862485,0.007828034123739116,0.0390769536971513,-0.0390769536971513,0.0805263157894736
0.004934069973564755,0.007694984468061644,0.0390769536971513,-0.0390769536971513,0.0894736842105263
0.005009542507163702,0.0074712749194589,0.0390769536971513,-0.0390769536971513,0.0984210526315789
0.0050862710741770446,0.007281932262167756,0.0390769536971513,-0.0390769536971513,0.1073684210526315
0.005234360378267505,0.007039878346167494,0.0390769536971513,-0.0390769536971513,0.1163157894736842
0.0055147548245998304,0.006679367611396969,0.0390769536971513,-0.0390769536971513,0.1252631578947368
0.006052507264021602,0.006124353190423598,0.0390769536971513,-0.0390769536971513,0.1342105263157895
0.005054495764363285,0.008054303431387515,0.0390769536971513,-0.0390769536971513,0.1431578947368421
0.021447348407299838,0.02558250282740076,0.0390769536971513,-0.0390769536971513,0.1521052631578947
0.2343021411899757,0.39937572178384406,0.0390769536971513,-0.0390769536971513,0.1610526315789473
-128.58856281037927,208.97151776822565,0.0390769536971513,-0.0390769536971513,0.17
-285.5644277606359,294.68721047986037,0.045,0.0,0.0
0.008502410745694241,0.01177266101837916,0.045,0.0,0.0085
0.004561897609746903,0.009548741878807497,0.045,0.0,0.0169999999999999
0.00302468583291252,0.00856985983737148,0.045,0.0,0.0254999999999999
0.0026456276176981836,0.008148503991401417,0.045,0.0,0.034
0.0027351150010983174,0.007750430188609082,0.045,0.0,0.0425
0.003236788065333306,0.007516371916192494,0.045,0.0,0.051
0.003860197883623185,0.007436573542659014,0.045,0.0,0.0594999999999999
0.00484668725519515,0.007444736324627849,0.045,0.0,0.068
0.005549228785599757,0.007484215604900044,0.045,0.0,0.0764999999999999
0.006153994258249871,0.00756191213525753,0.045,0.0,0.085
0.0067664770527040355,0.007691579321061164,0.045,0.0,0.0935
0.005855595008372842,0.009040033045885958,0.045,0.0,0.102
0.006079447229120433,0.009224308196820167,0.045,0.0,0.1105
0.0060797506299329115,0.009475939535493288,0.045,0.0,0.119
0.006027103345676793,0.009769802476119206,0.045,0.0,0.1275
0.007668566649738327,0.008740455186153673,0.045,0.0,0.136
0.008216278812233278,0.009365322287413727,0.045,0.0,0.1445
0.009722996912808295,0.0169507512410177,0.045,0.0,0.153
0.12530715642834994,0.25495921182864306,0.045,0.0,0.1615
-701399.7696730692,701583.8312143588,0.045,0.0,0.17
-199.55518273932805,209.504731679682,0.0454568645048494,0.0454568645048494,0.0
0.006140437000670939,0.00814016202877606,0.0454568645048494,0.0454568645048494,0.008095238095238
0.004969978824878109,0.00609148531932249,0.0454568645048494,0.0454568645048494,0.0161904761904762
0.004798354570951208,0.0056289963597349925,0.0454568645048494,0.0454568645048494,0.0242857142857142
0.004762111078709464,0.005080482883186336,0.0454568645048494,0.0454568645048494,0.0323809523809523
0.00475740250280944,0.00487586373820656,0.0454568645048494,0.0454568645048494,0.0404761904761904
0.00471096983559083,0.00480211842936557,0.0454568645048494,0.0454568645048494,0.0485714285714285
0.004385709375243539,0.004625655664152061,0.0454568645048494,0.0454568645048494,0.0566666666666666
0.004115919767029197,0.004490818977117003,0.0454568645048494,0.0454568645048494,0.0647619047619047
0.0033157591824148035,0.004215538236729197,0.0454568645048494,0.0454568645048494,0.0728571428571428
0.0022992883599165944,0.004059749533102005,0.0454568645048494,0.0454568645048494,0.0809523809523809
0.001877946820907061,0.003968145009010339,0.0454568645048494,0.0454568645048494,0.089047619047619
0.0011549098464845855,0.003976527717027015,0.0454568645048494,0.0454568645048494,0.0971428571428571
0.0009005380054959049,0.004029380981223095,0.0454568645048494,0.0454568645048494,0.1052380952380952
0.0009424518114715934,0.004077439310188607,0.0454568645048494,0.0454568645048494,0.1133333333333333
0.0013772641936026125,0.004144959820579987,0.0454568645048494,0.0454568645048494,0.1214285714285714
0.001664973627751186,0.0042104763252700135,0.0454568645048494,0.0454568645048494,0.1295238095238095
0.0023206634467310364,0.004260341353395764,0.0454568645048494,0.0454568645048494,0.1376190476190476
0.005159035974968469,0.005701981264862931,0.0454568645048494,0.0454568645048494,0.1457142857142857
0.012700205620307142,0.028864615227751456,0.0454568645048494,0.0454568645048494,0.1538095238095238
0.20641490798827158,0.2659659347277135,0.0454568645048494,0.0454568645048494,0.1619047619047619
-389917.05917011993,390057.7809578881,0.0454568645048494,0.0454568645048494,0.17
-140.62629561387476,143.41217964949746,0.050241797610623,-0.0502417976106231,0.0
0.0045509404970074325,0.005178709693821614,0.050241797610623,-0.0502417976106231,0.0089473684210526
0.004659611622817514,0.005306401232654086,0.050241797610623,-0.0502417976106231,0.0178947368421052
0.004713937201402167,0.005781349375123632,0.050241797610623,-0.0502417976106231,0.0268421052631579
0.004744759637827201,0.0060279371464684,0.050241797610623,-0.0502417976106231,0.0357894736842105
0.004727534486607602,0.006069367584997999,0.050241797610623,-0.0502417976106231,0.0447368421052631
0.0046885449956473885,0.005945724963480411,0.050241797610623,-0.0502417976106231,0.0536842105263157
0.004590918028192439,0.005623224789796762,0.050241797610623,-0.0502417976106231,0.0626315789473684
0.004428846376015617,0.005249589621182983,0.050241797610623,-0.0502417976106231,0.071578947368421
0.004276147879099805,0.004863908745897995,0.050241797610623,-0.0502417976106231,0.0805263157894736
0.004233370127439282,0.004733386273631118,0.050241797610623,-0.0502417976106231,0.0894736842105263
0.0042030451027389466,0.004601769979533451,0.050241797610623,-0.0502417976106231,0.0984210526315789
0.004246767252915731,0.004704064402027668,0.050241797610623,-0.0502417976106231,0.1073684210526315
0.004408759336547924,0.0050141063061148764,0.050241797610623,-0.0502417976106231,0.1163157894736842
0.0046357023969642,0.005477725610498,0.050241797610623,-0.0502417976106231,0.1252631578947368
0.004953526113569831,0.0056005036453821684,0.050241797610623,-0.0502417976106231,0.1342105263157895
0.00626559709052273,0.00716487665816467,0.050241797610623,-0.0502417976106231,0.1431578947368421
0.025197767184701392,0.026232345614588207,0.050241797610623,-0.0502417976106231,0.1521052631578947
0.15722102636371882,0.21677192814517338,0.050241797610623,-0.0502417976106231,0.1610526315789473
-109359.5881395716,109478.03820408366,0.050241797610623,-0.0502417976106231,0.17
-174.72964040995947,184.7472088113808,0.0555583899503715,0.0555583899503716,0.0
0.006328256261313855,0.008365849830869345,0.0555583899503715,0.0555583899503716,0.008095238095238
0.005364933881732601,0.006141903935075599,0.0555583899503715,0.0555583899503716,0.0161904761904762
0.005153925412232627,0.005586327049828973,0.0555583899503715,0.0555583899503716,0.0242857142857142
0.0046917257874347085,0.005103667232199691,0.0555583899503715,0.0555583899503716,0.0323809523809523
0.0038577768058523088,0.004997050213764091,0.0555583899503715,0.0555583899503716,0.0404761904761904
0.003329672608133198,0.004896776626302802,0.0555583899503715,0.0555583899503716,0.0485714285714285
0.0023412188467195525,0.004264300184273847,0.0555583899503715,0.0555583899503716,0.0566666666666666
0.0015875066325123604,0.00412383068348824,0.0555583899503715,0.0555583899503716,0.0647619047619047
0.00012763686638391858,0.004069100303473081,0.0555583899503715,0.0555583899503716,0.0728571428571428
-0.00041747571774027633,0.003765442799728476,0.0555583899503715,0.0555583899503716,0.0809523809523809
-0.00032149020700663537,0.003491595319070435,0.0555583899503715,0.0555583899503716,0.089047619047619
-0.00032192725802430034,0.0034177541057037004,0.0555583899503715,0.0555583899503716,0.0971428571428571
-0.000244661025163828,0.003494634864381228,0.0555583899503715,0.0555583899503716,0.1052380952380952
-0.00024904950164454437,0.003616647255335745,0.0555583899503715,0.0555583899503716,0.1133333333333333
-5.577110077351413e-05,0.003759688051519314,0.0555583899503715,0.0555583899503716,0.1214285714285714
0.00016073488046379936,0.0038697879017172004,0.0555583899503715,0.0555583899503716,0.1295238095238095
0.0010563062424910413,0.003993503463382559,0.0555583899503715,0.0555583899503716,0.1376190476190476
0.005038096476456005,0.005474853296924996,0.0555583899503715,0.0555583899503716,0.1457142857142857
0.011009584338175301,0.0286456862657333,0.0555583899503715,0.0555583899503716,0.1538095238095238
0.1473103411941354,0.1908960284911644,0.0555583899503715,0.0555583899503716,0.1619047619047619
-121982.7729157328,122037.3718236531,0.0555583899503715,0.0555583899503716,0.17
-86.98608946636156,90.22324214724247,0.0599999999999999,0.0,0.0
0.009375308571674058,0.010547863980157942,0.0599999999999999,0.0,0.0085
0.008237925322876455,0.009386779632523747,0.0599999999999999,0.0,0.0169999999999999
0.007357494264323968,0.007988303694637232,0.0599999999999999,0.0,0.0254999999999999
0.0070684667328602575,0.007246483677295742,0.0599999999999999,0.0,0.034
0.005735814403592029,0.006969704461836971,0.0599999999999999,0.0,0.0425
0.005670692609787069,0.006166712718099131,0.0599999999999999,0.0,0.051
0.005478577360089565,0.006212233589937835,0.0599999999999999,0.0,0.0594999999999999
0.005412283574096824,0.006307296440147776,0.0599999999999999,0.0,0.068
0.005516881659836755,0.006393746084897243,0.0599999999999999,0.0,0.0764999999999999
0.005573413900770968,0.006438231802259431,0.0599999999999999,0.0,0.085
0.005694070062483156,0.006503014487020043,0.0599999999999999,0.0,0.0935
0.005798982800984276,0.0065642518354933265,0.0599999999999999,0.0,0.102
0.005908227251294086,0.006654618717577314,0.0599999999999999,0.0,0.1105
0.005154330709780151,0.007543155631518851,0.0599999999999999,0.0,0.119
0.005458767218600309,0.007601329313024691,0.0599999999999999,0.0,0.1275
0.005881364960284302,0.007667196947213498,0.0599999999999999,0.0,0.136
0.00598755390306782,0.008034901173357782,0.0599999999999999,0.0,0.1445
0.010003354133633683,0.021479720243554514,0.0599999999999999,0.0,0.153
0.20490468669171882,0.2412969796424854,0.0599999999999999,0.0,0.1615
-60157.669166434134,60224.588636199245,0.0599999999999999,0.0,0.17
-65.38162336777837,69.14503840085378,0.0614066415240949,-0.0614066415240949,0.0
0.005347996404860052,0.005759071484182147,0.0614066415240949,-0.0614066415240949,0.0089473684210526
0.005229501980427193,0.006542506822462408,0.0614066415240949,-0.0614066415240949,0.0178947368421052
0.005391621996972725,0.007091034704438473,0.0614066415240949,-0.0614066415240949,0.0268421052631579
0.005534178676382756,0.007309820489146643,0.0614066415240949,-0.0614066415240949,0.0357894736842105
0.0055667799367540086,0.007305342291589592,0.0614066415240949,-0.0614066415240949,0.0447368421052631
0.005534060107338539,0.0070523773181232615,0.0614066415240949,-0.0614066415240949,0.0536842105263157
0.0054197408017770685,0.006421615387604531,0.0614066415240949,-0.0614066415240949,0.0626315789473684
0.00514538629012947,0.00563419110280293,0.0614066415240949,-0.0614066415240949,0.071578947368421
0.00476712622160804,0.004890227858323761,0.0614066415240949,-0.0614066415240949,0.0805263157894736
0.004497152949050336,0.004661544902130065,0.0614066415240949,-0.0614066415240949,0.0894736842105263
0.0041788630845062315,0.004207414509623768,0.0614066415240949,-0.0614066415240949,0.0984210526315789
0.003915867255706762,0.0040419050677818385,0.0614066415240949,-0.0614066415240949,0.1073684210526315
0.003899678272303793,0.003992391893694805,0.0614066415240949,-0.0614066415240949,0.1163157894736842
0.004098818494102096,0.0042102794565059025,0.0614066415240949,-0.0614066415240949,0.1252631578947368
0.0043747656787699925,0.004464006611109607,0.0614066415240949,-0.0614066415240949,0.1342105263157895
0.0053878309885165825,0.007136197142137018,0.0614066415240949,-0.0614066415240949,0.1431578947368421
0.02071441961683908,0.025083847603191118,0.0614066415240949,-0.0614066415240949,0.1521052631578947
0.11030969881385086,0.14676133532413635,0.0614066415240949,-0.0614066415240949,0.1610526315789473
-63992.95110703473,64039.933331555796,0.0614066415240949,-0.0614066415240949,0.17
-118.53707782659383,128.52553119994388,0.0656599153958937,0.0656599153958937,0.0
0.006796411367986202,0.008706780153642396,0.0656599153958937,0.0656599153958937,0.008095238095238
0.0059517241250401825,0.006371312965299217,0.0656599153958937,0.0656599153958937,0.0161904761904762
0.005662466440609083,0.005842025847500318,0.0656599153958937,0.0656599153958937,0.0242857142857142
0.004670166845302001,0.005509639075864798,0.0656599153958937,0.0656599153958937,0.0323809523809523
0.0035319774710530546,0.0048334656228239455,0.0656599153958937,0.0656599153958937,0.0404761904761904
0.002609109792977694,0.004540454923806906,0.0656599153958937,0.0656599153958937,0.0485714285714285
0.0007160361871883531,0.0040275604667094475,0.0656599153958937,0.0656599153958937,0.0566666666666666
-0.00018678853877667997,0.004052033004513079,0.0656599153958937,0.0656599153958937,0.0647619047619047
-0.0007095977046087637,0.0035258080046117633,0.0656599153958937,0.0656599153958937,0.0728571428571428
-0.0008615749298836988,0.0032412568983648986,0.0656599153958937,0.0656599153958937,0.0809523809523809
-0.0008682761935720944,0.0031608706537346945,0.0656599153958937,0.0656599153958937,0.089047619047619
-0.0009019849991516995,0.0031606657450758994,0.0656599153958937,0.0656599153958937,0.0971428571428571
-0.0007014328214177098,0.0032019560325619095,0.0656599153958937,0.0656599153958937,0.1052380952380952
-0.0005290357645013441,0.0032760829903603446,0.0656599153958937,0.0656599153958937,0.1133333333333333
-0.0002005927755446349,0.003384952858624635,0.0656599153958937,0.0656599153958937,0.1214285714285714
-8.978456133481661e-05,0.0034805111530876167,0.0656599153958937,0.0656599153958937,0.1295238095238095
0.0005358350404755516,0.0036186415640662483,0.0656599153958937,0.0656599153958937,0.1376190476190476
0.005240236445328074,0.005319758003513126,0.0656599153958937,0.0656599153958937,0.1457142857142857
0.011502173654961551,0.026327336931400252,0.0656599153958937,0.0656599153958937,0.1538095238095238
0.10466194615091626,0.14078165286626254,0.0656599153958937,0.0656599153958937,0.1619047619047619
-107851.84226502663,107884.41527069577,0.0656599153958937,0.0656599153958937,0.17
-11.251950599090614,16.76589478865936,0.0725714854375666,-0.0725714854375667,0.0
0.0061751786181051815,0.007236591332363219,0.0725714854375666,-0.0725714854375667,0.0089473684210526
0.006299396032979532,0.00792095854128167,0.0725714854375666,-0.0725714854375667,0.0178947368421052
0.006533921522870337,0.008468361699802463,0.0725714854375666,-0.0725714854375667,0.0268421052631579
0.006751510237321923,0.008725466356304877,0.0725714854375666,-0.0725714854375667,0.0357894736842105
0.006932833121214598,0.008572955732931204,0.0725714854375666,-0.0725714854375667,0.0447368421052631
0.00680327052050643,0.00814384215548297,0.0725714854375666,-0.0725714854375667,0.0536842105263157
0.006497557542769848,0.006966017749945752,0.0725714854375666,-0.0725714854375667,0.0626315789473684
0.005305873318615864,0.0060732123363307355,0.0725714854375666,-0.0725714854375667,0.071578947368421
0.003974146660895061,0.005507013024731738,0.0725714854375666,-0.0725714854375667,0.0805263157894736
0.003645851568505231,0.005136816282995969,0.0725714854375666,-0.0725714854375667,0.0894736842105263
0.003216732268555728,0.004640109979159672,0.0725714854375666,-0.0725714854375667,0.0984210526315789
0.0030871546113517144,0.004212771456453485,0.0725714854375666,-0.0725714854375667,0.1073684210526315
0.0030768950917519416,0.003927107323776859,0.0725714854375666,-0.0725714854375667,0.1163157894736842
0.0035038503902684167,0.003706324205819983,0.0725714854375666,-0.0725714854375667,0.1252631578947368
0.003472402024298762,0.004186679821842238,0.0725714854375666,-0.0725714854375667,0.1342105263157895
0.004088790549939006,0.007866073324294794,0.0725714854375666,-0.0725714854375667,0.1431578947368421
0.012563915183101165,0.03128788140067183,0.0725714854375666,-0.0725714854375667,0.1521052631578947
0.07445612930475688,0.10832464990546993,0.0725714854375666,-0.0725714854375667,0.1610526315789473
0.12396653004159958,0.14485615465989482,0.0725714854375666,-0.0725714854375667,0.17
-136.21798696981136,138.52223994119998,0.0749999999999999,0.0,0.0
0.000922132919228645,0.005567812611194555,0.0749999999999999,0.0,0.0085
0.0015972439432294838,0.005060305270574716,0.0749999999999999,0.0,0.0169999999999999
0.001719984426012947,0.005020662669493853,0.0749999999999999,0.0,0.0254999999999999
0.00191043644697405,0.00495550271071655,0.0749999999999999,0.0,0.034
0.0026613071301036474,0.005016975268771153,0.0749999999999999,0.0,0.0425
0.003943899958724722,0.005201263178626276,0.0749999999999999,0.0,0.051
0.004692354965363458,0.005051500943174743,0.0749999999999999,0.0,0.0594999999999999
0.004987593795451532,0.005225120823239068,0.0749999999999999,0.0,0.068
0.004545121858909539,0.005264295324668661,0.0749999999999999,0.0,0.0764999999999999
0.004148189132651697,0.005258547424330302,0.0749999999999999,0.0,0.085
0.0033904327790559114,0.005182671372890688,0.0749999999999999,0.0,0.0935
0.0028045215788584984,0.005130502168269702,0.0749999999999999,0.0,0.102
0.0023898426244557186,0.005171538826678681,0.0749999999999999,0.0,0.1105
0.002198364688366829,0.0052656396835237705,0.0749999999999999,0.0,0.119
0.002105212052626064,0.0053770234333527355,0.0749999999999999,0.0,0.1275
0.0027431247713227253,0.005605037254559275,0.0749999999999999,0.0,0.136
0.0026253412137834287,0.007338999985573571,0.0749999999999999,0.0,0.1445
0.0061965463800212495,0.02584595590796395,0.0749999999999999,0.0,0.153
0.11787703873020511,0.1359543284672285,0.0749999999999999,0.0,0.1615
-52987.34506442171,53085.80754261708,0.0749999999999999,0.0,0.17
-109.73291073557844,114.63377137835566,0.0757614408414157,0.0757614408414158,0.0
0.007439339103338841,0.00952978042945336,0.0757614408414157,0.0757614408414158,0.008095238095238
0.0067647276354566846,0.007477079991737715,0.0757614408414157,0.0757614408414158,0.0161904761904762
0.00644400935576021,0.007146205170270989,0.0757614408414157,0.0757614408414158,0.0242857142857142
0.00613979841667825,0.006315356475798351,0.0757614408414157,0.0757614408414158,0.0323809523809523
0.005132341987195545,0.005502263603208054,0.0757614408414157,0.0757614408414158,0.0404761904761904
0.004087618396901445,0.005214652299576955,0.0757614408414157,0.0757614408414158,0.0485714285714285
0.0020585734347730376,0.004341470894816362,0.0757614408414157,0.0757614408414158,0.0566666666666666
0.0015536926966507674,0.0036194381280010325,0.0757614408414157,0.0757614408414158,0.0647619047619047
0.0005256374525289184,0.003048254166993482,0.0757614408414157,0.0757614408414158,0.0728571428571428
-4.759464159054499e-05,0.0029022872520555448,0.0757614408414157,0.0757614408414158,0.0809523809523809
-0.0003579046295127256,0.0030477627339007256,0.0757614408414157,0.0757614408414158,0.089047619047619
-0.0007934341902910171,0.0033699685097860164,0.0757614408414157,0.0757614408414158,0.0971428571428571
-0.000710362818124905,0.0034076348920861047,0.0757614408414157,0.0757614408414158,0.1052380952380952
-0.00044679657762896545,0.0032828091966511644,0.0757614408414157,0.0757614408414158,0.1133333333333333
-0.00014467815803173795,0.003319789418979938,0.0757614408414157,0.0757614408414158,0.1214285714285714
5.440520188610288e-06,0.00335203089408359,0.0757614408414157,0.0757614408414158,0.1295238095238095
0.0004660409794645453,0.0035844709549694553,0.0757614408414157,0.0757614408414158,0.1376190476190476
0.005553150014443949,0.008350652764844846,0.0757614408414157,0.0757614408414158,0.1457142857142857
0.015832696657813478,0.03295410606374272,0.0757614408414157,0.0757614408414158,0.1538095238095238
0.07829010762576259,0.1014291075754052,0.0757614408414157,0.0757614408414158,0.1619047619047619
0.10229924169701342,0.11822354249834559,0.0757614408414157,0.0757614408414158,0.17
-19.04091966528906,22.17850177325503,0.0837363293510385,-0.0837363293510385,0.0
0.007234105021348216,0.008678002473396385,0.0837363293510385,-0.0837363293510385,0.0089473684210526
0.007591367308248548,0.009836084028014851,0.0837363293510385,-0.0837363293510385,0.0178947368421052
0.007936851727931744,0.010428661979876453,0.0837363293510385,-0.0837363293510385,0.0268421052631579
0.008253211993591119,0.010760411134266682,0.0837363293510385,-0.0837363293510385,0.0357894736842105
0.008570216558968247,0.010568527129645953,0.0837363293510385,-0.0837363293510385,0.0447368421052631
0.008420584976243048,0.010226734102664557,0.0837363293510385,-0.0837363293510385,0.0536842105263157
0.008031677112144817,0.008725031942201382,0.0837363293510385,-0.0837363293510385,0.0626315789473684
0.006237205076926065,0.007379752769646334,0.0837363293510385,-0.0837363293510385,0.071578947368421
0.004036745213645578,0.006491195116357823,0.0837363293510385,-0.0837363293510385,0.0805263157894736
0.0034763273260627753,0.005874202700743422,0.0837363293510385,-0.0837363293510385,0.0894736842105263
0.0025764748947882552,0.005196175127798739,0.0837363293510385,-0.0837363293510385,0.0984210526315789
0.0022173723097648557,0.004693364896027544,0.0837363293510385,-0.0837363293510385,0.1073684210526315
0.002154760488774731,0.004267275689774269,0.0837363293510385,-0.0837363293510385,0.1163157894736842
0.0023494660590717246,0.004200708410423476,0.0837363293510385,-0.0837363293510385,0.1252631578947368
0.0016696277383911908,0.00553871288663201,0.0837363293510385,-0.0837363293510385,0.1342105263157895
0.0011478319251520585,0.012868878707066943,0.0837363293510385,-0.0837363293510385,0.1431578947368421
0.02084122972370845,0.03229443925104154,0.0837363293510385,-0.0837363293510385,0.1521052631578947
0.056779129996993874,0.07860379423297033,0.0837363293510385,-0.0837363293510385,0.1610526315789473
0.06629381519643107,0.08231954533812272,0.0837363293510385,-0.0837363293510385,0.17
-44.71706022532412,48.2566900784535,0.0858629662869379,0.0858629662869379,0.0
0.008189497170664672,0.010429887532681129,0.0858629662869379,0.0858629662869379,0.008095238095238
0.008007993282978128,0.009681943821402871,0.0858629662869379,0.0858629662869379,0.0161904761904762
0.007781701161966132,0.009428930683868667,0.0858629662869379,0.0858629662869379,0.0242857142857142
0.00761123966622042,0.008707916165645981,0.0858629662869379,0.0858629662869379,0.0323809523809523
0.007211132512592642,0.008030988778573358,0.0858629662869379,0.0858629662869379,0.0404761904761904
0.007017720161207876,0.007399418016523923,0.0858629662869379,0.0858629662869379,0.0485714285714285
0.005391451673098884,0.006584934080544716,0.0858629662869379,0.0858629662869379,0.0566666666666666
0.0045568068391949376,0.005988465629948063,0.0858629662869379,0.0858629662869379,0.0647619047619047
0.003062655438994125,0.004855941834252876,0.0858629662869379,0.0858629662869379,0.0728571428571428
0.0018833549376795701,0.0040475466318750306,0.0858629662869379,0.0858629662869379,0.0809523809523809
0.0016505815480222104,0.0035462599429909813,0.0858629662869379,0.0858629662869379,0.089047619047619
0.0008252754915071688,0.003403271214818231,0.0858629662869379,0.0858629662869379,0.0971428571428571
0.0003562847233596828,0.0034761072898235176,0.0858629662869379,0.0858629662869379,0.1052380952380952
0.00027317993747833923,0.0035283349038472455,0.0858629662869379,0.0858629662869379,0.1133333333333333
0.000379332522719422,0.003657798259547369,0.0858629662869379,0.0858629662869379,0.1214285714285714
0.00040884370431339525,0.003985542077916411,0.0858629662869379,0.0858629662869379,0.1295238095238095
0.0002521566725448886,0.007424602442419311,0.0858629662869379,0.0858629662869379,0.1376190476190476
0.018540173617770616,0.018937358124793583,0.0858629662869379,0.0858629662869379,0.1457142857142857
0.03679208091903759,0.03866856775236602,0.0858629662869379,0.0858629662869379,0.1538095238095238
0.05686576829941192,0.06689305366530728,0.0858629662869379,0.0858629662869379,0.1619047619047619
0.04964713394285487,0.06271985757233192,0.0858629662869379,0.0858629662869379,0.17
-156.2628753601607,157.896846927125,0.0899999999999999,0.0,0.0
0.0016021822603279252,0.004797873863107274,0.0899999999999999,0.0,0.0085
0.002310445620081145,0.004348211427987255,0.0899999999999999,0.0,0.0169999999999999
0.0033845722226048475,0.004230636515687552,0.0899999999999999,0.0,0.0254999999999999
0.004246371845617739,0.004517858058625662,0.0899999999999999,0.0,0.034
0.005169767039373152,0.006286213036222448,0.0899999999999999,0.0,0.0425
0.00560508583371511,0.0071399956358184895,0.0899999999999999,0.0,0.051
0.005659239388751545,0.007001018447308854,0.0899999999999999,0.0,0.0594999999999999
0.005556694186974603,0.005805773655517597,0.0899999999999999,0.0,0.068
0.004057722895823585,0.005308113687821617,0.0899999999999999,0.0,0.0764999999999999
0.0032974258842845784,0.005159184885986022,0.0899999999999999,0.0,0.085
0.002083016459579974,0.005085303700931426,0.0899999999999999,0.0,0.0935
0.0014864377496829845,0.005056166942605017,0.0899999999999999,0.0,0.102
0.0017387255330138457,0.0045786983805621555,0.0899999999999999,0.0,0.1105
0.001677770963377368,0.004565600810572232,0.0899999999999999,0.0,0.119
0.0015479505754100204,0.00454545500284458,0.0899999999999999,0.0,0.1275
0.0013437251281970093,0.004719302083374592,0.0899999999999999,0.0,0.136
0.0005780007134262941,0.006828985462269706,0.0899999999999999,0.0,0.1445
0.008620613985059401,0.021614114467041198,0.0899999999999999,0.0,0.153
0.0833092580004652,0.08498693381267962,0.0899999999999999,0.0,0.1615
-9124.255561451975,9141.171168011368,0.0899999999999999,0.0,0.17
-2.7036989242747484,5.440620184856206,0.0949011732645103,-0.0949011732645103,0.0
0.008470203326999066,0.009504240216962445,0.0949011732645103,-0.0949011732645103,0.0089473684210526
0.009694505122496918,0.012109123511652484,0.0949011732645103,-0.0949011732645103,0.0178947368421052
0.010515399319213864,0.012952807112367537,0.0949011732645103,-0.0949011732645103,0.0268421052631579
0.010813041963868043,0.013470045832694868,0.0949011732645103,-0.0949011732645103,0.0357894736842105
0.011400574964452473,0.013077085664762983,0.0949011732645103,-0.0949011732645103,0.0447368421052631
0.011818626427110675,0.012672813296484724,0.0949011732645103,-0.0949011732645103,0.0536842105263157
0.01182954187082655,0.01217366133574545,0.0949011732645103,-0.0949011732645103,0.0626315789473684
0.011039210132531127,0.011744309859871868,0.0949011732645103,-0.0949011732645103,0.071578947368421
0.009106020441769714,0.011544682441737085,0.0949011732645103,-0.0949011732645103,0.0805263157894736
0.007913134585792143,0.011356184699156457,0.0949011732645103,-0.0949011732645103,0.0894736842105263
0.004899002740184428,0.011187766306321418,0.0949011732645103,-0.0949011732645103,0.0984210526315789
0.002205248237376586,0.011115675235927859,0.0949011732645103,-0.0949011732645103,0.1073684210526315
0.0007238780595613019,0.011366242869516908,0.0949011732645103,-0.0949011732645103,0.1163157894736842
0.0015250981815843247,0.012001062529151875,0.0949011732645103,-0.0949011732645103,0.1252631578947368
0.0020448718740645666,0.013970971327690433,0.0949011732645103,-0.0949011732645103,0.1342105263157895
0.009100129591260305,0.020181705429312094,0.0949011732645103,-0.0949011732645103,0.1431578947368421
0.03144354078863995,0.03324121930059645,0.0949011732645103,-0.0949011732645103,0.1521052631578947
0.040914059149579365,0.052658370168373034,0.0949011732645103,-0.0949011732645103,0.1610526315789473
0.037136529249479786,0.049024531924989234,0.0949011732645103,-0.0949011732645103,0.17
-0.04786472690558674,3.2797791306166078,0.09596449173246,0.09596449173246,0.0
0.009059317901257436,0.011671502868461964,0.09596449173246,0.09596449173246,0.008095238095238
0.010484018414474019,0.01495111271712738,0.09596449173246,0.09596449173246,0.0161904761904762
0.010926919195092245,0.014844719327293955,0.09596449173246,0.09596449173246,0.0242857142857142
0.011046958195088092,0.014152054130293587,0.09596449173246,0.09596449173246,0.0323809523809523
0.01113957463129954,0.013477147243828948,0.09596449173246,0.09596449173246,0.0404761904761904
0.011128517927459324,0.013445875706434277,0.09596449173246,0.09596449173246,0.0485714285714285
0.011103234303282342,0.013860951079169659,0.09596449173246,0.09596449173246,0.0566666666666666
0.011087407450471792,0.014209303123776208,0.09596449173246,0.09596449173246,0.0647619047619047
0.011119775499156753,0.014830035937803448,0.09596449173246,0.09596449173246,0.0728571428571428
0.011191141137184099,0.015138675578638901,0.09596449173246,0.09596449173246,0.0809523809523809
0.01110715363119602,0.015297877759044981,0.09596449173246,0.09596449173246,0.089047619047619
0.011168466254925374,0.015291947803666425,0.09596449173246,0.09596449173246,0.0971428571428571
0.011855725000330032,0.014879083365541591,0.09596449173246,0.09596449173246,0.1052380952380952
0.012474038029664647,0.014666789616462774,0.09596449173246,0.09596449173246,0.1133333333333333
0.013679495370412662,0.015411391751863339,0.09596449173246,0.09596449173246,0.1214285714285714
0.014256438970274423,0.016852657346020577,0.09596449173246,0.09596449173246,0.1295238095238095
0.01855197229585042,0.02139734796362929,0.09596449173246,0.09596449173246,0.1376190476190476
0.02607485472173881,0.036037567648987884,0.09596449173246,0.09596449173246,0.1457142857142857
0.033468279724085774,0.04086013662874182,0.09596449173246,0.09596449173246,0.1538095238095238
0.03742333948109639,0.045239160674538,0.09596449173246,0.09596449173246,0.1619047619047619
0.02974262901180388,0.041737855118530856,0.09596449173246,0.09596449173246,0.17
-6.53041583538861,8.68483920696197,0.105,0.0,0.0
0.002244067849077122,0.004654908349076893,0.105,0.0,0.0085
0.0031767045904028063,0.004375371653038594,0.105,0.0,0.0169999999999999
0.004756372551953918,0.005690923787200482,0.105,0.0,0.0254999999999999
0.005328376389974247,0.007113048094620754,0.105,0.0,0.034
0.006034575923883922,0.00883824872474348,0.105,0.0,0.0425
0.006442917032300054,0.008494677484078346,0.105,0.0,0.051
0.0065635576898478735,0.007776514462285527,0.105,0.0,0.0594999999999999
0.0057751661986093225,0.006373726388672678,0.105,0.0,0.068
0.0031918211137427354,0.005920788763506464,0.105,0.0,0.0764999999999999
0.0023221376169916107,0.00544558549232099,0.105,0.0,0.085
0.0013098683532456544,0.004897085761098346,0.105,0.0,0.0935
0.0011424426108406324,0.004473346207325167,0.105,0.0,0.102
0.0011644489033971913,0.004124467863294608,0.105,0.0,0.1105
0.0011089429160816785,0.004026360234533722,0.105,0.0,0.119
0.0006852917657003011,0.004163630923475099,0.105,0.0,0.1275
0.0010229856429170804,0.0045585341922129196,0.105,0.0,0.136
0.002064713441997669,0.006484396644439727,0.105,0.0,0.1445
0.015301164852829268,0.02320176496859273,0.105,0.0,0.153
0.05713723269469314,0.06079990375050586,0.105,0.0,0.1615
0.05524454010381198,0.08326472914428783,0.105,0.0,0.17
-8.989567936319286,11.525428521653218,0.1060660171779821,-0.1060660171779821,0.0
-7.012531884848114,9.453298053679168,0.1060660171779821,-0.1060660171779821,0.0089473684210526
-57.592844811827064,66.06307917889475,0.1060660171779821,-0.1060660171779821,0.0178947368421052
-57.891342432619126,67.72572541338668,0.1060660171779821,-0.1060660171779821,0.0268421052631579
-0.1927492992224824,11.640119524299244,0.1060660171779821,-0.1060660171779821,0.0357894736842105
-0.9878715020318181,13.219911729645688,0.1060660171779821,-0.1060660171779821,0.0447368421052631
-3.3389842021667935,17.029596649527036,0.1060660171779821,-0.1060660171779821,0.0536842105263157
-6.597157106180608,21.571694281323097,0.1060660171779821,-0.1060660171779821,0.0626315789473684
-9.840452027864309,25.958492347205286,0.1060660171779821,-0.1060660171779821,0.071578947368421
-6.814465385747376,23.74474940360214,0.1060660171779821,-0.1060660171779821,0.0805263157894736
-6.311991911906896,23.510123218437244,0.1060660171779821,-0.1060660171779821,0.0894736842105263
-1.8023385272843075,19.415686385290847,0.1060660171779821,-0.1060660171779821,0.0984210526315789
2.3514267571242247,15.611769855120373,0.1060660171779821,-0.1060660171779821,0.1073684210526315
3.1934121949718195,15.361021718770274,0.1060660171779821,-0.1060660171779821,0.1163157894736842
0.7843672900223879,19.05559757440087,0.1060660171779821,-0.1060660171779821,0.1252631578947368
4.5426462371261715,16.655717865549494,0.1060660171779821,-0.1060660171779821,0.1342105263157895
10.003001633832696,15.196913337034616,0.1060660171779821,-0.1060660171779821,0.1431578947368421
-2.31479575341263,31.475144180888044,0.1060660171779821,-0.1060660171779821,0.1521052631578947
-20.675947705964155,50.243565993162,0.1060660171779821,-0.1060660171779821,0.1610526315789473
-12.003914245128655,35.046518274504145,0.1060660171779821,-0.1060660171779821,0.17
-0.8903279086821918,5.371181779072754,0.1060660171779821,0.1060660171779821,0.0
-6.494066139639887,10.273776675232455,0.1060660171779821,0.1060660171779821,0.008095238095238
-22.08712506688139,30.379371719025904,0.1060660171779821,0.1060660171779821,0.0161904761904762
-3.514990987037276,12.485372785531368,0.1060660171779821,0.1060660171779821,0.0242857142857142
0.23502310449279307,10.344467737829122,0.1060660171779821,0.1060660171779821,0.0323809523809523
-9.85043685913064,21.809225328508376,0.1060660171779821,0.1060660171779821,0.0404761904761904
-22.544346688788536,35.11632263612292,0.1060660171779821,0.1060660171779821,0.0485714285714285
-36.85731564184878,50.47689830070272,0.1060660171779821,0.1060660171779821,0.0566666666666666
-40.666320325469876,54.74148284230143,0.1060660171779821,0.1060660171779821,0.0647619047619047
-42.61919699760707,57.47294594501546,0.1060660171779821,0.1060660171779821,0.0728571428571428
-35.603069302756715,51.01237295305929,0.1060660171779821,0.1060660171779821,0.0809523809523809
-36.741206854375804,52.342848640962146,0.1060660171779821,0.1060660171779821,0.089047619047619
-21.485771862775753,37.354705532619064,0.1060660171779821,0.1060660171779821,0.0971428571428571
-7.4040704401145145,23.50370607628689,0.1060660171779821,0.1060660171779821,0.1052380952380952
2.1003102205046265,14.20954613722771,0.1060660171779821,0.1060660171779821,0.1133333333333333
3.133883990234736,14.052783637418415,0.1060660171779821,0.1060660171779821,0.1214285714285714
1.295669301715347,16.79121504027924,0.1060660171779821,0.1060660171779821,0.1295238095238095
-15.985850566775627,37.86325364577709,0.1060660171779821,0.1060660171779821,0.1376190476190476
-78.87401551164876,105.42007621546162,0.1060660171779821,0.1060660171779821,0.1457142857142857
-139.23254498270808,167.44603211290848,0.1060660171779821,0.1060660171779821,0.1538095238095238
-224.13815431143576,252.47660352461588,0.1060660171779821,0.1060660171779821,0.1619047619047619
0.37685491473971133,20.787141508029684,0.1060660171779821,0.1060660171779821,0.17
-17.506106197593667,18.74926851822967,0.12,0.0,0.0
0.0027085358265846785,0.004372088402045722,0.12,0.0,0.0085
0.003909839299740953,0.00462129371118845,0.12,0.0,0.0169999999999999
0.005571260515650985,0.007473427161358615,0.12,0.0,0.0254999999999999
0.0065707362401839975,0.008904015051557202,0.12,0.0,0.034
0.007664013060533641,0.010416995727642962,0.12,0.0,0.0425
0.008284044941216647,0.009657130661112553,0.12,0.0,0.051
0.008358364395577118,0.009061799421166085,0.12,0.0,0.0594999999999999
0.007804626275940335,0.008147511179667461,0.12,0.0,0.068
0.006173594353924138,0.007852124108330059,0.12,0.0,0.0764999999999999
0.005559583577853244,0.007301706738510355,0.12,0.0,0.085
0.003795502117249356,0.006623095889667643,0.12,0.0,0.0935
0.0024668754435000365,0.0059585625086933615,0.12,0.0,0.102
0.0020093278195282846,0.005251738388670313,0.12,0.0,0.1105
0.001956460593656719,0.005098604581646678,0.12,0.0,0.119
0.003177511620785583,0.005184923013131615,0.12,0.0,0.1275
0.006862381353299865,0.009491037707902734,0.12,0.0,0.136
0.012127763392323531,0.013539979465585463,0.12,0.0,0.1445
0.025937606975817967,0.03219822151146684,0.12,0.0,0.153
0.03755433998152154,0.04146427278820167,0.12,0.0,0.1615
0.02183101489748248,0.03458521296224493,0.12,0.0,0.17
-4.292709763158184,5.360222206208983,0.1349999999999999,0.0,0.0
0.0025730231865125634,0.00411516275431717,0.1349999999999999,0.0,0.0085
0.004020040223376729,0.0048818300707142714,0.1349999999999999,0.0,0.0169999999999999
0.006554776843052201,0.007507335787422681,0.1349999999999999,0.0,0.0254999999999999
0.008149217672206404,0.009098310974707995,0.1349999999999999,0.0,0.034
0.009149660111202168,0.012080210153623231,0.1349999999999999,0.0,0.0425
0.010436420885033406,0.011075435279397396,0.1349999999999999,0.0,0.051
0.010393617340738267,0.010654180375476533,0.1349999999999999,0.0,0.0594999999999999
0.009424639345609718,0.010528977288148481,0.1349999999999999,0.0,0.068
0.008962789434478181,0.010248556005999217,0.1349999999999999,0.0,0.0764999999999999
0.008831100723660005,0.010168286302527797,0.1349999999999999,0.0,0.085
0.008457927676300563,0.010167232713469037,0.1349999999999999,0.0,0.0935
0.007992403560302334,0.010216310096132393,0.1349999999999999,0.0,0.102
0.00783297919507246,0.010358140986408535,0.1349999999999999,0.0,0.1105
0.008268585076457785,0.010497347229401216,0.1349999999999999,0.0,0.119
0.011016515171220976,0.0113428708272863,0.1349999999999999,0.0,0.1275
0.01378033742576646,0.01813366548151564,0.1349999999999999,0.0,0.136
0.017770806391750125,0.02214830002512528,0.1349999999999999,0.0,0.1445
0.02473565765540878,0.03102177844442632,0.1349999999999999,0.0,0.153
0.01599574233505106,0.026068878854194937,0.1349999999999999,0.0,0.1615
0.006442014243760582,0.016728633051057817,0.1349999999999999,0.0,0.17
-2.69121046511503,3.344973113435594,0.1499999999999999,0.0,0.0
0.6051346855449474,0.9174380455506427,0.1499999999999999,0.0,0.0085
0.6081355513809892,0.9771710149196815,0.1499999999999999,0.0,0.0169999999999999
-8.420535953172044,9.88428218783847,0.1499999999999999,0.0,0.0254999999999999
-204.16535334044204,205.9731714304001,0.1499999999999999,0.0,0.034
-79.46161153863878,87.9776188969997,0.1499999999999999,0.0,0.0425
-169.7437045735835,179.84490804871024,0.1499999999999999,0.0,0.051
-272.953340139884,283.7287035842259,0.1499999999999999,0.0,0.0594999999999999
-205.22288275425964,217.0255819993038,0.1499999999999999,0.0,0.068
-23.247116434140995,35.837605085003155,0.1499999999999999,0.0,0.0764999999999999
-23.898586346919654,36.82656751958892,0.1499999999999999,0.0,0.085
-19.049062877367785,32.519731040341185,0.1499999999999999,0.0,0.0935
-10.783838891213025,24.733931264935862,0.1499999999999999,0.0,0.102
-3.973287947342933,18.621918514010467,0.1499999999999999,0.0,0.1105
-9.917556129257022,25.048521424318608,0.1499999999999999,0.0,0.119
-10.869766757052309,27.720151452115694,0.1499999999999999,0.0,0.1275
-43.16591624737859,62.45423895862852,0.1499999999999999,0.0,0.136
-64.38483829095104,84.30077728649506,0.1499999999999999,0.0,0.1445
-227.4997766587234,245.239254286307,0.1499999999999999,0.0,0.153
-831.5056162489968,843.3007491150777,0.1499999999999999,0.0,0.1615
-252.59867275183294,262.18481982336766,0.1499999999999999,0.0,0.17
